,2009,2010,2011,2012,2013,2014,2015,2016,2017,2018,2020,ups,downs,avg
01-02,3.703707519273088,4.672903651826002,27.586212566434515,-15.517247580745028,48.52071152001856,-57.812502037268146,-6.046505593299596,0.0,0.0,0.0,0.0,4.0,6.0,0.4642981860217629
01-03,3.703707519273088,2.857140262110586,27.586212566434515,-15.517247580745028,50.56818127940016,-50.74626347832236,-6.046505593299596,0.0,0.0,0.0,0.0,4.0,6.0,1.1277477249864873
01-04,-1.2987000923330156,2.857140262110586,27.586212566434515,-15.517247580745028,48.82353056673357,-50.88967464263088,-6.046505593299596,0.0,0.0,0.0,0.0,3.0,7.0,0.5013414078427408
01-05,-6.484635306242978,2.857140262110586,31.034485026573805,-15.517247580745028,52.571429525102886,-50.88967464263088,-6.046505593299596,0.0,0.0,0.0,0.0,3.0,7.0,0.684090153715345
01-06,-6.484635306242978,4.7619004368509765,33.79310710535025,-15.517247580745028,52.02312288093432,-57.0370257865583,-6.046505593299596,0.0,0.0,0.0,0.0,3.0,7.0,0.4993378323899675
01-07,-6.484635306242978,0.0,33.79310710535025,-15.517247580745028,52.571429525102886,-57.0370257865583,-6.046505593299596,0.0,0.0,0.0,0.0,2.0,8.0,0.11628385123702113
01-08,-6.484635306242978,0.0,31.034485026573805,-15.517247580745028,54.85714163099017,-57.0370257865583,-6.046505593299596,0.0,0.0,0.0,0.0,2.0,8.0,0.07329203551982454
01-09,-6.484635306242978,0.0,31.034485026573805,-19.642859613712943,54.85714163099017,-57.0370257865583,-6.046505593299596,0.0,0.0,0.0,0.0,2.0,8.0,-0.3017636038408949
01-10,-6.484635306242978,0.0,27.536231633670887,-19.642859613712943,54.85714163099017,-57.0370257865583,-6.046505593299596,0.0,0.0,0.0,0.0,2.0,8.0,-0.619786639559342
01-11,-6.484635306242978,0.0,27.536231633670887,-19.642859613712943,52.69460827790755,-57.0370257865583,-6.046505593299596,0.0,0.0,0.0,0.0,2.0,8.0,-0.8163805807486714
01-12,-6.484635306242978,0.0,27.536231633670887,-19.642859613712943,52.69460827790755,-57.0370257865583,-6.046505593299596,0.0,0.0,0.0,0.0,2.0,8.0,-0.8163805807486714
01-13,-11.604092369376948,0.0,23.91304667069617,-19.642859613712943,52.69460827790755,-57.0370257865583,-6.046505593299596,0.0,0.0,0.0,0.0,2.0,8.0,-1.6111662194858247
01-14,-11.604092369376948,0.0,20.28985306936711,-19.642859613712943,52.69460827790755,-57.0370257865583,-6.046505593299596,0.0,0.0,0.0,0.0,2.0,8.0,-1.940547455970285
01-15,-17.064846027576326,1.960782480441495,13.04347450506333,-19.642859613712943,52.69460827790755,-49.25926439392544,-6.046505593299596,0.0,0.0,0.0,0.0,3.0,7.0,-2.210419124100176
01-16,-11.604092369376948,-0.9803912402207475,9.090909090909092,-19.642859613712943,50.898202759302514,-56.80935075836129,-6.046505593299596,0.0,0.0,0.0,0.0,2.0,8.0,-3.1903716113418104
01-17,-11.469531814267976,3.738325149671712,9.090909090909092,-19.642859613712943,53.14285755157471,-64.48980128055106,-0.9302316297383819,0.0,0.0,0.0,0.0,3.0,7.0,-2.7782120496468043
01-18,-11.469531814267976,3.738325149671712,9.090909090909092,-19.642859613712943,49.41176528336678,-72.96138805868743,-0.9302316297383819,0.0,0.0,0.0,0.0,3.0,7.0,-3.8875465084053773
01-19,-11.469531814267976,3.738325149671712,12.121218141883054,-24.07407223442462,44.705884044145584,-72.96138805868743,-0.9302316297383819,0.0,0.0,0.0,0.0,3.0,7.0,-4.442708763765278
01-20,-11.469531814267976,-0.93457850215429,7.936509888789067,-24.07407223442462,44.705884044145584,-81.53153864287214,-0.9302316297383819,0.0,0.0,0.0,0.0,2.0,8.0,-6.027050808229341
01-21,-6.093192782018402,-1.8691570043085592,7.936509888789067,-24.07407223442462,44.705884044145584,-81.53153864287214,-5.5813897784303945,0.0,0.0,0.0,0.0,2.0,8.0,-6.046086955374495
01-22,-1.0752678064499148,-6.54204951508003,-0.8333325054910962,-28.846161781683765,44.705884044145584,-81.53153864287214,-5.5813897784303945,0.0,0.0,0.0,0.0,1.0,9.0,-7.245805089623795
01-23,-1.0752678064499148,-6.86275036873068,-0.8333325054910962,-28.846161781683765,42.35294167145724,-81.53153864287214,-10.73170896231742,0.0,0.0,0.0,0.0,1.0,9.0,-7.957074399644344
01-24,-1.0752678064499148,-6.86275036873068,-6.140355555304608,-28.846161781683765,42.35294167145724,-81.53153864287214,-10.73170896231742,0.0,0.0,0.0,0.0,1.0,9.0,-8.43953104053648
01-25,-1.0752678064499148,-1.8691570043085592,-11.40350849674679,-28.846161781683765,42.011835154296314,-72.52251686247602,-10.73170896231742,0.0,0.0,0.0,0.0,1.0,9.0,-7.676044159971469
01-26,-1.0752678064499148,1.8691681453631321,-16.666671895144344,-28.846161781683765,42.35294167145724,-72.52251686247602,-10.73170896231742,0.0,0.0,0.0,0.0,2.0,8.0,-7.783656135568282
01-27,-1.0752678064499148,1.8691681453631321,-21.929824836586544,-28.846161781683765,42.35294167145724,-72.52251686247602,-10.73170896231742,0.0,0.0,0.0,0.0,2.0,8.0,-8.2621245847903
01-28,-1.0752678064499148,6.2500046566128535,-21.848737643807468,-28.846161781683765,42.35294167145724,-72.52251686247602,-10.73170896231742,0.0,0.0,0.0,0.0,2.0,8.0,-7.856495157151318
01-29,-1.0752678064499148,4.347822030685715,-21.848737643807468,-34.00000333786011,42.35294167145724,-72.52251686247602,-10.73170896231742,0.0,0.0,0.0,0.0,2.0,8.0,-8.497951900978906
01-30,-1.0752678064499148,8.333334989017844,-21.848737643807468,-34.00000333786011,42.35294167145724,-63.963966576293174,-10.73170896231742,0.0,0.0,0.0,0.0,2.0,8.0,-7.35758251511391
01-31,3.9426486236497187,12.698410145429659,-21.848737643807468,-34.00000333786011,42.35294167145724,-55.85585556559709,-5.36586029624614,0.0,0.0,0.0,0.0,3.0,7.0,-5.279677854815835
02-01,3.9426486236497187,12.698410145429659,-21.848737643807468,-34.00000333786011,41.71428680419922,-48.198194569963285,-5.36586029624614,0.0,0.0,0.0,0.0,3.0,7.0,-4.641586388599855
02-02,3.9426486236497187,12.698410145429659,-21.848737643807468,-34.00000333786011,41.71428680419922,-48.198194569963285,-5.36586029624614,0.0,0.0,0.0,0.0,3.0,7.0,-4.641586388599855
02-03,8.602150997068234,11.904760102656228,-16.935486817086996,-34.00000333786011,41.71428680419922,-48.198194569963285,-5.36586029624614,0.0,0.0,0.0,0.0,3.0,7.0,-3.8434861015666226
02-04,8.602150997068234,11.904760102656228,-16.935486817086996,-34.00000333786011,41.71428680419922,-48.198194569963285,-5.36586029624614,0.0,0.0,0.0,0.0,3.0,7.0,-3.8434861015666226
02-05,12.90322222286791,15.909093166842517,-16.935486817086996,-34.00000333786011,38.85713985988072,-40.99099432896719,-5.36586029624614,0.0,0.0,0.0,0.0,3.0,7.0,-2.692989957324481
02-06,8.602150997068234,18.84057908417722,-16.935486817086996,-34.00000333786011,35.999999727521626,-40.99099432896719,2.272725056025635,0.0,0.0,0.0,0.0,4.0,6.0,-2.382820874465598
02-07,4.135343231767321,22.22222498169641,-16.935486817086996,-34.00000333786011,34.11764862628127,-47.641522802039276,2.272725056025635,0.0,0.0,0.0,0.0,4.0,6.0,-3.25718827829234
02-08,4.135343231767321,25.827813785299174,-16.935486817086996,-34.00000333786011,31.176475043115193,-47.641522802039276,2.272725056025635,0.0,0.0,0.0,0.0,4.0,6.0,-3.1967868946162783
02-09,4.135343231767321,26.49006481353851,-16.935486817086996,-34.00000333786011,31.176475043115193,-47.641522802039276,2.272725056025635,0.0,0.0,0.0,0.0,4.0,6.0,-3.1365822556854295
02-10,-0.3759394789693757,23.178809672341806,-16.935486817086996,-34.00000333786011,33.89830679703089,-47.641522802039276,2.272725056025635,0.0,0.0,0.0,0.0,3.0,7.0,-3.6002828100506745
02-11,-0.3759394789693757,25.94937181610293,-22.88136543538619,-34.00000333786011,33.14285959516253,-47.641522802039276,2.272725056025635,0.0,0.0,0.0,0.0,3.0,7.0,-3.9576249624512596
02-12,-0.3759394789693757,32.121210851397805,-22.88136543538619,-34.00000333786011,30.285712650844026,-40.56604622351701,-2.87082218479268,0.0,0.0,0.0,0.0,2.0,8.0,-3.4806593780257757
02-13,-5.263152705571259,28.66242246176286,-28.318588832072827,-34.00000333786011,26.857144492013113,-40.56604622351701,-2.87082218479268,0.0,0.0,0.0,0.0,2.0,8.0,-5.045367848185265
02-14,-5.263152705571259,31.707316186724487,-28.318588832072827,-27.99999713897705,22.543351525727306,-40.56604622351701,-8.04020527959373,0.0,0.0,0.0,0.0,2.0,8.0,-5.085211133389098
02-15,-10.671936125682969,34.883721736136344,-28.318588832072827,-22.00000286102295,22.543351525727306,-40.56604622351701,-8.04020527959373,0.0,0.0,0.0,0.0,2.0,8.0,-4.74270055091144
02-16,-5.263152705571259,34.883721736136344,-28.318588832072827,-22.00000286102295,10.828029975440609,-40.56604622351701,-8.04020527959373,0.0,0.0,0.0,0.0,2.0,8.0,-5.316022199109166
02-17,-5.263152705571259,34.883721736136344,-23.93163255294039,-22.00000286102295,10.828029975440609,-40.56604622351701,-8.04020527959373,0.0,0.0,0.0,0.0,2.0,8.0,-4.9172079919153076
02-18,-1.5037579158775027,37.77777586454222,-29.46428942056941,-15.999996662139893,10.828029975440609,-40.56604622351701,-8.04020527959373,0.0,0.0,0.0,0.0,2.0,8.0,-4.26986269651952
02-19,-6.390971142479386,38.797815382336424,-35.514016505026675,-15.999996662139893,10.828029975440609,-33.96226733381889,-8.04020527959373,0.0,0.0,0.0,0.0,2.0,8.0,-4.5710555968437765
02-20,-6.390971142479386,44.27082935580975,-29.46428942056941,-15.999996662139893,6.369428057385982,-27.35849969028078,-8.04020527959373,0.0,0.0,0.0,0.0,2.0,8.0,-3.3285186165334064
02-21,-11.857705759241147,44.27082935580975,-29.46428942056941,-15.999996662139893,6.369428057385982,-21.22641848940684,-8.04020527959373,0.0,0.0,0.0,0.0,2.0,8.0,-3.2680325634322993
02-22,-11.857705759241147,43.68420705900953,-29.46428942056941,-15.999996662139893,1.9108337322794968,-15.566046223517006,-8.04020527959373,0.0,0.0,0.0,0.0,2.0,8.0,-3.212109323070197
02-23,-11.857705759241147,43.68420705900953,-29.46428942056941,-15.999996662139893,-2.5477681857751433,-11.363636117336185,-8.04020527959373,0.0,0.0,0.0,0.0,1.0,9.0,-3.235399487785999
02-24,-11.857705759241147,43.68420705900953,-29.46428942056941,-15.999996662139893,-7.333334287007649,-11.363636117336185,-8.04020527959373,0.0,0.0,0.0,0.0,1.0,9.0,-3.6704509515344084
02-25,-16.996050261652616,40.8839731337818,-29.46428942056941,-15.999996662139893,-7.333334287007649,-5.909085145666705,-8.04020527959373,0.0,0.0,0.0,0.0,1.0,9.0,-3.8962716293498363
02-26,-28.215759507088894,37.79069565965914,-35.514016505026675,-15.999996662139893,-7.333334287007649,-10.909091106131052,-8.04020527959373,0.0,0.0,0.0,0.0,1.0,9.0,-6.201973426120795
02-27,-28.063242931854976,34.75609379357908,-35.514016505026675,-15.999996662139893,-12.666670481363932,-16.36363124059263,-8.04020527959373,0.0,0.0,0.0,0.0,1.0,9.0,-7.4446972097266135
02-28,-28.063242931854976,31.4102505320861,-35.514016505026675,-15.999996662139893,-6.666667629974085,-21.818182212262087,-8.04020527959373,0.0,0.0,0.0,0.0,1.0,9.0,-7.699278244433213
02-29,0.0,0.0,0.0,-15.999996662139893,0.0,0.0,0.0,0.0,0.0,0.0,0.0,0.0,2.0,-1.4545451511036267
03-01,-34.439829632618746,28.187916402446078,-35.514016505026675,-15.999996662139893,-3.0303074089730635,-21.64502218118533,-8.04020527959373,0.0,0.0,0.0,0.0,1.0,9.0,-8.225587387917397
03-02,-34.439829632618746,29.5302049935731,-35.514016505026675,-15.999996662139893,-6.060607593140581,-16.115696454144423,-8.04020527959373,0.0,0.0,0.0,0.0,1.0,9.0,-7.876377012099177
03-03,-27.800822158246024,29.5302049935731,-35.514016505026675,-15.999996662139893,-6.060607593140581,-14.227638179071347,-8.04020527959373,0.0,0.0,0.0,0.0,1.0,9.0,-7.101189216695014
03-04,-21.5767619256029,32.88590646983213,-35.514016505026675,-15.999996662139893,-6.060607593140581,-14.227638179071347,-8.04020527959373,0.0,0.0,0.0,0.0,1.0,9.0,-6.230301788613
03-05,-27.947603299796437,32.88590646983213,-29.46428942056941,-15.999996662139893,-4.848487519473575,-9.756097797361269,-8.04020527959373,0.0,0.0,0.0,0.0,1.0,9.0,-5.742797591736562
03-06,-27.947603299796437,35.48386898298783,-34.25925833943453,-15.999996662139893,-6.060607593140581,-9.756097797361269,-8.04020527959373,0.0,0.0,0.0,0.0,1.0,9.0,-6.052718180770783
03-07,-27.947603299796437,35.48386898298783,-28.318588832072827,-12.000000476837158,-6.060607593140581,-9.756097797361269,-8.04020527959373,0.0,0.0,0.0,0.0,1.0,9.0,-5.14902129961947
03-08,-34.4036686712419,38.271605119965386,-28.318588832072827,-12.000000476837158,-1.2121200736670208,-9.756097797361269,-8.04020527959373,0.0,0.0,0.0,0.0,1.0,9.0,-5.0417341828007745
03-09,-34.4036686712419,38.271605119965386,-22.123893898668097,-12.000000476837158,-1.2121200736670208,-4.651167733574438,-8.04020527959373,0.0,0.0,0.0,0.0,1.0,9.0,-4.014495546692451
03-10,-34.4036686712419,38.271605119965386,-16.94915733677141,-12.000000476837158,-1.2121200736670208,-4.651167733574438,-8.04020527959373,0.0,0.0,0.0,0.0,1.0,9.0,-3.5440649501563883
03-11,-34.4036686712419,38.271605119965386,-12.195119823748584,-12.000000476837158,-1.2121200736670208,-4.651167733574438,-8.04020527959373,0.0,0.0,0.0,0.0,1.0,9.0,-3.1118797216997676
03-12,-34.4036686712419,39.644973586326,-7.812502037268178,-12.000000476837158,-1.2121200736670208,0.3875965410453134,-8.04020527959373,0.0,0.0,0.0,0.0,2.0,8.0,-2.1305387646578793
03-13,-22.36842091504008,40.000002804924385,-7.812502037268178,-12.000000476837158,-1.2121200736670208,0.3875965410453134,-8.04020527959373,0.0,0.0,0.0,0.0,2.0,8.0,-1.0041499487669516
03-14,-16.73639495362661,41.71428680419922,-7.812502037268178,-12.000000476837158,-6.060607593140581,9.259259095734858,-8.04020527959373,0.0,0.0,0.0,0.0,2.0,8.0,0.029439596315256236
03-15,-16.73639495362661,43.016759627715366,-3.1250064028428435,-8.000004291534424,-3.0303074089730635,13.703708053452738,-8.04020527959373,0.0,0.0,0.0,0.0,2.0,8.0,1.6171408495088577
03-16,-16.73639495362661,40.22345948295932,1.5624985448084445,-8.000004291534424,-14.093962201534744,13.703708053452738,-8.04020527959373,0.0,0.0,0.0,0.0,3.0,7.0,0.7835544868119086
03-17,-16.73639495362661,40.22345948295932,1.5624985448084445,-8.000004291534424,-14.093962201534744,13.703708053452738,-8.04020527959373,0.0,0.0,0.0,0.0,3.0,7.0,0.7835544868119086
03-18,-16.73639495362661,40.22345948295932,5.5118058499284555,-8.000004291534424,-4.294481758089831,13.703708053452738,-8.04020527959373,0.0,0.0,0.0,0.0,3.0,7.0,2.0334442821359926
03-19,-11.599998474121112,40.22345948295932,0.8264454667762917,-8.000004291534424,-4.294481758089831,17.777778170236353,-8.04020527959373,0.0,0.0,0.0,0.0,3.0,7.0,2.4448175742393516
03-20,-11.599998474121112,40.35087963905381,2.439022026387315,-3.9999961853027344,-4.294481758089831,17.777778170236353,-3.015072487035241,0.0,0.0,0.0,0.0,3.0,7.0,3.423466448284415
03-21,-6.4885528137215704,40.35087963905381,-2.56411040166298,-3.9999961853027344,5.027928273034287,17.777778170236353,-3.015072487035241,0.0,0.0,0.0,0.0,3.0,7.0,4.280804926781993
03-22,-6.4885528137215704,40.35087963905381,-2.56411040166298,-3.9999961853027344,6.111105444990408,17.777778170236353,-3.015072487035241,0.0,0.0,0.0,0.0,3.0,7.0,4.379275578778004
03-23,-6.4885528137215704,40.35087963905381,2.5641002128344392,-3.9999961853027344,13.705582589102278,17.777778170236353,-3.015072487035241,0.0,0.0,0.0,0.0,4.0,6.0,5.535883556833394
03-24,-6.4885528137215704,37.426898913313245,6.557380413054316,-3.9999961853027344,21.296297216121022,17.777778170236353,-3.015072487035241,0.0,0.0,0.0,0.0,4.0,6.0,6.323157566060491
03-25,-6.4885528137215704,31.288343064736274,5.555550299414001,-3.9999961853027344,28.270036718474927,17.777778170236353,-3.015072487035241,0.0,0.0,0.0,0.0,4.0,6.0,6.308007887891093
03-26,-6.4885528137215704,25.80645086862044,5.555550299414001,-3.9999961853027344,28.270036718474927,17.777778170236353,-3.015072487035241,0.0,0.0,0.0,0.0,4.0,6.0,5.809654051880561
03-27,-6.4885528137215704,22.580639703216544,5.555550299414001,0.0,28.270036718474927,17.777778170236353,-3.015072487035241,0.0,0.0,0.0,0.0,4.0,6.0,5.880034508235
03-28,-1.4545440673828287,22.580639703216544,5.555550299414001,0.0,26.160333987223982,17.777778170236353,-3.015072487035241,0.0,0.0,0.0,0.0,4.0,6.0,6.145880509606619
03-29,-1.4545440673828287,18.918916741977938,5.555550299414001,0.0,26.160333987223982,17.777778170236353,-13.259669454363918,0.0,0.0,0.0,0.0,4.0,6.0,4.881669607009593
03-30,-1.4545440673828287,14.864866606417648,1.5873000855468575,0.0,26.160333987223982,13.618673685759328,-13.259669454363918,0.0,0.0,0.0,0.0,4.0,6.0,3.7742691675637343
03-31,-1.4545440673828287,10.810808416175734,1.5873000855468575,0.0,32.69230522347616,13.618673685759328,-13.259669454363918,0.0,0.0,0.0,0.0,4.0,6.0,3.999533989928303
04-01,-1.4545440673828287,6.7567582806154425,1.5873000855468575,0.0,41.66666666666667,13.618673685759328,-13.259669454363918,0.0,0.0,0.0,0.0,4.0,6.0,4.446835017894687
04-02,-1.4545440673828287,2.7027000903735274,1.5873000855468575,0.0,41.66666666666667,13.618673685759328,-22.222228109100875,0.0,0.0,0.0,0.0,4.0,6.0,3.263506213805698
04-03,-1.0869554888924313,2.7027000903735274,1.5873000855468575,0.0,41.66666666666667,13.618673685759328,-22.222228109100875,0.0,0.0,0.0,0.0,4.0,6.0,3.2969233573048253
04-04,7.958477879747777,2.7027000903735274,1.5873000855468575,0.0,45.16128709735523,17.509729936681808,-22.222228109100875,0.0,0.0,0.0,0.0,5.0,5.0,4.7906606346003935
04-05,7.958477879747777,2.7027000903735274,1.5873000855468575,0.0,45.16128709735523,13.469394110282721,-22.222228109100875,0.0,0.0,0.0,0.0,5.0,5.0,4.423357377655022
04-06,12.211217460486449,2.7027000903735274,1.5873000855468575,0.0,45.16128709735523,9.012877468809137,-22.222228109100875,0.0,0.0,0.0,0.0,5.0,5.0,4.404832190315484
04-07,12.211217460486449,-2.0270250677801456,1.5873000855468575,0.0,45.337617201709406,13.11476082610865,-22.222228109100875,0.0,0.0,0.0,0.0,4.0,6.0,4.363785672451849
04-08,12.211217460486449,-6.7567582806154425,6.349209803242228,0.0,45.337617201709406,13.11476082610865,-22.222228109100875,0.0,0.0,0.0,0.0,4.0,6.0,4.36671080925731
04-09,16.35220031478748,-11.4864834387691,10.317460017109372,0.0,43.08681541379999,13.11476082610865,-16.1111094186335,0.0,0.0,0.0,0.0,4.0,6.0,5.024876701309354
04-10,24.024023142497274,-6.08108325802206,10.317460017109372,0.0,43.72990163891697,17.187502619344816,-16.1111094186335,0.0,0.0,0.0,0.0,4.0,6.0,6.642426794655716
04-11,24.024023142497274,-1.2903290807148435,10.317460017109372,0.0,49.41520524911255,20.89552862868843,-10.555559014096763,0.0,0.0,0.0,0.0,4.0,6.0,8.436938994781457
04-12,27.507164341652867,-1.2903290807148435,10.317460017109372,0.0,44.01294281140573,21.481487106720852,-10.555559014096763,0.0,0.0,0.0,0.0,4.0,6.0,8.315742380188839
04-13,30.110495818454126,-5.806453944989295,7.142859846015656,0.0,53.134325458308126,21.481487106720852,-10.555559014096763,0.0,0.0,0.0,0.0,4.0,6.0,8.68246866094661
04-14,30.110495818454126,-10.96774719508224,7.142859846015656,0.0,57.3369558703415,21.481487106720852,-10.555559014096763,0.0,0.0,0.0,0.0,4.0,6.0,8.595317493850285
04-15,26.519332322579032,-11.111107840623067,11.111110059882801,1.960782480441495,55.142855644226074,21.481487106720852,-10.555559014096763,0.0,0.0,0.0,0.0,5.0,5.0,8.595354614466402
04-16,29.999996862913385,-12.962965279558647,15.079360273749945,1.960782480441495,55.142855644226074,21.481487106720852,-10.555559014096763,0.0,0.0,0.0,0.0,5.0,5.0,9.104178006763304
04-17,33.33333134153234,-24.67532497691678,15.079360273749945,1.960782480441495,55.142855644226074,21.481487106720852,-10.555559014096763,0.0,0.0,0.0,0.0,5.0,5.0,8.342448441423379
04-18,33.421052549024026,-24.67532497691678,15.079360273749945,1.960782480441495,50.31645538581142,21.481487106720852,-10.555559014096763,0.0,0.0,0.0,0.0,5.0,5.0,7.911659436794017
04-19,33.421052549024026,-24.67532497691678,11.111110059882801,1.960782480441495,53.82352916427139,20.000007197541784,-13.714286259242467,0.0,0.0,0.0,0.0,5.0,5.0,7.447897292272932
04-20,33.421052549024026,-24.67532497691678,15.079360273749945,1.960782480441495,52.42424014733401,20.000007197541784,-13.714286259242467,0.0,0.0,0.0,0.0,5.0,5.0,7.681439219266547
04-21,33.421052549024026,-23.376624884583734,15.079360273749945,5.660372265889812,52.42424014733401,15.873019777578188,-13.714286259242467,0.0,0.0,0.0,0.0,5.0,5.0,7.760648533613616
04-22,36.57894431388935,-17.532466728222026,15.079360273749945,9.090911061310528,47.66666491826375,12.698410145429659,-13.714286259242467,0.0,0.0,0.0,0.0,5.0,5.0,8.16977615683443
04-23,29.91689626288443,-11.688316312723455,15.079360273749945,12.280700653653822,50.0,12.698410145429659,-19.16168027996338,0.0,0.0,0.0,0.0,5.0,5.0,8.102306431184639
04-24,26.239069325100957,-6.493508202528243,15.079360273749945,12.280700653653822,50.0,12.698410145429659,-19.16168027996338,0.0,0.0,0.0,0.0,5.0,5.0,8.240213810494796
04-25,22.39263868739309,-1.863352243678002,15.079360273749945,12.280700653653822,50.0,12.698410145429659,-19.16168027996338,0.0,0.0,0.0,0.0,5.0,5.0,8.311461566962286
04-26,22.39263868739309,1.2048181523292372,15.079360273749945,12.280700653653822,50.0,3.7500062088169352,-19.16168027996338,0.0,0.0,0.0,0.0,6.0,4.0,7.776894881452694
04-27,18.38709518639027,6.024097942928779,15.079360273749945,12.280700653653822,50.0,3.7500062088169352,-19.16168027996338,0.0,0.0,0.0,0.0,6.0,4.0,7.850870907779669
04-28,22.25805935576837,10.240961476081061,11.111110059882801,15.254233521108176,50.0,3.7500062088169352,-19.16168027996338,0.0,0.0,0.0,0.0,6.0,4.0,8.495699121972178
04-29,26.129031216068597,6.875000791624189,11.111110059882801,18.03278880745961,50.0,-0.8333325054910591,-19.16168027996338,0.0,0.0,0.0,0.0,5.0,5.0,8.377538008143706
04-30,26.129031216068597,3.1250044237821766,14.285710230976514,18.03278880745961,50.0,-2.499997516473214,-25.157230676793123,0.0,0.0,0.0,0.0,5.0,5.0,7.628664225910961
05-01,22.372883903812408,-1.249998789280657,14.285710230976514,18.03278880745961,50.0,-2.499997516473214,-25.157230676793123,0.0,0.0,0.0,0.0,4.0,6.0,6.88946872360923
05-02,22.372883903812408,-1.249998789280657,14.285710230976514,18.03278880745961,44.44444578237136,-2.499997516473214,-44.20289974006328,0.0,0.0,0.0,0.0,4.0,6.0,4.652993879891158
05-03,25.8899668135217,-1.249998789280657,14.285710230976514,21.874998253770134,38.43283824411838,-2.499997516473214,-56.69291649004292,0.0,0.0,0.0,0.0,4.0,6.0,3.640054613326358
05-04,25.8899668135217,-1.249998789280657,10.317460017109372,25.37313618726889,38.43283824411838,-2.499997516473214,-56.69291649004292,0.0,0.0,0.0,0.0,4.0,6.0,3.5973171332928686
05-05,29.44983406760858,-1.249998789280657,6.349209803242228,25.37313618726889,38.43283824411838,-2.499997516473214,-56.69291649004292,0.0,0.0,0.0,0.0,4.0,6.0,3.5601914096764804
05-06,29.44983406760858,-5.625002002343491,2.3809501283202863,28.571427355007227,43.87755292365238,-7.499992549419679,-56.69291649004292,0.0,0.0,0.0,0.0,4.0,6.0,3.132895766616581
05-07,29.44983406760858,-5.625002002343491,-1.5873000855468575,31.50685110466183,43.87755292365238,-7.499992549419679,-73.04348267769778,0.0,0.0,0.0,0.0,3.0,7.0,1.5525873437195437
05-08,29.62963071979231,-6.2500013969838255,-1.5873000855468575,31.50685110466183,43.87755292365238,-6.172833449713667,-80.90908785496869,0.0,0.0,0.0,0.0,3.0,7.0,0.9177101782630444
05-09,22.653716139449102,-11.842109803677983,-1.5873000855468575,31.50685110466183,46.60194103592028,-11.111110020948477,-80.90908785496869,0.0,0.0,0.0,0.0,3.0,7.0,-0.4260999531918902
05-10,18.983048600939608,-11.842109803677983,-1.5873000855468575,34.210525490240364,55.645162272362334,-11.111110020948477,-80.90908785496869,0.0,0.0,0.0,0.0,3.0,7.0,0.3081025998545725
05-11,14.946613751882106,-15.131580392079357,-1.5873000855468575,36.70886247858288,59.946236610826084,-11.111110020948477,-80.90908785496869,0.0,0.0,0.0,0.0,3.0,7.0,0.2602394988861531
05-12,14.946613751882106,-17.763156862800443,-1.5873000855468575,39.0243897120347,59.946236610826084,-11.111110020948477,-80.90908785496869,0.0,0.0,0.0,0.0,3.0,7.0,0.2315077500434923
05-13,14.946613751882106,-17.763156862800443,-0.7936500427734288,41.860466083363605,59.946236610826084,-11.111110020948477,-80.90908785496869,0.0,0.0,0.0,0.0,3.0,7.0,0.5614828785982501
05-14,11.032026658082467,-17.763156862800443,-0.8333325054910962,44.44444297272478,59.946236610826084,-11.111110020948477,-80.90908785496869,0.0,0.0,0.0,0.0,3.0,7.0,0.436910817947693
05-15,11.032026658082467,-12.500003921358271,-0.8333325054910962,44.44444297272478,56.182796164101454,-11.111110020948477,-80.90908785496869,0.0,0.0,0.0,0.0,3.0,7.0,0.5732483174674695
05-16,6.7615680103010405,-17.931033235384422,-0.8333325054910962,44.44444297272478,51.881721825637705,-16.883121842630935,-99.00000095367432,0.0,0.0,0.0,0.0,3.0,7.0,-2.869068702592477
05-17,6.7615680103010405,-17.931033235384422,-2.499997516473233,46.80851050338469,51.61290487976814,-17.39130885479365,-99.00000095367432,0.0,0.0,0.0,0.0,3.0,7.0,-2.876305196988342
05-18,6.7615680103010405,-17.931033235384422,2.5000074505803007,46.80851050338469,47.043010390884064,-17.39130885479365,-99.00000095367432,0.0,0.0,0.0,0.0,4.0,6.0,-2.837204244427481
05-19,6.7615680103010405,-17.931033235384422,-1.6666650109821552,47.36842039219229,47.043010390884064,-17.39130885479365,-80.9999942779541,0.0,0.0,0.0,0.0,3.0,7.0,-1.5287275077942672
05-20,6.7615680103010405,-12.413789077831495,-4.999995032946466,47.36842039219229,47.043010390884064,-17.39130885479365,-80.9999942779541,0.0,0.0,0.0,0.0,3.0,7.0,-1.3301898591043924
05-21,6.7615680103010405,-6.8965449202785845,-4.999995032946466,49.49494998146837,41.93548201026084,-17.39130885479365,-80.9999942779541,0.0,0.0,0.0,0.0,3.0,7.0,-1.0996220985402316
05-22,2.135229323890713,-6.8965449202785845,-10.526316339839756,49.49494998146837,36.29032614700005,-16.883121842630935,-80.9999942779541,0.0,0.0,0.0,0.0,3.0,7.0,-2.489588357122204
05-23,2.135229323890713,-6.8965449202785845,-10.526316339839756,49.49494998146837,36.29032614700005,-14.893623712970802,-79.99999523162842,0.0,0.0,0.0,0.0,3.0,7.0,-2.217815886578039
05-24,2.135229323890713,-12.318837512468384,-10.526316339839756,50.0,30.107529982898594,-11.739129848876845,-79.99999523162842,0.0,0.0,0.0,0.0,3.0,7.0,-2.940138147820372
05-25,-2.9962517385803755,-12.318837512468384,-10.526316339839756,50.0,19.35483932991305,-11.739129848876845,-79.99999523162842,0.0,0.0,0.0,0.0,2.0,8.0,-4.38415375831643
05-26,-2.9962517385803755,-7.246378564303781,-10.526316339839756,50.0,19.35483932991305,-15.765761266754453,-79.99999523162842,0.0,0.0,0.0,0.0,2.0,8.0,-4.2890785282903385
05-27,-3.3707832059029226,-7.246378564303781,-14.545451195772102,50.0,19.35483932991305,-15.765761266754453,-79.99999523162842,0.0,0.0,0.0,0.0,2.0,8.0,-4.6885027394953305
05-28,-8.239701210630574,-2.7777750183035925,-14.545451195772102,50.0,19.35483932991305,-15.765761266754453,-79.99999523162842,0.0,0.0,0.0,0.0,2.0,8.0,-4.724894963016009
05-29,-8.239701210630574,-2.7777750183035925,-14.545451195772102,50.0,16.666669871217437,-15.765761266754453,-79.99999523162842,0.0,0.0,0.0,0.0,2.0,8.0,-4.96927400471561
05-30,-2.8469809165014,-2.7777750183035925,-20.000004541306474,50.0,16.666669871217437,-18.98147366297131,-79.99999523162842,0.0,0.0,0.0,0.0,2.0,8.0,-5.26723268177216
05-31,-8.239701210630574,-2.7777750183035925,-20.000004541306474,50.0,16.666669871217437,-18.932044453261046,-79.99999523162842,0.0,0.0,0.0,0.0,2.0,8.0,-5.752986416719333
06-01,-8.239701210630574,-2.7777750183035925,-20.000004541306474,52.38095021842549,16.666669871217437,-18.932044453261046,-79.99999523162842,0.0,0.0,0.0,0.0,2.0,8.0,-5.536536396862471
06-02,-8.239701210630574,-2.7777750183035925,-20.000004541306474,52.38095021842549,16.666669871217437,-13.425923626364106,-79.99999523162842,0.0,0.0,0.0,0.0,2.0,8.0,-5.035979958053659
06-03,-13.483141753146233,-6.474822611858408,-20.000004541306474,52.38095021842549,16.666669871217437,-7.870362551860179,-79.99999523162842,0.0,0.0,0.0,0.0,2.0,8.0,-5.3437006000142535
06-04,-19.101122692518963,-6.474822611858408,-25.999999046325684,52.38095021842549,16.397852925347873,-12.962961123313507,-75.0,0.0,0.0,0.0,0.0,2.0,8.0,-6.432736575476654
06-05,-24.719094702357182,-6.474822611858408,-32.63157960780772,52.38095021842549,16.397852925347873,-13.274334229301918,-75.0,0.0,0.0,0.0,0.0,2.0,8.0,-7.574638909777443
06-06,-24.719094702357182,-2.0689634760835753,-32.63157960780772,52.38095021842549,8.064514785188386,-18.584074250719482,-66.99999570846558,0.0,0.0,0.0,0.0,2.0,8.0,-7.687112976529061
06-07,-24.719094702357182,-7.246378564303781,-32.63157960780772,52.38095021842549,16.935486817086996,-25.581391996277542,-66.99999570846558,0.0,0.0,0.0,0.0,2.0,8.0,-7.9874548676090305
06-08,-24.719094702357182,-12.318837512468384,-32.63157960780772,50.0,9.946239815376858,-25.581391996277542,-75.78947137267305,0.0,0.0,0.0,0.0,2.0,8.0,-10.099466852382456
06-09,-30.711607109052473,-12.318837512468384,-32.63157960780772,50.0,9.946239815376858,-25.581391996277542,-75.78947137267305,0.0,0.0,0.0,0.0,2.0,8.0,-10.644240707536575
06-10,-35.58051618424559,-17.391305098987335,-32.63157960780772,50.0,9.946239815376858,-25.581391996277542,-75.78947137267305,0.0,0.0,0.0,0.0,2.0,8.0,-11.548002222237672
06-11,-42.32209152558596,-17.391305098987335,-32.63157960780772,50.0,1.0752677834782582,-25.581391996277542,-75.78947137267305,0.0,0.0,0.0,0.0,2.0,8.0,-12.96732471071394
06-12,-49.43819833424891,-11.594200519873425,-32.63157960780772,49.000000953674316,5.913979218231894,-25.581391996277542,-75.78947137267305,0.0,0.0,0.0,0.0,2.0,8.0,-12.738260150815858
06-13,-42.32209152558596,-16.66665914082796,-32.63157960780772,49.000000953674316,15.053761786898528,-25.581391996277542,-119.73683921584129,0.0,0.0,0.0,0.0,2.0,8.0,-15.716799885978874
06-14,-42.32209152558596,-16.66665914082796,-32.63157960780772,51.428570131055295,8.602148676927499,-22.68518472527284,-122.66666094462077,0.0,0.0,0.0,0.0,2.0,8.0,-16.085587012375676
06-15,-42.32209152558596,-16.66665914082796,-32.63157960780772,51.428570131055295,11.290324544724676,-17.256641882738798,-72.16493895132695,0.0,0.0,0.0,0.0,2.0,8.0,-10.756637857500674
06-16,-42.32209152558596,-16.66665914082796,-32.63157960780772,51.818185463424484,11.290324544724676,-17.256641882738798,-72.16493895132695,0.0,0.0,0.0,0.0,2.0,8.0,-10.721218281830748
06-17,-42.32209152558596,-22.22222011976558,-32.63157960780772,51.818185463424484,11.290324544724676,-17.256641882738798,-72.16493895132695,0.0,0.0,0.0,0.0,2.0,8.0,-11.226269279915986
06-18,-35.20598471692304,-28.33332505491076,-28.571425095939134,53.913045010629844,11.290324544724676,-11.504424405327622,-73.95833275125669,0.0,0.0,0.0,0.0,2.0,8.0,-10.215465679000248
06-19,-28.464418305117178,-28.33332505491076,-28.571425095939134,52.17391101534285,19.35483932991305,-11.504424405327622,-72.82608744947129,0.0,0.0,0.0,0.0,2.0,8.0,-8.924629996864551
06-20,-22.097374431099354,-28.33332505491076,-28.571425095939134,50.43478220306857,11.290324544724676,-11.504424405327622,-89.28572416913781,0.0,0.0,0.0,0.0,2.0,8.0,-10.73337876442013
06-21,-22.097374431099354,-22.22222011976558,-28.571425095939134,50.43478220306857,11.290324544724676,-6.194694933404752,-109.21053333295686,0.0,0.0,0.0,0.0,2.0,8.0,-11.506467378670221
06-22,-28.346458245021438,-27.777779880234398,-28.571425095939134,52.500002483526764,11.290324544724676,-11.627906460965777,-117.80821805958632,0.0,0.0,0.0,0.0,2.0,8.0,-13.667405519408693
06-23,-28.346458245021438,-31.746030094101563,-28.571425095939134,50.83333747254461,11.290324544724676,-16.504862234565483,-89.04109029793177,0.0,0.0,0.0,0.0,2.0,8.0,-12.007836722753645
06-24,-22.047242172830547,-26.98412983746099,-28.571425095939134,50.83333747254461,11.290324544724676,-16.504862234565483,-89.04109029793177,0.0,0.0,0.0,0.0,2.0,8.0,-11.002280692859877
06-25,-22.047242172830547,-33.33333002196433,-28.571425095939134,48.245615686185936,11.290324544724676,-16.504862234565483,-105.97014341144062,0.0,0.0,0.0,0.0,2.0,8.0,-13.353732973257229
06-26,-21.90082457358545,-26.98412983746099,-28.571425095939134,46.49122614389419,11.290324544724676,-20.000004768371603,-89.55223123754807,0.0,0.0,0.0,0.0,2.0,8.0,-11.747914984026034
06-27,-28.260874297533352,-26.98412983746099,-28.571425095939134,46.49122614389419,20.16129016752175,-20.000004768371603,-89.55223123754807,0.0,0.0,0.0,0.0,2.0,8.0,-11.519649902312473
06-28,-34.09090835200857,-24.031013267901947,-28.571425095939134,43.85964967317309,27.95698800684057,-24.352339927089627,-60.75948689003419,0.0,0.0,0.0,0.0,2.0,8.0,-9.089866895723619
06-29,-34.09090835200857,-24.031013267901947,-28.571425095939134,41.22806797397431,27.95698800684057,-18.811887031138667,-108.19671330225162,0.0,0.0,0.0,0.0,2.0,8.0,-13.137899188038642
06-30,-40.45453850888039,-24.031013267901947,-28.571425095939134,38.59649150325321,27.95698800684057,-18.811887031138667,-88.5245818343417,0.0,0.0,0.0,0.0,2.0,8.0,-12.16726965710073
07-01,-47.27272451416526,-24.031013267901947,-28.571425095939134,38.59649150325321,27.95698800684057,-18.811887031138667,-88.5245818343417,0.0,0.0,0.0,0.0,2.0,8.0,-12.787104748490265
07-02,-40.45453850888039,-24.031013267901947,-28.571425095939134,38.59649150325321,20.96774100513042,-20.29703414366535,-77.4193573196522,0.0,0.0,0.0,0.0,2.0,8.0,-11.92810325705958
07-03,-34.09090835200857,-17.829459370146168,-28.571425095939134,35.964909804054436,16.935486817086996,-20.29703414366535,-63.93442238508078,0.0,0.0,0.0,0.0,2.0,8.0,-10.165713884154416
07-05,-41.14833343695228,-12.592589191285079,-28.571425095939134,33.33333333333333,0.0,-18.53659137950503,-49.25372762546221,0.0,0.0,0.0,0.0,1.0,9.0,-10.615393945073674
07-06,-48.24120771589613,-12.592589191285079,-28.571425095939134,27.522936030656673,0.0,-30.645163874637692,-49.25372762546221,0.0,0.0,0.0,0.0,1.0,9.0,-12.889197952051234
07-07,-48.24120771589613,-12.592589191285079,-22.448982074329166,21.904759039413772,0.0,-30.645163874637692,-41.791039464946,0.0,0.0,0.0,0.0,1.0,9.0,-12.164929389243666
07-08,-41.20602659864748,-12.592589191285079,-22.448982074329166,21.904759039413772,0.0,-30.645163874637692,-13.432831571956816,0.0,0.0,0.0,0.0,1.0,9.0,-8.947348570131133
07-09,-41.20602659864748,-12.592589191285079,-27.65957986461249,21.904759039413772,0.0,-30.645163874637692,-13.432831571956816,0.0,0.0,0.0,0.0,1.0,9.0,-9.421039278338707
07-10,-41.20602659864748,-11.764703304297399,-27.65957986461249,18.095233013299897,0.0,-30.645163874637692,-13.432831571956816,0.0,0.0,0.0,0.0,1.0,9.0,-9.692097472804726
07-11,-41.20602659864748,-11.764703304297399,-27.65957986461249,14.285712663819117,0.0,-18.461532630393858,-13.432831571956816,0.0,0.0,0.0,0.0,1.0,9.0,-8.930814664189903
07-12,-41.20602659864748,-11.764703304297399,-27.65957986461249,6.000000238418579,-8.13953391663639,-13.300491858710096,-13.432831571956816,0.0,0.0,0.0,0.0,1.0,9.0,-9.954833352403826
07-13,-47.89473568633653,-6.617649443524906,-27.65957986461249,10.476186637705242,-8.13953391663639,-9.52381222696814,-18.750001164153243,0.0,0.0,0.0,0.0,1.0,9.0,-9.82810233313877
07-14,-47.89473568633653,-6.617649443524906,-21.27659453046219,9.523806550335056,-20.000004614553283,-9.52381222696814,-18.750001164153243,0.0,0.0,0.0,0.0,1.0,9.0,-10.412635555969386
07-15,-47.89473568633653,-11.538469297646351,-21.27659453046219,9.523806550335056,-20.000004614553283,-9.52381222696814,-18.750001164153243,0.0,0.0,0.0,0.0,1.0,9.0,-10.859982815434972
07-16,-47.89473568633653,-11.538469297646351,-21.27659453046219,9.523806550335056,-20.000004614553283,-9.52381222696814,-5.633806009374048,0.0,0.0,0.0,0.0,1.0,9.0,-9.66760143772777
07-17,-47.89473568633653,-16.935486817086996,-21.27659453046219,9.523806550335056,-20.000004614553283,-10.000002270653237,-4.166662527455388,0.0,0.0,0.0,0.0,1.0,9.0,-10.068152717837506
07-18,-47.89473568633653,-16.935486817086996,-21.27659453046219,5.714280524221172,-20.000004614553283,-11.904762445393628,1.31578823536055,0.0,0.0,0.0,0.0,2.0,8.0,-10.089228666750083
07-19,-47.89473568633653,-11.538469297646351,-21.27659453046219,4.7619004368509765,-20.000004614553283,-9.52381222696814,1.31578823536055,0.0,0.0,0.0,0.0,2.0,8.0,-9.46872069852318
07-20,-47.89473568633653,-6.153849680748341,-21.27659453046219,0.9900980750178164,-24.000000953674316,-9.52381222696814,1.31578823536055,0.0,0.0,0.0,0.0,2.0,8.0,-9.685736978891923
07-21,-47.89473568633653,-6.153849680748341,-21.27659453046219,4.7619004368509765,-24.000000953674316,-9.52381222696814,1.31578823536055,0.0,0.0,0.0,0.0,2.0,8.0,-9.342845855088909
07-22,-40.52632156831745,-6.153849680748341,-17.021279428921556,9.090911061310528,-13.069910995227266,-5.714291877487337,1.31578823536055,0.0,0.0,0.0,0.0,2.0,8.0,-6.552632204911896
07-23,-47.89473568633653,-10.769239233796018,-17.021279428921556,9.090911061310528,-13.069910995227266,-2.857151615376773,-2.7397233430072485,0.0,0.0,0.0,0.0,1.0,9.0,-7.751011749214078
07-24,-40.52632156831745,-10.769239233796018,-22.222228109100875,9.090911061310528,-13.069910995227266,1.9047601747403906,1.31578823536055,0.0,0.0,0.0,0.0,3.0,7.0,-6.75238549409365
07-25,-47.513821033261365,-10.769239233796018,-27.90697738890907,9.090911061310528,-13.069910995227266,1.9047601747403906,-1.3513500451867637,0.0,0.0,0.0,0.0,2.0,8.0,-8.146875223666324
07-26,-47.513821033261365,-10.769239233796018,-22.093015680318395,9.090911061310528,-13.069910995227266,1.9047601747403906,-1.3513500451867637,0.0,0.0,0.0,0.0,2.0,8.0,-7.61833325015808
07-27,-47.513821033261365,-10.769239233796018,-22.093015680318395,8.695654427396825,-13.069910995227266,1.9047601747403906,-1.3513500451867637,0.0,0.0,0.0,0.0,2.0,8.0,-7.654265671422962
07-28,-47.513821033261365,-10.769239233796018,-22.093015680318395,12.5000074505803,-13.069910995227266,1.9047601747403906,-1.3513500451867637,0.0,0.0,0.0,0.0,2.0,8.0,-7.3084153965881
07-29,-47.513821033261365,-6.923079744598673,-22.093015680318395,8.695654427396825,-13.069910995227266,1.9047601747403906,-1.3513500451867637,0.0,0.0,0.0,0.0,2.0,8.0,-7.304614808768659
07-30,-47.513821033261365,-6.923079744598673,-12.359552367771112,8.695654427396825,-13.069910995227266,-2.857151615376773,2.5974001846660313,0.0,0.0,0.0,0.0,2.0,8.0,-6.493678285833849
07-31,-47.513821033261365,-6.923079744598673,-12.359552367771112,8.695654427396825,-13.069910995227266,-7.61905205222775,5.063293717874323,0.0,0.0,0.0,0.0,2.0,8.0,-6.7024061861650015
08-01,-55.23255999311358,-12.096772177782581,-11.111114054550438,8.695654427396825,-13.069910995227266,-7.61905205222775,1.31578823536055,0.0,0.0,0.0,0.0,2.0,8.0,-8.10163332819493
08-02,-55.23255999311358,-12.096772177782581,-5.555557027275206,8.695654427396825,-13.069910995227266,-2.3809615716916963,-2.7397233430072485,0.0,0.0,0.0,0.0,1.0,9.0,-7.489075516427342
08-03,-55.23255999311358,-16.935486817086996,-5.555557027275206,13.043476458082539,-13.069910995227266,-2.3809615716916963,-7.142858967489158,0.0,0.0,0.0,0.0,1.0,9.0,-7.933987173981942
08-04,-55.23255999311358,-11.290321340173895,-5.555557027275206,13.043476458082539,-13.069910995227266,-2.3809615716916963,-7.142858967489158,0.0,0.0,0.0,0.0,1.0,9.0,-7.420790312444387
08-05,-55.23255999311358,-11.290321340173895,-5.555557027275206,13.043476458082539,-13.069910995227266,-2.3809615716916963,-7.142858967489158,0.0,0.0,0.0,0.0,1.0,9.0,-7.420790312444387
08-06,-55.23255999311358,-11.290321340173895,-5.555557027275206,13.043476458082539,-13.069910995227266,-2.3809615716916963,-7.142858967489158,0.0,0.0,0.0,0.0,1.0,9.0,-7.420790312444387
08-07,-55.23255999311358,-6.976746979846441,-5.555557027275206,13.043476458082539,-13.069910995227266,-2.3809615716916963,-11.94029571909666,0.0,0.0,0.0,0.0,1.0,9.0,-7.464777802560755
08-08,-62.804884120937245,-2.985071705720328,-5.555557027275206,13.043476458082539,-13.069910995227266,-4.878055872057863,-51.562507858034415,0.0,0.0,0.0,0.0,1.0,9.0,-11.619319192833617
08-09,-62.804884120937245,-2.985071705720328,-5.555557027275206,8.695654427396825,-7.826086295499839,-5.36586029624614,-51.562507858034415,0.0,0.0,0.0,0.0,1.0,9.0,-11.582210261483304
08-10,-62.804884120937245,1.4925358528601391,-5.555557027275206,11.764714132130367,-7.826086295499839,-5.36586029624614,-53.96825967492196,0.0,0.0,0.0,0.0,2.0,8.0,-11.114854311808172
08-11,-62.804884120937245,1.4925358528601391,-13.953488694454549,7.563027651344701,-7.826086295499839,-5.36586029624614,-53.96825967492196,0.0,0.0,0.0,0.0,2.0,8.0,-12.260274143441354
08-12,-62.804884120937245,5.970152307656023,-8.888893892735755,11.290321340173895,-7.826086295499839,-10.24390453812912,-53.96825967492196,0.0,0.0,0.0,0.0,2.0,8.0,-11.497414079490364
08-13,-62.804884120937245,10.44775986623649,-8.888893892735755,15.384610446952324,-7.826086295499839,-10.24390453812912,-57.37704197202649,0.0,0.0,0.0,0.0,2.0,8.0,-11.028040046012695
08-14,-54.87804780539697,10.44775986623649,-8.888893892735755,15.384610446952324,-7.826086295499839,-10.24390453812912,-53.33333002196429,0.0,0.0,0.0,0.0,2.0,8.0,-9.939808385503378
08-15,-54.87804780539697,10.44775986623649,-8.888893892735755,11.538460127700665,-7.826086295499839,-10.24390453812912,-33.3333301796484,0.0,0.0,0.0,0.0,2.0,8.0,-8.471276610679357
08-16,-62.82051634741504,10.44775986623649,-8.888893892735755,11.538460127700665,-9.41176247844239,-4.878055872057863,-27.272718241720845,0.0,0.0,0.0,0.0,2.0,8.0,-8.298702439857703
08-17,-62.82051634741504,10.44775986623649,-8.888893892735755,11.764703304297399,-9.41176247844239,-4.878055872057863,-35.483865695739055,0.0,0.0,0.0,0.0,2.0,8.0,-9.024602828714201
08-18,-62.82051634741504,5.970152307656023,-8.888893892735755,11.764703304297399,-9.41176247844239,-4.878055872057863,-22.58064268034779,0.0,0.0,0.0,0.0,2.0,8.0,-8.258637787185945
08-19,-55.12821570891169,5.970152307656023,-8.888893892735755,7.692300638503319,-9.41176247844239,-4.878055872057863,-17.741937654695683,0.0,0.0,0.0,0.0,2.0,8.0,-7.489673878244003
08-20,-55.12821570891169,14.285709420028917,-8.888893892735755,4.761900256640573,-9.41176247844239,-0.4878044241882981,-4.687504947651288,0.0,0.0,0.0,0.0,2.0,8.0,-5.414233797750902
08-21,-62.41611146340523,9.999999148505061,-8.888893892735755,4.761900256640573,-9.41176247844239,2.4390221209414906,-9.836065733954968,0.0,0.0,0.0,0.0,3.0,7.0,-6.668355640222838
08-22,-54.36241191913675,9.999999148505061,-7.692306684621444,9.523809974335942,-9.41176247844239,-2.564100056083373,-15.517247580745028,0.0,0.0,0.0,0.0,2.0,8.0,-6.365819963289815
08-23,-54.36241191913675,9.999999148505061,-7.692306684621444,9.523809974335942,-9.41176247844239,1.0256461357301043,-13.559329910410172,0.0,0.0,0.0,0.0,3.0,7.0,-5.861486884912694
08-24,-54.36241191913675,9.999999148505061,-7.692306684621444,5.000004967053534,-9.41176247844239,1.0256461357301043,-9.836065733954968,0.0,0.0,0.0,0.0,3.0,7.0,-5.934263324078804
08-25,-47.65100896661868,7.857144012743149,-7.692306684621444,9.523809974335942,-9.41176247844239,1.0256461357301043,-29.5081972018649,0.0,0.0,0.0,0.0,3.0,7.0,-6.896061382612566
08-26,-47.65100896661868,7.857144012743149,-7.692306684621444,13.636368151866849,-9.41176247844239,-3.589740078516726,0.0,0.0,0.0,0.0,0.0,2.0,8.0,-4.259209640326295
08-27,-47.65100896661868,7.857144012743149,-7.692306684621444,13.636368151866849,-9.41176247844239,-3.589740078516726,-6.896555622182589,0.0,0.0,0.0,0.0,2.0,8.0,-4.886169242342894
08-28,-47.65100896661868,7.857144012743149,-7.692306684621444,13.636368151866849,-9.41176247844239,-3.589740078516726,-3.3898375288438505,0.0,0.0,0.0,0.0,2.0,7.0,-4.567376688403009
08-29,-40.268449717601996,12.244902262170594,-7.692306684621444,13.636368151866849,-9.41176247844239,-5.128200112166756,-12.280700653653822,0.0,0.0,0.0,0.0,2.0,7.0,-4.445468112040815
08-30,-40.268449717601996,12.244902262170594,-3.296700057711717,17.42424317682631,-9.41176247844239,8.823527005579482,-14.285711244660995,0.0,0.0,0.0,0.0,3.0,6.0,-2.6154500958037015
08-31,-47.18309699531298,9.52380836531305,-3.296700057711717,20.454552227800274,-9.41176247844239,13.084115741741906,-14.285711244660995,0.0,0.0,0.0,0.0,3.0,6.0,-2.82861767647935
09-01,-47.18309699531298,8.163265471621946,-3.296700057711717,20.454552227800274,-15.170278843444027,13.084115741741906,-19.642859613712943,0.0,0.0,0.0,0.0,3.0,6.0,-3.962818369910685
09-02,-40.140849977371225,8.163265471621946,-3.296700057711717,20.454552227800274,-15.527950172590632,13.084115741741906,-19.642859613712943,0.0,0.0,0.0,0.0,3.0,6.0,-3.355129670929308
09-03,-47.40740551052437,7.482994024776393,-3.296700057711717,20.454552227800274,-15.527950172590632,13.084115741741906,-19.642859613712943,0.0,0.0,0.0,0.0,3.0,6.0,-4.077568487292826
09-04,-47.40740551052437,11.564630815325026,-3.296700057711717,20.454552227800274,-15.527950172590632,15.454546636786318,-14.285711244660995,0.0,0.0,0.0,0.0,3.0,6.0,-3.004003391416009
09-05,-40.740736489106325,11.564630815325026,-3.296700057711717,20.454552227800274,-10.059168717677707,11.363636117336174,-26.78570991420018,0.0,0.0,0.0,0.0,3.0,6.0,-3.4090450925667684
09-06,-40.740736489106325,11.564630815325026,-3.296700057711717,24.242427252759718,-1.775146175977735,7.727276027695135,-31.481472283234197,0.0,0.0,0.0,0.0,3.0,6.0,-3.0690655372954634
09-07,-47.286824212682696,11.564630815325026,-3.296700057711717,20.454552227800274,-1.775146175977735,7.727276027695135,-31.481472283234197,0.0,0.0,0.0,0.0,3.0,6.0,-4.008516696253264
09-08,-47.286824212682696,11.564630815325026,-3.296700057711717,20.454552227800274,-6.832298964456321,7.727276027695135,-31.481472283234197,0.0,0.0,0.0,0.0,3.0,6.0,-4.468257858842227
09-09,-47.286824212682696,15.646259496398338,-3.296700057711717,20.454552227800274,-6.832298964456321,4.545460949259217,-31.481472283234197,0.0,0.0,0.0,0.0,3.0,6.0,-4.3864566222388275
09-10,-47.286824212682696,15.646259496398338,-3.296700057711717,20.454552227800274,3.726711891659624,4.545460949259217,-36.53846242018709,0.0,0.0,0.0,0.0,4.0,5.0,-3.8862729204967312
09-11,-47.286824212682696,15.646259496398338,-8.045976145262136,20.454552227800274,3.726711891659624,4.545460949259217,-33.33333333333333,0.0,0.0,0.0,0.0,4.0,5.0,-4.0266499205600645
09-12,-47.286824212682696,15.646259496398338,-8.045976145262136,20.454552227800274,3.726711891659624,4.545460949259217,-46.153849680748344,0.0,0.0,0.0,0.0,4.0,5.0,-5.192151406688702
09-13,-47.286824212682696,15.646259496398338,-8.045976145262136,20.454552227800274,3.726711891659624,4.545460949259217,-51.99999809265137,0.0,0.0,0.0,0.0,4.0,5.0,-5.723619444134432
09-14,-47.286824212682696,11.564630815325026,-8.045976145262136,23.48485224776783,6.832298964456294,4.545460949259217,-51.99999809265137,0.0,0.0,0.0,0.0,4.0,5.0,-5.5368686794352575
09-15,-47.286824212682696,11.564630815325026,-8.045976145262136,20.454552227800274,6.832298964456294,4.545460949259217,-51.99999809265137,0.0,0.0,0.0,0.0,4.0,5.0,-5.812350499432308
09-16,-47.286824212682696,11.564630815325026,-13.253014038186759,20.454552227800274,6.832298964456294,4.545460949259217,-46.000003814697266,0.0,0.0,0.0,0.0,4.0,5.0,-5.74026355533872
09-17,-40.31007723283629,11.564630815325026,-18.98733823846852,20.454552227800274,6.832298964456294,4.545460949259217,-51.99999809265137,0.0,0.0,0.0,0.0,4.0,5.0,-6.1727700551923075
09-18,-40.31007723283629,11.564630815325026,-18.98733823846852,16.666668171834402,-2.173910950957697,4.545460949259217,-51.99999809265137,0.0,0.0,0.0,0.0,3.0,6.0,-7.33586950713593
09-19,-40.31007723283629,11.564630815325026,-18.98733823846852,16.666668171834402,-2.173910950957697,4.545460949259217,-48.00000190734863,0.0,0.0,0.0,0.0,3.0,7.0,-6.972233490290227
09-20,-40.31007723283629,11.564630815325026,-13.924044520594197,16.666668171834402,-2.173910950957697,4.545460949259217,-48.00000190734863,0.0,0.0,0.0,0.0,3.0,7.0,-6.511934061392562
09-21,-47.15446461073613,11.564630815325026,-8.860758347611412,12.878793146874958,-2.173910950957697,4.545460949259217,-48.00000190734863,0.0,0.0,0.0,0.0,3.0,7.0,-7.018204627744971
09-22,-47.15446461073613,11.564630815325026,-8.860758347611412,9.090909090909092,-2.173910950957697,4.545460949259217,-53.999996185302734,0.0,0.0,0.0,0.0,3.0,7.0,-7.908011749010422
09-23,-47.15446461073613,7.142858967489158,-8.860758347611412,9.090909090909092,-2.173910950957697,4.545460949259217,-58.000004291534424,0.0,0.0,0.0,0.0,3.0,7.0,-8.673628108471108
09-24,-47.15446461073613,11.428569239013012,-12.658222977348501,9.090909090909092,-2.173910950957697,4.545460949259217,-51.99999809265137,0.0,0.0,0.0,0.0,3.0,7.0,-8.08378703204658
09-25,-39.83739853157418,11.428569239013012,-12.658222977348501,12.878793146874958,-2.173910950957697,4.545460949259217,-51.99999809265137,0.0,0.0,0.0,0.0,3.0,7.0,-7.074246110671324
09-26,-39.83739853157418,11.428569239013012,-17.105262745120182,12.878793146874958,-2.173910950957697,4.545460949259217,-51.99999809265137,0.0,0.0,0.0,0.0,3.0,7.0,-7.478522453196022
09-27,-39.83739853157418,11.428569239013012,-17.105262745120182,12.878793146874958,-2.173910950957697,4.545460949259217,-51.99999809265137,0.0,0.0,0.0,0.0,3.0,7.0,-7.478522453196022
09-28,-39.83739853157418,11.428569239013012,-18.421050980480732,8.730159931562515,-2.173910950957697,4.545460949259217,-51.99999809265137,0.0,0.0,0.0,0.0,3.0,7.0,-7.975288039620839
09-29,-39.83739853157418,11.428569239013012,-23.28766474560085,8.730159931562515,-2.173910950957697,4.545460949259217,-46.000003814697266,0.0,0.0,0.0,0.0,3.0,7.0,-7.872253447545023
09-30,-39.83739853157418,11.428569239013012,-23.28766474560085,8.730159931562515,-2.173910950957697,4.545460949259217,-39.99999761581421,0.0,0.0,0.0,0.0,3.0,7.0,-7.326798338555654
10-01,-39.83739853157418,7.857144012743149,-23.28766474560085,8.730159931562515,-2.173910950957697,4.545460949259217,-39.99999761581421,0.0,0.0,0.0,0.0,3.0,7.0,-7.651473359125642
10-02,-39.83739853157418,7.857144012743149,-23.28766474560085,8.730159931562515,-2.173910950957697,4.545460949259217,-34.00000333786011,0.0,0.0,0.0,0.0,3.0,7.0,-7.106019333857088
10-03,-33.33333010272933,7.857144012743149,-23.28766474560085,8.730159931562515,-2.173910950957697,6.818186005284872,-27.99999713897705,0.0,0.0,0.0,0.0,3.0,7.0,-5.762673908061308
10-04,-33.33333010272933,7.857144012743149,-23.28766474560085,4.166672461562456,-7.142857671736003,6.818186005284872,-27.99999713897705,0.0,0.0,0.0,0.0,3.0,7.0,-6.629258834495705
10-05,-33.33333010272933,4.285710271523871,-23.28766474560085,0.8333325054910776,-7.142857671736003,6.818186005284872,-27.99999713897705,0.0,0.0,0.0,0.0,3.0,7.0,-7.256965534249402
10-06,-33.33333010272933,4.285710271523871,-17.808218059586352,-4.385971241490521,-2.37389213179045,6.818186005284872,-25.999999046325684,0.0,0.0,0.0,0.0,2.0,8.0,-6.617955845919417
10-07,-33.33333010272933,4.285710271523871,-23.28766474560085,-9.174313832990876,-2.9850789820280914,6.818186005284872,-22.00000286102295,0.0,0.0,0.0,0.0,2.0,8.0,-7.243317658869395
10-08,-40.17094408972038,4.285710271523871,-23.28766474560085,-9.174313832990876,-2.9850789820280914,6.818186005284872,-20.000004768371582,0.0,0.0,0.0,0.0,2.0,8.0,-7.683100921991186
10-09,-40.17094408972038,4.285710271523871,-23.28766474560085,-13.761465281170434,-2.9850789820280914,6.818186005284872,-20.000004768371582,0.0,0.0,0.0,0.0,2.0,8.0,-8.100114690007509
10-10,-40.17094408972038,4.285710271523871,-23.28766474560085,-19.26604701898591,-2.9850789820280914,6.818186005284872,-25.999999046325684,0.0,0.0,0.0,0.0,2.0,8.0,-9.145985236895653
10-11,-40.17094408972038,-0.7518789579387347,-23.28766474560085,-25.00000000000003,-1.492543049500409,6.818186005284872,-25.999999046325684,0.0,0.0,0.0,0.0,1.0,9.0,-9.989531262163748
10-12,-40.17094408972038,-5.263152705571259,-23.28766474560085,-30.769236941309625,-1.492543049500409,1.9138738514697822,-25.999999046325684,0.0,0.0,0.0,0.0,1.0,9.0,-11.369969702414402
10-13,-33.33333333333333,-5.263152705571259,-23.28766474560085,-30.769236941309625,-1.492543049500409,5.963307819265142,-32.00000524520874,0.0,0.0,0.0,0.0,1.0,9.0,-10.925693472841733
10-14,-33.33333333333333,-5.263152705571259,-23.28766474560085,-30.769236941309625,-1.492543049500409,5.963307819265142,-24.000000953674316,0.0,0.0,0.0,0.0,1.0,9.0,-10.198420355429512
10-15,-33.33333333333333,-10.23622025071122,-23.28766474560085,-37.373737495367095,-1.492543049500409,5.963307819265142,-27.99999713897705,0.0,0.0,0.0,0.0,1.0,9.0,-11.614562563111347
10-16,-27.35043283671964,-10.23622025071122,-28.571427355007227,-31.313125231645323,-1.492543049500409,5.963307819265142,-22.00000286102295,0.0,0.0,0.0,0.0,1.0,9.0,-10.454585796849239
10-17,-27.35043283671964,-10.23622025071122,-28.571427355007227,-27.27272508339232,-1.492543049500409,10.550459267444692,-15.999996662139893,0.0,0.0,0.0,0.0,1.0,9.0,-9.124807815456911
10-18,-27.35043283671964,-10.23622025071122,-30.000005960464566,-32.63157960780772,-1.492543049500409,10.550459267444692,-15.999996662139893,0.0,0.0,0.0,0.0,1.0,9.0,-9.741847190899888
10-19,-27.35043283671964,-10.23622025071122,-30.000005960464566,-26.31579607807708,-1.492543049500409,10.550459267444692,-15.999996662139893,0.0,0.0,0.0,0.0,1.0,9.0,-9.167685051833466
10-20,-27.35043283671964,-10.23622025071122,-30.000005960464566,-32.63157960780772,3.1339001536950644,10.550459267444692,-17.99999475479126,0.0,0.0,0.0,0.0,2.0,8.0,-9.503079453577696
10-21,-27.35043283671964,-10.23622025071122,-30.000005960464566,-32.63157960780772,3.1339001536950644,10.550459267444692,-22.00000286102295,0.0,0.0,0.0,0.0,2.0,8.0,-9.866716554144212
10-22,-27.35043283671964,-10.23622025071122,-30.000005960464566,-38.46153342310711,3.1339001536950644,10.550459267444692,-15.999996662139893,0.0,0.0,0.0,0.0,2.0,8.0,-9.851257246545698
10-23,-27.35043283671964,-10.23622025071122,-30.000005960464566,-45.05494663845207,3.1339001536950644,10.550459267444692,-17.99999475479126,0.0,0.0,0.0,0.0,2.0,8.0,-10.632476456363547
10-24,-33.03571457081303,-10.23622025071122,-30.000005960464566,-45.05494663845207,3.1339001536950644,10.550459267444692,-13.999998569488525,0.0,0.0,0.0,0.0,2.0,8.0,-10.785684233526332
10-25,-33.03571457081303,-10.23622025071122,-30.000005960464566,-45.05494663845207,3.1339001536950644,6.422022964083078,-13.999998569488525,0.0,0.0,0.0,0.0,2.0,8.0,-11.160996624741024
10-26,-33.03571457081303,-15.748035487198047,-30.000005960464566,-45.05494663845207,3.1339001536950644,6.422022964083078,-13.999998569488525,0.0,0.0,0.0,0.0,2.0,8.0,-11.662070737148918
10-27,-33.03571457081303,-15.748035487198047,-30.000005960464566,-51.72414312842718,3.1339001536950644,6.422022964083078,-12.000000476837158,0.0,0.0,0.0,0.0,2.0,8.0,-12.086543318723802
10-28,-26.78570991420018,-15.748035487198047,-30.000005960464566,-51.72414312842718,3.1339001536950644,1.8348605792717834,-12.000000476837158,0.0,0.0,0.0,0.0,2.0,8.0,-11.935375839469117
10-29,-20.535715901273846,-15.748035487198047,-30.000005960464566,-51.72414312842718,7.977207183775962,1.8348605792717834,-12.000000476837158,0.0,0.0,0.0,0.0,2.0,8.0,-10.926893926468459
10-30,-20.535715901273846,-15.748035487198047,-30.000005960464566,-51.72414312842718,8.262107197748254,-0.9174302896359324,-12.000000476837158,0.0,0.0,0.0,0.0,1.0,9.0,-11.151202186008044
10-31,-20.535715901273846,-15.748035487198047,-35.82089605350538,-51.72414312842718,3.7037001816396367,-0.9174302896359324,-12.000000476837158,0.0,0.0,0.0,0.0,1.0,9.0,-12.094774650476175
11-01,-20.535715901273846,-21.48760184019727,-35.82089605350538,-51.72414312842718,3.7037001816396367,-0.9174302896359324,-12.000000476837158,0.0,0.0,0.0,0.0,1.0,9.0,-12.61655340983974
11-02,-20.535715901273846,-21.48760184019727,-29.85074374584936,-51.72414312842718,3.7037001816396367,-0.9174302896359324,-12.000000476837158,0.0,0.0,0.0,0.0,1.0,9.0,-12.073812290961918
11-03,-20.535715901273846,-21.48760184019727,-23.88059143819332,-51.72414312842718,7.901906153252069,-0.9174302896359324,-8.000004291534424,0.0,0.0,0.0,0.0,1.0,9.0,-10.785780066909991
11-04,-15.178567532221878,-21.48760184019727,-17.910448026752697,-51.72414312842718,12.207787060620856,-0.9174302896359324,-8.000004291534424,0.0,0.0,0.0,0.0,1.0,9.0,-9.364582549831683
11-05,-15.178567532221878,-27.826092094464762,-17.910448026752697,-51.72414312842718,16.363633548777038,-0.9174302896359324,-3.9999961853027344,0.0,0.0,0.0,0.0,1.0,9.0,-9.19936760982074
11-06,-20.560738188448912,-33.63636334080342,-17.910448026752697,-51.72414312842718,16.363633548777038,-0.9174302896359324,-8.000004291534424,0.0,0.0,0.0,0.0,1.0,9.0,-10.580499428802321
11-07,-26.470586860331103,-40.00000908261295,-17.910448026752697,-51.72414312842718,20.297028242215333,3.508768627628134,-3.9999961853027344,0.0,0.0,0.0,0.0,2.0,8.0,-10.572671492143925
11-08,-26.470586860331103,-47.00000286102295,-17.910448026752697,-51.72414312842718,20.297028242215333,3.508768627628134,-3.9999961853027344,0.0,0.0,0.0,0.0,2.0,8.0,-11.209034562908474
11-09,-28.999996185302713,-47.00000286102295,-17.910448026752697,-51.72414312842718,24.056598999271696,3.508768627628134,-3.9999961853027344,0.0,0.0,0.0,0.0,2.0,8.0,-11.097201705446222
11-10,-28.999996185302713,-47.00000286102295,-17.910448026752697,-59.0361540956758,24.056598999271696,3.508768627628134,0.0,0.0,0.0,0.0,0.0,2.0,8.0,-11.398293958350392
11-11,-28.999996185302713,-53.12500640284282,-17.910448026752697,-67.08860969604574,24.056598999271696,3.508768627628134,0.0,0.0,0.0,0.0,0.0,2.0,8.0,-12.687153880367646
11-12,-28.999996185302713,-53.12500640284282,-17.910448026752697,-67.08860969604574,24.056598999271696,3.508768627628134,0.0,0.0,0.0,0.0,0.0,2.0,8.0,-12.687153880367646
11-13,-28.999996185302713,-39.99999761581421,-17.910448026752697,-67.08860969604574,24.056598999271696,3.508768627628134,0.0,0.0,0.0,0.0,0.0,2.0,8.0,-11.493971263365047
11-14,-28.999996185302713,-39.99999761581421,-17.910448026752697,-67.08860969604574,24.056598999271696,3.508768627628134,0.0,0.0,0.0,0.0,0.0,2.0,8.0,-11.493971263365047
11-15,-28.999996185302713,-39.99999761581421,-17.910448026752697,-67.08860969604574,24.056598999271696,3.508768627628134,0.0,0.0,0.0,0.0,0.0,2.0,8.0,-11.493971263365047
11-16,-28.999996185302713,-39.99999761581421,-17.910448026752697,-67.08860969604574,24.056598999271696,3.508768627628134,0.0,0.0,0.0,0.0,0.0,2.0,8.0,-11.493971263365047
11-17,-28.999996185302713,-39.99999761581421,-17.910448026752697,-67.08860969604574,24.056598999271696,3.508768627628134,0.0,0.0,0.0,0.0,0.0,2.0,8.0,-11.493971263365047
11-18,-23.000001907348633,-39.99999761581421,-17.910448026752697,-67.08860969604574,20.099259032957757,3.508768627628134,0.0,0.0,0.0,0.0,0.0,2.0,8.0,-11.308275416852307
11-19,-23.000001907348633,-33.3333371177554,-17.910448026752697,-60.97561755682449,20.099259032957757,3.508768627628134,0.0,0.0,0.0,0.0,0.0,2.0,7.0,-10.146488813463213
11-20,-23.000001907348633,-27.272722346723675,-17.910448026752697,-60.97561755682449,20.099259032957757,3.508768627628134,0.0,0.0,0.0,0.0,0.0,2.0,7.0,-9.59552383427851
11-21,-23.000001907348633,-16.666660043928623,-17.910448026752697,-60.97561755682449,20.099259032957757,8.333335947572172,0.0,0.0,0.0,0.0,0.0,2.0,7.0,-8.192739323120412
11-22,-19.41748089700016,-20.689656589884557,-13.432831571956816,-53.6585367626551,20.099259032957757,8.333335947572172,0.0,0.0,0.0,0.0,0.0,2.0,7.0,-7.160537349178792
11-23,-13.888886129414704,-20.689656589884557,-8.955224013376348,-53.6585367626551,20.099259032957757,3.686643286264893,0.0,0.0,0.0,0.0,0.0,2.0,7.0,-6.673309197828005
11-24,-13.888886129414704,-20.689656589884557,-8.955224013376348,-46.511624361000095,20.099259032957757,7.929518425975232,0.0,0.0,0.0,0.0,0.0,2.0,7.0,-5.637873966794792
11-25,-13.888886129414704,-20.689656589884557,-8.955224013376348,-34.04255251692344,20.099259032957757,7.929518425975232,0.0,0.0,0.0,0.0,0.0,2.0,7.0,-4.5043219809696415
11-26,-12.844034991534523,-20.689656589884557,-8.955224013376348,-28.571425095939134,20.099259032957757,7.929518425975232,0.0,0.0,0.0,0.0,0.0,2.0,7.0,-3.9119602938001425
11-27,-7.894739869118656,-15.702473720756267,-8.955224013376348,-28.571425095939134,20.099259032957757,7.929518425975232,0.0,0.0,0.0,0.0,0.0,2.0,7.0,-3.0086441127506744
11-28,-12.844034991534523,-10.23622025071122,-8.955224013376348,-28.571425095939134,20.099259032957757,7.929518425975232,0.0,0.0,0.0,0.0,0.0,2.0,7.0,-2.9616478993298396
11-29,-17.142864279195887,-5.263152705571259,-8.955224013376348,-22.448982074329166,20.099259032957757,7.929518425975232,0.0,0.0,0.0,0.0,0.0,2.0,7.0,-2.343767783049061
11-30,-17.142864279195887,-5.263152705571259,-8.955224013376348,-22.448982074329166,15.926890528644364,7.929518425975232,0.0,0.0,0.0,0.0,0.0,2.0,7.0,-2.723074010713915
12-01,-11.42857240170853,-5.263152705571259,-8.955224013376348,-16.326526888506216,15.926890528644364,7.929518425975232,0.0,0.0,0.0,0.0,0.0,2.0,7.0,-1.6470060958675234
12-02,-11.42857240170853,-0.7194237817389376,-8.955224013376348,-16.326526888506216,15.926890528644364,7.929518425975232,0.0,0.0,0.0,0.0,0.0,2.0,7.0,-1.2339398300645854
12-03,-11.42857240170853,3.448280681469336,-8.955224013376348,-16.326526888506216,12.010445099483432,7.929518425975232,0.0,0.0,0.0,0.0,0.0,3.0,6.0,-1.2110980996966445
12-04,-6.363630156871835,8.275862125664345,-8.955224013376348,-11.224491037164555,12.532637823371557,7.929518425975232,0.0,0.0,0.0,0.0,0.0,3.0,6.0,0.19951574250894505
12-05,-6.363630156871835,8.275862125664345,-8.955224013376348,-11.224491037164555,7.967038239391504,7.929518425975232,0.0,0.0,0.0,0.0,0.0,3.0,6.0,-0.21553876512560552
12-06,-6.363630156871835,8.275862125664345,-8.955224013376348,-6.122443021609933,3.179194575191844,3.2407485592509335,0.0,0.0,0.0,0.0,0.0,3.0,6.0,-0.6132265392500904
12-07,-5.405400180747055,8.275862125664345,-8.955224013376348,-1.9607824804414733,-1.8237064886087957,3.2407485592509335,0.0,0.0,0.0,0.0,0.0,2.0,7.0,-0.6025911343871267
12-08,-5.405400180747055,8.275862125664345,-8.955224013376348,-1.9607824804414733,-1.8237064886087957,3.2407485592509335,0.0,0.0,0.0,0.0,0.0,2.0,7.0,-0.6025911343871267
12-09,-5.405400180747055,12.41379729916154,-8.955224013376348,2.8037466475174426,-7.028747033478842,3.2407485592509335,0.0,0.0,0.0,0.0,0.0,3.0,6.0,-0.2664617019702117
12-10,-5.405400180747055,12.41379729916154,-8.955224013376348,7.142860944173777,-7.028747033478842,-0.9259250061011769,0.0,0.0,0.0,0.0,0.0,2.0,7.0,-0.25078527185164584
12-11,-5.405400180747055,12.41379729916154,-8.955224013376348,7.142860944173777,-7.028747033478842,-0.9259250061011769,0.0,0.0,0.0,0.0,0.0,2.0,7.0,-0.25078527185164584
12-12,-4.464281437804522,12.41379729916154,-8.955224013376348,11.60714238197828,-7.028747033478842,-1.3953474446075624,0.0,0.0,0.0,0.0,0.0,2.0,7.0,0.19793997744295877
12-13,-5.405400180747055,12.41379729916154,-4.477607558580467,15.17857285406517,-7.028747033478842,-1.3953474446075624,0.0,0.0,0.0,0.0,0.0,2.0,7.0,0.8441152668920714
12-14,-0.8620681681899058,12.41379729916154,-4.477607558580467,18.80341684402871,-12.140570675033812,-1.3953474446075624,0.0,0.0,0.0,0.0,0.0,2.0,7.0,1.1219654815253188
12-15,-0.8620681681899058,12.41379729916154,-4.477607558580467,18.80341684402871,-12.140570675033812,-1.3953474446075624,0.0,0.0,0.0,0.0,0.0,2.0,7.0,1.1219654815253188
12-16,-0.8620681681899058,12.41379729916154,-4.477607558580467,22.13115034421194,-17.785233825419677,-1.3953474446075624,0.0,0.0,0.0,0.0,0.0,2.0,7.0,0.9113355133250791
12-17,-0.8620681681899058,12.41379729916154,-4.477607558580467,25.78124927240423,-17.785233825419677,-1.3953474446075624,0.0,0.0,0.0,0.0,0.0,2.0,7.0,1.2431626886152876
12-18,4.2735003547240655,12.41379729916154,-9.375000582076622,25.78124927240423,-17.785233825419677,-1.3953474446075624,0.0,0.0,0.0,0.0,0.0,3.0,6.0,1.2648150067441797
12-19,0.0,12.41379729916154,-14.754093715305943,28.906246362021122,-17.785233825419677,-1.3953474446075624,0.0,0.0,0.0,0.0,0.0,2.0,7.0,0.6713971523499525
12-20,0.0,12.41379729916154,-14.754093715305943,28.906246362021122,-17.785233825419677,-1.3953474446075624,0.0,0.0,0.0,0.0,0.0,2.0,7.0,0.6713971523499525
12-21,0.0,12.41379729916154,-14.754093715305943,35.07462812707531,-17.785233825419677,-1.3953474446075624,0.0,0.0,0.0,0.0,0.0,2.0,7.0,1.232159130991242
12-22,0.0,12.41379729916154,-14.754093715305943,35.07462812707531,-17.785233825419677,-1.3953474446075624,0.0,0.0,0.0,0.0,0.0,2.0,7.0,1.232159130991242
12-23,0.0,12.41379729916154,-14.754093715305943,37.85714145825831,-23.591552695166808,-1.3953474446075624,0.0,0.0,0.0,0.0,0.0,2.0,7.0,0.957267718394504
12-24,0.0,16.551724251328675,-9.836065733954968,40.816327358109724,-23.591552695166808,-1.3953474446075624,0.0,0.0,0.0,0.0,0.0,2.0,7.0,2.0495532487008234
12-26,-4.67289251077145,16.551724251328675,-15.517247580745028,40.816327358109724,-29.99999735090472,-1.3953474446075624,0.0,0.0,0.0,0.0,0.0,2.0,7.0,0.5256878838554215
12-27,-4.67289251077145,16.551724251328675,-15.517247580745028,40.816327358109724,-42.80156309822071,-1.3953474446075624,0.0,0.0,0.0,0.0,0.0,2.0,7.0,-0.6380908204460325
12-28,-4.67289251077145,16.551724251328675,-15.517247580745028,43.50649179747176,-49.795918565946316,-1.3953474446075624,0.0,0.0,0.0,0.0,0.0,2.0,7.0,-1.029380913933629
12-29,-4.67289251077145,16.551724251328675,-15.517247580745028,45.962733103212514,-57.51073804571249,-1.3953474446075624,0.0,0.0,0.0,0.0,0.0,2.0,7.0,-1.5074334752086676
12-30,-4.67289251077145,20.689659424825884,-15.517247580745028,45.962733103212514,-50.40983566511257,-1.3953474446075624,0.0,0.0,0.0,0.0,0.0,2.0,7.0,-0.48572097029074646
12-31,0.0,24.137931884965177,-15.517247580745028,48.52071152001856,-57.786877637139035,-6.046505593299596,0.0,0.0,0.0,0.0,0.0,2.0,7.0,-0.60836249147272
