,2009,2010,2011,2012,2013,2014,2015,2016,2017,2018,2019,ups,downs,end_day_sum,avg
01-02,-0.6000000238418579,1.159999847412109,-0.049999952316283736,-0.6500000953674321,-0.6999998092651363,0.08999991416931108,-0.9099998474121094,0.5999999940395355,-0.4100000858306885,0.0,0.0,3.0,8.0,03-03,-0.13363636894659567
01-03,-0.6999999284744263,1.1499998569488517,-0.049999952316283736,-0.6500000953674321,-0.6899998188018794,0.049999952316283736,-0.8699998855590816,0.5999999940395355,-0.4100000858306885,0.0,0.0,3.0,8.0,03-04,-0.14272726936773825
01-04,-0.41999995708465576,1.25,-0.049999952316283736,-0.1000001430511479,-0.8999998569488517,0.049999952316283736,-0.7999999523162842,0.5999999940395355,-0.4100000858306885,0.0,0.0,3.0,8.0,03-05,-0.07090909101746296
01-05,-0.34999990463256836,1.3000001907348637,0.15000009536743208,-0.1000001430511479,-0.7799999713897696,0.0,-1.080000042915344,0.49000000953674316,-0.4100000858306885,0.0,0.0,3.0,8.0,03-06,-0.07090907747095267
01-06,-0.34999990463256836,1.25,-0.029999971389770952,-0.1100001335144043,-0.7799999713897696,0.0,-1.080000042915344,0.49000000953674316,0.05999994277954146,0.0,0.0,3.0,8.0,03-07,-0.050000006502324786
01-07,-0.34999990463256836,1.2899999618530278,-0.049999952316283736,-0.2999999523162842,-0.7799999713897696,0.0,-1.080000042915344,0.49000000953674316,0.05999994277954146,0.0,0.0,3.0,8.0,03-08,-0.06545453721826705
01-08,-1.0499999523162842,1.400000095367432,0.019999980926514116,-0.2999999523162842,-0.6499998569488517,0.40000009536743253,-0.830000042915344,0.550000011920929,0.05999994277954146,0.0,0.0,5.0,6.0,03-09,-0.03636360710317408
01-09,-0.9000000953674319,1.460000038146973,0.1000001430511479,-0.2999999523162842,-0.5999999046325679,0.20000004768371626,-1.080000042915344,0.5600000023841858,0.05999994277954146,0.0,0.0,5.0,6.0,03-10,-0.045454529198733044
01-10,-0.8999999761581421,1.460000038146973,0.08000016212463379,-0.2999999523162842,-0.6999998092651363,0.45000004768371626,-0.09000003337860085,0.5600000023841858,-0.3900001049041748,0.0,0.0,4.0,7.0,03-11,0.01545457948337916
01-11,-1.0499999523162842,1.5999999046325688,0.03000020980834961,-0.15000009536743164,-0.8599998950958252,0.25,-0.09000003337860085,0.5600000023841858,-0.3900001049041748,0.0,0.0,4.0,7.0,03-12,-0.009090905839746588
01-12,-1.0,1.5999999046325688,-0.11999988555908203,-0.20000004768371582,-0.36999988555908203,0.5000002384185795,-0.039999961853027566,0.4099999666213989,0.04999995231628418,0.0,0.0,4.0,7.0,03-13,0.07545457103035673
01-13,-1.0,1.6399998664855961,-0.20000004768371582,-0.1000001430511479,-0.36999988555908203,0.45000004768371626,-0.039999961853027566,0.4099999666213989,0.0,0.0,0.0,3.0,8.0,03-14,0.07181816751306709
01-14,-0.9500000476837158,1.599999904632568,-0.2999999523162842,-0.2999999523162842,-0.36999988555908203,0.25,-1.0299999713897707,0.4099999666213989,0.0,0.0,0.0,3.0,8.0,03-15,-0.06272726709192455
01-15,-0.9000000953674319,1.650000095367432,-0.14999985694885254,-0.4499998092651363,-0.36999988555908203,0.25,-1.1100000143051147,0.5600000023841858,0.0,0.0,0.0,3.0,8.0,03-16,-0.047272687608545416
01-16,-1.1000000238418581,1.4000000953674316,0.15000009536743164,-0.4499998092651363,-0.26999998092651367,0.7299997806549068,-0.12999999523162864,0.5600000023841858,0.0,0.0,0.0,4.0,7.0,03-17,0.0809091058644381
01-17,-1.1000000238418581,1.4000000953674316,0.050000190734863725,-0.4499998092651363,-0.20000004768371582,0.600000143051147,-0.12999999523162864,0.5600000023841858,0.0,0.0,0.0,4.0,7.0,03-18,0.0663636868650263
01-18,-1.1000000238418581,1.4000000953674316,0.050000190734863725,-0.049999952316283736,-0.049999952316283736,0.4500002861022949,-0.12999999523162864,0.550000011920929,0.0,0.0,0.0,4.0,7.0,03-19,0.101818241856315
01-19,-1.1000000238418581,1.4000000953674316,0.050000190734863725,-0.09999990463256792,-0.049999952316283736,0.4800000190734872,-0.12999999523162864,0.550000011920929,0.0,0.0,0.0,4.0,7.0,03-20,0.10000004009767029
01-20,-1.1000000238418581,1.0099999904632568,0.05999994277954057,0.15000009536743208,-0.4500000476837158,0.20000004768371538,-0.12999999523162864,0.5900000035762787,0.0,0.0,0.0,5.0,6.0,03-21,0.030000001192092816
01-21,-1.1000000238418581,0.8499999046325679,0.0399999618530269,0.04999995231628418,0.0,0.20000004768371538,-0.12999999523162864,0.5900000035762787,0.0,0.0,0.0,5.0,6.0,03-22,0.04545453190803512
01-22,-0.8999999761581419,0.5099999904632573,0.0,0.04999995231628418,0.0,0.20000004768371538,-0.12999999523162864,0.5900000035762787,0.0,0.0,0.0,4.0,7.0,03-23,0.029090911149978638
01-23,-0.8500000238418581,0.75,-0.009999990463256836,0.09999990463256836,0.0,0.20000004768371538,-0.1499999761581423,0.5900000035762787,0.0,0.0,0.0,4.0,7.0,03-24,0.05727272412993683
01-24,-0.5600000619888306,0.9000000953674316,-0.009999990463256836,0.14999985694885254,0.0,0.20000004768371538,-0.11000001430511497,0.5900000035762787,0.0,0.0,0.0,4.0,7.0,03-25,0.10545453971082508
01-25,-0.5600000619888306,1.6500000953674316,-0.009999990463256836,0.25,0.0,0.20000004768371538,-0.11000001430511497,0.5900000035762787,0.0,0.0,0.0,4.0,7.0,03-26,0.1827272799882021
01-26,-0.6100000143051147,1.6500000953674316,-0.009999990463256836,1.0399999618530273,0.44000005722045943,0.20000004768371538,-0.11000001430511497,0.42000001668930054,0.0,0.0,0.0,5.0,6.0,03-27,0.2745454690673135
01-27,-0.950000047683716,1.5500001907348633,0.0,0.04999995231628418,0.39000010490417525,0.20000004768371538,-0.11000001430511497,0.44999998807907104,0.0,0.0,0.0,5.0,6.0,03-28,0.14363638379357074
01-28,-0.950000047683716,1.649999856948852,0.23000001907348633,0.09999990463256814,0.39000010490417525,0.09999990463256747,-0.1999999284744265,0.5545999407768252,0.0,0.0,0.0,6.0,5.0,03-29,0.170418159528212
01-29,-0.950000047683716,1.0499999523162837,0.09999990463256792,0.09999990463256814,0.45000004768371626,0.09999990463256747,-0.1999999284744265,0.44999998807907104,0.0,0.0,0.0,6.0,5.0,03-30,0.0999999750744211
01-30,-0.950000047683716,1.4100000858306885,0.09999990463256792,0.14999985694885232,0.5,0.2799999713897705,-0.1999999284744265,0.5509000122547151,0.0,0.0,0.0,6.0,5.0,03-31,0.16735453226349561
01-31,-0.9400000572204592,1.4100000858306885,0.09999990463256792,0.2999999523162842,-0.1000001430511479,0.29999995231628374,-0.050000071525574175,0.5509000122547151,0.0,0.0,0.0,5.0,6.0,04-01,0.14280905777757802
02-01,-0.9400000572204592,1.4100000858306885,0.09999990463256792,0.0,0.2999999523162842,0.29999995231628374,-0.050000071525574175,0.5509000122547151,0.0,0.0,0.0,5.0,6.0,04-02,0.1518999798731369
02-02,-0.6500000953674319,1.2599999904632568,0.09999990463256792,0.28999996185302734,0.20000004768371582,0.20000004768371582,-0.050000071525574175,0.5399999916553497,0.0,0.0,0.0,6.0,5.0,04-03,0.1718181615526025
02-03,-0.4500000476837158,1.2599999904632568,0.25,-0.10000014305114746,0.2999999523162842,0.20000004768371582,-0.050000071525574175,0.550000011920929,0.0,0.0,0.0,5.0,6.0,04-04,0.17818179455670438
02-04,-0.6000000238418577,1.2899999618530273,0.25,-0.10000014305114746,0.3500001430511479,0.20000004768371582,-0.050000071525574175,0.550000011920929,0.0,0.0,0.0,5.0,6.0,04-05,0.1718181750991128
02-05,-0.7899999618530273,0.4499998092651363,0.009999990463256836,-0.10000014305114746,0.3500001430511479,0.20000004768371582,0.0,0.550000011920929,0.0,0.0,0.0,5.0,6.0,04-06,0.06090908158909191
02-06,-0.7699999809265136,0.49999976158142045,0.059999942779541016,-0.10000014305114746,0.3500001430511479,0.14999985694885165,0.009999990463256836,0.550000011920929,0.0,0.0,0.0,6.0,5.0,04-07,0.06818178025158962
02-07,-0.7699999809265136,0.49999976158142045,0.04999995231628418,0.14999985694885232,0.45000004768371626,0.29999995231628374,-0.04999995231628418,0.550000011920929,0.0,0.0,0.0,6.0,5.0,04-08,0.1072726954113353
02-08,-0.7699999809265136,0.7999999523162837,0.04999995231628418,0.14999985694885232,0.5000000000000004,0.22000002861023038,-0.1499999761581423,0.550000011920929,0.0,0.0,0.0,6.0,5.0,04-09,0.12272725863890219
02-09,-0.7699999809265136,1.440000057220459,0.04999995231628418,0.14999985694885232,0.5000000000000004,0.1699998378753662,-0.34999990463256836,0.550000011920929,0.0,0.0,0.0,6.0,5.0,04-10,0.15818180279298266
02-10,-0.7699999809265136,1.349999904632568,-0.050000190734863725,0.1899999380111692,0.5000000000000004,0.11999988555908203,-0.34999990463256836,0.5900000035762787,0.0,0.0,0.0,5.0,6.0,04-11,0.14363633231683207
02-11,-0.8199999332427977,0.6400001049041748,0.09999990463256792,0.1899999380111692,0.5000000000000004,0.20000004768371538,-0.34999990463256836,0.09000000357627869,0.0,0.0,0.0,6.0,5.0,04-12,0.05000001463023094
02-12,-0.7699999809265136,0.570000171661377,0.2999999523162842,0.1899999380111692,0.7000000476837163,0.11999988555908203,-0.5799999237060547,0.5900000035762787,0.0,0.0,0.0,6.0,5.0,04-13,0.10181819037957629
02-13,-0.7699999809265136,1.2999999523162837,0.1699998378753662,0.1899999380111692,0.7000000476837163,0.09999990463256747,-0.5799999237060547,0.09000000357627869,0.0,0.0,0.0,6.0,5.0,04-14,0.10909088904207395
02-14,-0.6699999570846554,1.5499999523162837,0.25000000000000044,0.2099999189376831,0.7500000000000004,0.22000002861022994,-0.6299998760223389,0.5900000035762787,0.0,0.0,0.0,6.0,5.0,04-15,0.20636364275758928
02-15,-0.799999952316284,1.399999856948852,0.15000009536743208,0.2099999189376831,0.8999998569488517,0.15000009536743208,-0.6299998760223389,0.5900000035762787,0.0,0.0,0.0,6.0,5.0,04-16,0.179090908982537
02-16,-0.549999952316284,1.399999856948852,0.04999995231628418,0.36000001430511475,0.8999998569488517,0.15000009536743208,-0.6299998760223389,0.5900000035762787,0.0,0.0,0.0,6.0,5.0,04-17,0.20636363192038096
02-17,-0.549999952316284,1.25,-0.09999990463256747,0.2099999189376831,0.8999998569488517,0.15000009536743208,-0.6299998760223389,0.5900000035762787,0.0,0.0,0.0,5.0,6.0,04-18,0.1654545583508232
02-18,-0.6000000238418579,0.9000000953674316,-0.049999952316283736,0.24999999999999978,0.8999998569488517,0.15000009536743208,-0.309999942779541,0.49000000953674316,0.0,0.0,0.0,5.0,6.0,04-19,0.1572727398438887
02-19,-0.20000004768371582,0.7999999523162837,0.20000004768371626,0.24999999999999978,0.8999998569488517,0.0,-0.309999942779541,0.5015000104904175,0.0,0.0,0.0,5.0,6.0,04-20,0.1946818069978193
02-20,-0.40000009536743164,0.809999942779541,-0.09999990463256792,0.24999999999999978,0.8999998569488517,0.0,-0.25,0.42000001668930054,0.0,0.0,0.0,4.0,7.0,04-21,0.14818180149251758
02-21,-0.30000007152557395,0.809999942779541,-0.09999990463256792,0.24999999999999978,0.8999998569488517,0.10000014305114835,-0.20000004768371582,0.42000001668930054,0.0,0.0,0.0,5.0,6.0,04-22,0.1709090850569985
02-22,-0.30000007152557395,0.559999942779541,-0.09999990463256792,0.09000015258789107,0.8999998569488517,0.04000020027160689,-0.20000004768371582,0.42000001668930054,0.0,0.0,0.0,5.0,6.0,04-23,0.12818183140321213
02-23,-0.30000007152557395,0.559999942779541,-0.09999990463256792,0.040000200271607333,0.8999998569488517,0.09000015258789107,0.0,0.42000001668930054,0.0,0.0,0.0,5.0,6.0,04-24,0.1463636539199136
02-24,-0.2900000810623167,0.6500000953674316,-0.009999990463256392,-0.009999990463256392,0.5999999046325679,0.09000015258789107,0.04999995231628396,0.42000001668930054,0.0,0.0,0.0,5.0,6.0,04-25,0.1363636417822405
02-25,-0.30000007152557395,0.35999989509582475,-0.09999990463256836,0.040000200271607333,0.6999998092651363,0.04999995231628418,0.0,0.4300000071525574,0.0,0.0,0.0,5.0,6.0,04-26,0.1072727170857516
02-26,-0.4500000476837158,0.45000004768371626,-0.24000000953674316,0.040000200271607333,0.6999998092651363,-0.0399999618530269,0.04999995231628396,-0.11000001430511475,0.0,0.0,0.0,4.0,7.0,04-27,0.03636363419619484
02-27,-0.25,0.5900001525878911,-0.24000000953674316,0.040000200271607333,0.6999998092651363,-0.19000005722045943,-0.1300001144409184,0.009999990463256836,0.0,0.0,0.0,4.0,7.0,04-28,0.04818181558088823
02-28,-0.25,0.09000015258789107,-0.24000000953674316,-0.1499998569488521,0.5,-0.049999952316283736,-0.1300001144409184,0.04999995231628418,0.0,0.0,0.0,3.0,8.0,04-29,-0.01636362075805656
02-29,0.0,0.0,0.0,-0.1499998569488521,0.0,0.0,0.0,0.04999995231628418,0.0,0.0,0.0,1.0,1.0,04-29,-0.009090900421142538
03-01,-0.25,0.039999961853027344,-0.20000004768371626,-0.1499998569488521,0.5,-0.09999990463256792,-0.1300001144409184,0.04999995231628418,0.0,0.0,0.0,3.0,8.0,04-30,-0.02181818268515847
03-02,-0.25,0.049999952316284624,-0.20000004768371626,-0.09999990463256836,0.5,-0.09999990463256792,-0.1300001144409184,0.04999995231628418,0.0,0.0,0.0,3.0,8.0,05-01,-0.016363642432472923
03-03,-0.5299999713897705,-0.050000190734863725,-0.22000002861022905,-0.1499998569488521,0.5999999046325679,-0.20000004768371626,-0.20000004768371582,0.04999995231628418,0.0,0.0,0.0,2.0,9.0,05-02,-0.06363638964566322
03-04,-0.6000000238418579,-0.15000009536743253,-0.20000004768371626,-0.09999990463256836,0.5999999046325679,-0.15000009536743253,0.08000004291534402,0.12000000476837158,0.0,0.0,0.0,3.0,8.0,05-03,-0.03636365587061128
03-05,0.10000002384185791,-0.6000001430511483,-0.0699999332427983,-0.039999961853027344,0.5999999046325679,-0.15000009536743253,-0.1200000047683718,0.11000001430511475,0.0,0.0,0.0,3.0,8.0,05-04,-0.015454563227567069
03-06,0.4500000476837158,-0.5,-0.0699999332427983,-0.039999961853027344,0.5999999046325679,-0.15000009536743253,-0.1200000047683718,0.11000001430511475,0.0,0.0,0.0,3.0,8.0,05-05,0.025454542853615317
03-07,0.3500000238418579,-0.5,-0.0699999332427983,-0.039999961853027344,0.5999999046325679,-0.20000004768371626,-0.1200000047683718,-0.009999990463256836,0.0,0.0,0.0,2.0,9.0,05-06,0.0009090900421141165
03-08,0.3500000238418579,-0.5,-0.15000009536743208,0.0,0.75,0.0,-0.1200000047683718,-0.009999990463256836,0.0,0.0,0.0,2.0,9.0,05-07,0.02909090302207247
03-09,0.30000007152557373,-0.5,-0.13000011444091797,0.0,0.26999998092651367,0.0,-0.36000001430511497,-0.009999990463256836,0.0,0.0,0.0,2.0,9.0,05-08,-0.03909091515974567
03-10,0.4500000476837158,-0.6399998664855957,-0.04999995231628418,0.0,-0.18000006675720215,0.10000014305114835,-0.36000001430511497,-0.009999990463256836,0.0,0.0,0.0,2.0,9.0,05-09,-0.06272724541750815
03-11,0.40000009536743164,-0.6499998569488517,0.04999995231628418,0.0,-0.07999992370605424,-0.1500000953674312,-0.41000008583068825,-0.6599999964237213,0.0,0.0,0.0,2.0,9.0,05-10,-0.1363636282357301
03-12,0.11000001430511497,-0.9500000476837163,0.04999995231628418,0.0,-0.07999992370605424,-0.09999990463256792,-0.33000004291534424,-0.6599999964237213,0.0,0.0,0.0,2.0,9.0,05-11,-0.1781818135218186
03-13,0.1499999761581421,-1.0,0.0,0.1499998569488521,-0.07999992370605424,-0.27999973297119096,-0.34000003337860085,0.039999961853027344,0.0,0.0,0.0,3.0,8.0,05-12,-0.12363635409962041
03-14,0.1499999761581421,-1.0,-0.20000004768371582,0.1499998569488521,-0.1499998569488521,-0.25000023841857955,-0.41999995708465554,-0.009999990463256836,0.0,0.0,0.0,2.0,9.0,05-13,-0.1572727506810969
03-15,0.3500000238418579,-0.7999999523162837,-0.5,0.1499998569488521,-0.1000001430511479,0.0,-0.41999995708465554,-0.009999990463256836,0.0,0.0,0.0,2.0,9.0,05-14,-0.120909105647694
03-16,0.2999999523162842,-0.7999999523162837,-0.4000000953674321,-0.1000001430511479,-0.1000001430511479,-0.05000019073486328,-0.41999995708465554,0.0,0.0,0.0,0.0,1.0,10.0,05-15,-0.14272732084447692
03-17,0.2999999523162842,-0.7999999523162837,-0.46000003814697266,0.0,-0.1000001430511479,-0.12000012397766158,-0.41999995708465554,0.0,0.0,0.0,0.0,1.0,10.0,05-16,-0.14545456929640338
03-18,0.2999999523162842,-1.0,-0.3400001525878906,-0.04999995231628418,0.049999952316283736,-0.14999985694885387,-0.41999995708465554,0.0,0.0,0.0,0.0,2.0,9.0,05-17,-0.1463636376641015
03-19,0.1499999761581421,-0.809999942779541,-0.2999999523162842,-0.04999995231628418,0.4500000476837158,0.13000011444091797,-0.41999995708465554,0.0,0.0,0.0,0.0,3.0,8.0,05-18,-0.07727269692854445
03-20,0.1499999761581421,-0.7999999523162837,-0.40000009536743164,-0.04999995231628418,0.0,0.20000004768371626,-0.41999995708465554,0.0,0.0,0.0,0.0,2.0,9.0,05-19,-0.11999999393116334
03-21,0.15000009536743164,-1.0,-0.40000009536743164,-0.09999990463256836,0.0,0.20000004768371626,-0.41999995708465554,0.0,0.0,0.0,0.0,2.0,9.0,05-20,-0.14272725582122797
03-22,0.10000002384185791,-1.0,-0.3900001049041748,-0.1499998569488521,0.0,0.25000023841857955,-0.41999995708465554,0.0,0.0,0.0,0.0,2.0,9.0,05-21,-0.14636360515247682
03-23,0.10000002384185791,-1.1500000953674316,-0.3900001049041748,0.0,-0.20000004768371626,0.25000023841857955,-0.41999995708465554,-0.10459995269775413,0.0,0.0,0.0,2.0,9.0,05-22,-0.17405453595248135
03-24,0.10000002384185791,-1.9000000953674316,-0.24000000953674316,-0.44999992847442605,-0.20000004768371626,0.20000004768371626,-0.41999995708465554,0.0,0.0,0.0,0.0,2.0,9.0,05-23,-0.26454545151103626
03-25,0.1499999761581421,-2.0999999046325684,-0.3600001335144043,-0.25,-0.6500000953674321,0.20000004768371626,-0.41999995708465554,0.0,0.0,0.0,0.0,2.0,9.0,05-24,-0.31181818788701837
03-26,0.1499999761581421,-1.75,-0.40000009536743164,0.20000004768371582,-0.6000001430511479,0.20000004768371626,-0.41999995708465554,-0.13450002670288086,0.0,0.0,0.0,3.0,8.0,05-25,-0.250409104607322
03-27,0.1499999761581421,-1.8000001907348633,-0.2999999523162842,0.20000004768371582,0.0,0.0,-0.41999995708465554,-0.25,0.0,0.0,0.0,2.0,9.0,05-26,-0.2200000069358132
03-28,0.13999998569488525,-1.8000001907348633,-0.3199999332427983,0.15000009536743164,-0.4500000476837158,0.0,-0.41999995708465554,-0.19249999523162842,0.0,0.0,0.0,2.0,9.0,05-27,-0.26295454935594037
03-29,0.19000005722045898,-1.9000000953674316,-0.3199999332427983,0.15000009536743164,-0.4500000476837158,0.05000019073486328,-0.5199999809265134,-0.19249999523162842,0.0,0.0,0.0,3.0,8.0,05-28,-0.2720454281026667
03-30,0.19000005722045898,-1.9000000953674316,-0.3199999332427983,0.15000009536743164,-0.4500000476837158,0.09999990463256836,-0.5799999237060545,-0.19249999523162842,0.0,0.0,0.0,3.0,8.0,05-29,-0.2729545398191972
03-31,0.19000005722045898,-1.7899999618530273,-0.3199999332427983,0.13000011444091797,-0.40000009536743164,0.09999990463256836,-0.5799999237060545,-0.19249999523162842,0.0,0.0,0.0,3.0,8.0,05-30,-0.26022725755518133
04-01,-0.09999990463256836,-1.0999999046325684,-1.9099999666213991,0.13000011444091797,-0.2999999523162842,0.19999980926513627,-0.5799999237060545,-0.19249999523162842,0.0,0.0,0.0,2.0,9.0,05-31,-0.35022724758494983
04-02,0.19000005722045898,-1.1999998092651367,-1.669999957084656,-0.17999994754791238,-0.39999985694885254,0.19999980926513627,-0.7999999523162842,-0.25,0.0,0.0,0.0,2.0,9.0,06-01,-0.37363633242520417
04-03,0.22000002861022938,-0.7999997138977046,-1.669999957084656,-0.17999994754791238,-0.45000004768371626,0.4000000953674321,-0.8999999761581421,-0.25,0.0,0.0,0.0,2.0,9.0,06-02,-0.3299999562176791
04-04,0.22000002861022938,-0.7999997138977046,-1.669999957084656,-0.17999994754791238,-0.20000004768371582,0.11999988555908203,-0.9099999666213991,-0.25,0.0,0.0,0.0,2.0,9.0,06-03,-0.33363633806055243
04-05,0.16999995708465565,-0.7999997138977046,-1.7199999094009402,0.15000009536743164,-0.15000009536743253,0.1300001144409184,-0.690000057220459,-0.25,0.0,0.0,0.0,3.0,8.0,06-04,-0.2872726917266846
04-06,0.16999995708465565,-0.7999997138977046,-1.7099999189376833,0.15000009536743164,-0.1000001430511479,0.1300001144409184,-0.690000057220459,-0.25,0.0,0.0,0.0,3.0,8.0,06-05,-0.281818151473999
04-07,0.16999995708465565,-1.099999904632568,-1.7599998712539675,0.1400001049041748,0.09999990463256747,0.24999999999999956,-0.5900000333786009,0.25,0.0,0.0,0.0,5.0,6.0,06-06,-0.23090907660397625
04-08,0.16999995708465565,0.1099998950958252,-1.9099999666213991,0.1400001049041748,-0.1000001430511479,0.3000001907348637,-0.3900001049041748,-0.25,0.0,0.0,0.0,4.0,7.0,06-07,-0.17545455152338205
04-09,0.16999995708465565,0.0,-0.40000009536743164,0.1400001049041748,-0.1000001430511479,0.3500001430511479,-0.25,0.25,0.0,0.0,0.0,4.0,7.0,06-08,0.014545451511036256
04-10,0.16999995708465565,-0.5,-0.2999999523162842,0.1400001049041748,-0.1000001430511479,0.33000016212463423,0.10000002384185813,0.25,0.0,0.0,0.0,5.0,6.0,06-09,0.008181832053444612
04-11,0.16999995708465565,-0.5,-0.2999999523162842,0.1400001049041748,-0.20000004768371626,0.27999997138977006,0.1499999761581423,0.25,0.0,0.0,0.0,5.0,6.0,06-10,-0.0009090900421143285
04-12,0.16999995708465565,-0.5,-0.1699998378753662,-0.25,-0.29999995231628374,0.09999990463256792,0.04999995231628418,-0.25,0.0,0.0,0.0,3.0,8.0,06-11,-0.10454545237801292
04-13,0.22000002861022938,-0.75,-0.25000000000000044,-0.14999985694885232,-0.29999995231628374,0.19999980926513627,0.5399999618530273,-0.25,0.0,0.0,0.0,3.0,8.0,06-12,-0.06727272813970396
04-14,0.3500000238418579,-0.5999999046325684,0.049999952316283736,-0.24999999999999978,-0.29999995231628374,0.19999980926513627,0.5399999618530273,-0.25,0.0,0.0,0.0,4.0,7.0,06-13,-0.023636373606595148
04-15,0.10000002384185791,-0.15000009536743164,0.049999952316283736,-0.24999999999999978,-0.29999995231628374,0.19999980926513627,0.5399999618530273,-0.2615000009536743,0.0,0.0,0.0,4.0,7.0,06-14,-0.006500027396462201
04-16,-0.2999999523162842,0.0,-0.45000004768371626,-0.24999999999999978,-0.29999995231628374,0.19999980926513627,0.5399999618530273,-0.19249999523162842,0.0,0.0,0.0,2.0,9.0,06-15,-0.06840910694815898
04-17,-0.09999990463256836,-0.7999999523162837,-0.45000004768371626,-0.24999999999999978,-0.29999995231628374,0.1500000953674312,-0.5,-0.19249999523162842,0.0,0.0,0.0,1.0,10.0,06-16,-0.22204543243754993
04-18,-0.09999990463256836,-0.7999999523162837,-0.3500001430511479,-0.24999999999999978,-0.09999990463256747,0.1500000953674312,-0.5,-0.19249999523162842,0.0,0.0,0.0,1.0,10.0,06-17,-0.19477270949970585
04-19,-0.09999990463256836,-0.16000008583068803,-0.050000190734863725,-0.20000004768371604,-0.09999990463256747,0.19999980926513627,-0.19999992847442605,-0.19249999523162842,0.0,0.0,0.0,1.0,10.0,06-18,-0.07295456799593834
04-20,-0.09999990463256836,-0.16000008583068803,-0.19000005722045943,-0.14999985694885232,0.0,0.21999979019164995,-0.19999992847442605,-0.19249999523162842,0.0,0.0,0.0,1.0,10.0,06-19,-0.07022727619517934
04-21,-0.09999990463256836,0.08999991416931197,-0.15000009536743164,-0.17000007629394576,0.0,0.19999980926513627,-0.19999992847442605,-0.25999999046325684,0.0,0.0,0.0,2.0,9.0,06-20,-0.05363638834519822
04-22,-0.09999990463256836,-0.6499998569488517,-0.15000009536743164,-0.17000007629394576,0.05999994277954146,0.1499998569488521,-0.39999997615814187,0.039999961853027344,0.0,0.0,0.0,3.0,8.0,06-21,-0.11090910434722895
04-23,0.0,-0.4200000762939453,0.0,-0.17000007629394576,0.3599998950958252,0.1499998569488521,-0.39999997615814187,0.09000003337860107,0.0,0.0,0.0,3.0,8.0,06-22,-0.03545457666570496
04-24,0.1499999761581421,-0.5700001716613774,-0.4500000476837158,-0.17000007629394576,0.25999999046325684,0.2999999523162846,-0.39999997615814187,0.09000003337860107,0.0,0.0,0.0,4.0,7.0,06-23,-0.07181821086189966
04-25,0.10000002384185791,-1.3300001621246338,-0.15000009536743164,-0.17000007629394576,0.4599997997283931,0.1499998569488521,-0.36000001430511475,0.09000003337860107,0.0,0.0,0.0,4.0,7.0,06-24,-0.11000005765394744
04-26,0.0,-1.150000095367432,-0.15000009536743164,-0.17000007629394576,0.39999985694885165,0.29999971389770463,-0.36000001430511475,0.05000007152557373,0.0,0.0,0.0,3.0,8.0,06-25,-0.09818187626925402
04-27,0.0,-0.6500000953674321,-0.15000009536743164,-0.2200000286102295,0.39999985694885165,0.009999990463256836,-0.36000001430511475,0.05000007152557373,0.0,0.0,0.0,3.0,8.0,06-26,-0.08363639224659325
04-28,0.0,-0.5999999046325684,-0.20000004768371582,-0.30000007152557395,0.09999990463256792,0.24999999999999956,-0.36000001430511475,0.05000007152557373,0.0,0.0,0.0,3.0,8.0,06-27,-0.0963636419989847
04-29,0.0,-0.5499999523162837,-0.20000004768371582,-0.15000009536743208,0.009999990463256392,0.24999999999999956,-0.36000001430511475,-0.12000000476837158,0.0,0.0,0.0,2.0,9.0,06-28,-0.10181819308887836
04-30,0.0,-0.2899999618530269,-0.3499999046325679,-0.15000009536743208,-0.08999991416931152,0.3500001430511479,-0.15999996662139893,-0.12000000476837158,0.0,0.0,0.0,1.0,10.0,06-29,-0.07363633676008736
05-01,-0.2999999523162842,-0.7000000476837163,-0.25,-0.20000004768371582,-0.08999991416931152,0.3500001430511479,-0.15999996662139893,-0.12000000476837158,0.0,0.0,0.0,1.0,10.0,06-30,-0.13363634456287732
05-02,-0.25,-0.7000000476837163,-0.25,-0.25999999046325684,-0.15000009536743164,0.20000004768371626,-0.15999996662139893,-0.019999980926513672,0.0,0.0,0.0,1.0,10.0,07-01,-0.14454545757987283
05-03,-0.25,-0.6000001430511479,-0.25,-0.2999999523162842,-0.20000004768371582,0.20000004768371626,-0.04999995231628418,-0.019999980926513672,0.0,0.0,0.0,1.0,10.0,07-02,-0.13363636623729358
05-04,-0.25,-0.6000001430511479,-0.25,-0.5,-0.20000004768371582,0.10000014305114835,-0.04999995231628418,0.10000002384185791,0.0,0.0,0.0,2.0,9.0,07-03,-0.14999999783255832
05-05,-0.25,-0.6000001430511479,-0.25,-0.5,-0.20000004768371582,0.10000014305114835,-0.04999995231628418,0.10000002384185791,0.0,0.0,0.0,2.0,9.0,07-04,-0.14999999783255832
05-06,-0.20000004768371582,-0.6000001430511479,-0.3499999046325679,-0.5,-0.20000004768371582,0.10000014305114835,0.19000005722045898,0.7500000298023224,0.0,0.0,0.0,3.0,8.0,07-05,-0.07363635572520161
05-07,0.04000008106231667,0.8499999046325679,-0.25,-0.5,0.25,0.0,0.19000005722045898,0.7500000298023224,0.0,0.0,0.0,5.0,6.0,07-06,0.12090909751978782
05-08,0.20000004768371582,0.5,-0.3399999141693115,-0.5,0.1499998569488521,0.2599997520446764,-0.059999942779541016,0.7500000298023224,0.0,0.0,0.0,5.0,6.0,07-07,0.08727271177551947
05-09,0.1499999761581421,-0.09999990463256792,-0.440000057220459,-0.5,0.1499998569488521,0.25000023841857955,0.019999980926513672,0.7500000298023224,0.0,0.0,0.0,5.0,6.0,07-08,0.025454556400125717
05-10,0.1499999761581421,0.0,-0.3900001049041748,-0.4099999666213989,-0.04999995231628418,0.09999990463256836,0.019999980926513672,0.05000007152557373,0.0,0.0,0.0,4.0,7.0,07-09,-0.04818182641809637
05-11,0.25,0.0,-0.19000005722045898,-0.4099999666213989,0.06000018119812012,0.04999971389770508,-0.18000006675720215,0.10000002384185791,0.0,0.0,0.0,4.0,7.0,07-10,-0.029090924696488815
05-12,0.04999995231628418,-0.20000004768371626,-0.19000005722045898,-0.4099999666213989,-0.25,0.04999971389770508,-0.18000006675720215,0.10000002384185791,0.0,0.0,0.0,3.0,8.0,07-11,-0.09363640438426629
05-13,0.10000002384185791,0.0,-0.25,-0.5,0.15000009536743164,0.09999990463256836,-0.18000006675720215,0.10000002384185791,0.0,0.0,0.0,4.0,7.0,07-12,-0.04363636537031694
05-14,0.10000002384185791,0.0,-0.40000009536743164,-0.7899999618530273,0.15000009536743164,0.16999983787536666,-0.18000006675720215,0.10000002384185791,0.0,0.0,0.0,4.0,7.0,07-13,-0.077272740277377
05-15,0.10000002384185791,-0.20000004768371626,-0.40000009536743164,-0.7400000095367432,0.0,0.09999990463256836,-0.18000006675720215,0.10000002384185791,0.0,0.0,0.0,3.0,8.0,07-14,-0.11090911518443719
05-16,-0.05000007152557373,-0.20000004768371626,-0.40000009536743164,-0.7400000095367432,0.0,0.09999990463256836,-0.18000006675720215,0.10000002384185791,0.0,0.0,0.0,2.0,9.0,07-15,-0.12454548749056733
05-17,-0.15000009536743164,0.5999999046325675,-0.2999999523162842,-0.3500001430511479,0.15000009536743208,0.04999971389770508,-0.18000006675720215,0.10000002384185791,0.0,0.0,0.0,4.0,7.0,07-16,-0.007272774522954848
05-18,-0.15000009536743164,0.7999999523162837,-0.2999999523162842,-0.25,0.15000009536743208,0.04999971389770508,-0.18000006675720215,0.10000002384185791,0.0,0.0,0.0,4.0,7.0,07-17,0.01999997008930553
05-19,-0.10000002384185791,0.7999999523162837,-0.3499999046325679,0.19999992847442605,0.15000009536743208,0.04999971389770508,-0.18000006675720215,0.11150002479553223,0.0,0.0,0.0,5.0,6.0,07-18,0.06195451996543193
05-20,-0.10000002384185791,0.7999999523162837,0.13000011444091797,0.19999992847442605,0.15000009536743208,0.04999971389770508,-0.18000006675720215,0.11150002479553223,0.0,0.0,0.0,6.0,5.0,07-19,0.10559088533574883
05-21,-0.10000002384185791,0.34999990463256836,0.15000009536743164,0.19999992847442605,0.15000009536743208,0.09999990463256836,-0.18000006675720215,0.24600005149841309,0.0,0.0,0.0,6.0,5.0,07-20,0.08327271721579814
05-22,-0.10000002384185791,0.25,0.40000009536743164,0.0,0.6000001430511479,0.09999990463256836,-0.18000006675720215,0.24600005149841309,0.0,0.0,0.0,5.0,6.0,07-21,0.11963637308640918
05-23,-0.15000009536743164,0.8000001907348637,0.40000009536743164,-0.4500000476837158,0.25,0.04999971389770508,-0.08000004291534424,0.24600005149841309,0.0,0.0,0.0,5.0,6.0,07-22,0.09690907868472017
05-24,-0.19000005722045898,0.9000000953674316,0.2999999523162842,-0.4500000476837158,0.4500000476837158,0.019999980926513672,-0.08000004291534424,0.3615000247955322,0.0,0.0,0.0,5.0,6.0,07-23,0.11922726847908714
05-25,-0.10000002384185791,0.9000000953674316,0.3199999332427983,-0.43000006675720215,0.40000009536743164,0.019999980926513672,0.12000000476837158,0.30400002002716064,0.0,0.0,0.0,6.0,5.0,07-24,0.13945454900914978
05-26,-0.10000002384185791,1.0,1.9099999666213991,-0.43000006675720215,0.40000009536743164,0.019999980926513672,0.12000000476837158,0.3424999713897705,0.0,0.0,0.0,6.0,5.0,07-25,0.2965909025885842
05-27,-0.10000002384185791,0.9000000953674321,1.9099999666213991,-0.43000006675720215,0.40000009536743164,0.019999980926513672,0.1799999475479126,0.3999999761581421,0.0,0.0,0.0,6.0,5.0,07-26,0.2981818155808883
05-28,-0.10000002384185791,0.5,1.9099999666213991,-0.43000006675720215,0.40000009536743164,0.019999980926513672,0.34999990463256836,0.3999999761581421,0.0,0.0,0.0,6.0,5.0,07-27,0.27727271210063587
05-29,-0.10000002384185791,0.09999990463256792,1.9099999666213991,-0.43000006675720215,0.2999999523162842,-0.13000011444091797,0.44999992847442627,0.3999999761581421,0.0,0.0,0.0,5.0,6.0,07-28,0.2272726839238947
05-30,-0.10000002384185791,0.4800000190734859,1.6599999666213991,-0.1200000047683718,0.049999952316283736,0.03000020980834961,0.4599999189376833,0.3730000257492063,0.0,0.0,0.0,6.0,5.0,07-29,0.257545460354198
05-31,-0.10000002384185791,-0.04000020027160689,1.6599999666213991,-0.4500000476837158,-0.20000004768371538,0.019999980926512784,0.4599999189376833,0.3730000257492063,0.0,0.0,0.0,4.0,7.0,07-30,0.1566363247958096
06-01,-0.10000002384185791,-0.04000020027160689,1.6599999666213991,-0.4500000476837158,-0.5,0.019999980926512784,0.4599999189376833,0.3730000257492063,0.0,0.0,0.0,4.0,7.0,07-31,0.12936360185796555
06-02,-0.04999995231628418,-0.04000020027160689,1.9299999475479128,-0.440000057220459,-0.5,0.019999980926512784,0.24000000953674316,0.3730000257492063,0.0,0.0,0.0,4.0,7.0,08-01,0.13936361399563865
06-03,-0.04999995231628418,-0.21000003814697266,1.9099999666213991,-0.440000057220459,-0.09999990463256836,0.019999980926512784,0.24000000953674316,0.3730000257492063,0.0,0.0,0.0,4.0,7.0,08-02,0.15845454822887065
06-04,0.0,-0.05000019073486328,0.40000009536743164,-0.440000057220459,-0.29999995231628374,-0.09999990463256836,0.2999999523162842,0.3500000238418579,0.0,0.0,0.0,3.0,8.0,08-03,0.014545451511036306
06-05,0.0,-0.3499999046325679,0.40000009536743164,-0.440000057220459,-0.09999990463256836,-0.07999992370605469,-0.05000007152557395,0.3730000257492063,0.0,0.0,0.0,2.0,9.0,08-04,-0.02245452187278054
06-06,-0.10000002384185791,-0.3499999046325679,0.15000009536743164,-0.440000057220459,-0.09999990463256792,-0.04999971389770508,-0.05000007152557395,0.3500000238418579,0.0,0.0,0.0,2.0,9.0,08-05,-0.05363632332194929
06-07,-0.10000002384185791,-0.40000009536743164,0.04999995231628418,-0.20000004768371582,0.0,0.05000019073486328,-0.05000007152557395,0.3500000238418579,0.0,0.0,0.0,3.0,8.0,08-06,-0.02727273377505218
06-08,-0.04999995231628418,-0.40000009536743164,0.04999995231628418,-0.15000009536743186,0.0,0.019999980926513672,-0.05000007152557395,0.3500000238418579,0.0,0.0,0.0,3.0,8.0,08-07,-0.020909114317460533
06-09,-0.04999995231628418,-0.40000009536743164,-0.25,-0.15000009536743186,-0.20000004768371582,0.05000019073486328,0.04999995231628418,0.4500000476837158,0.0,0.0,0.0,3.0,8.0,08-08,-0.04545454545454548
06-10,-0.10000002384185791,-0.3499999046325679,-0.20000004768371582,-0.15000009536743186,-0.1099998950958252,-0.04999971389770508,-0.440000057220459,0.38450002670288086,0.0,0.0,0.0,1.0,10.0,08-09,-0.09231815554878926
06-11,-0.060000061988830566,-0.29999995231628374,0.2999999523162842,-0.3500000238418579,-0.1099998950958252,-0.04999971389770508,-0.440000057220459,0.3270000219345093,0.0,0.0,0.0,2.0,9.0,08-10,-0.06209088455546982
06-12,-0.060000061988830566,0.5,0.09999990463256836,-0.3500000238418579,-0.1099998950958252,-0.03000020980834961,0.25,0.32249999046325684,0.0,0.0,0.0,4.0,7.0,08-11,0.056590882214632904
06-13,-0.05000007152557373,0.5,0.0,-0.3500000238418579,-0.5099999904632573,-0.03000020980834961,-0.19999992847442627,0.32249999046325684,0.0,0.0,0.0,2.0,9.0,08-12,-0.02886365760456436
06-14,-0.05000007152557373,0.4500000476837158,0.0,-0.3500000238418579,-0.2100000381469731,-0.07999992370605469,-0.19999992847442627,0.32249999046325684,0.0,0.0,0.0,2.0,9.0,08-13,-0.01068181341344664
06-15,-0.12999999523162842,0.4500000476837158,-0.09999990463256836,-0.3500000238418579,-0.30999994277954057,-0.07999992370605469,-0.19999992847442627,0.32249999046325684,0.0,0.0,0.0,2.0,9.0,08-14,-0.03613633459264578
06-16,-0.12999999523162842,-0.18999981880187988,-0.09999990463256836,-0.3799999952316282,-0.30999994277954057,-0.1499998569488521,-0.5000000000000002,0.38450002670288086,0.0,0.0,0.0,1.0,10.0,08-15,-0.12504540790211063
06-17,-0.12999999523162842,0.3999998569488521,-0.09999990463256836,-0.3799999952316282,-0.34999990463256747,-0.16999983787536577,-0.5000000000000002,0.05000007152557373,0.0,0.0,0.0,2.0,9.0,08-16,-0.10727270082993932
06-18,-0.22999989986419678,0.019999980926513672,-0.15000009536743164,0.26999998092651367,-0.34999990463256747,-0.1499998569488521,-0.5000000000000002,0.011500000953674316,0.0,0.0,0.0,3.0,8.0,08-17,-0.09804543581875878
06-19,-0.25,0.4100000858306885,0.25,0.26999998092651367,-0.40999984741210893,-0.1499998569488521,-0.30000007152557395,0.011500000953674316,0.0,0.0,0.0,4.0,7.0,08-18,-0.015318155288696228
06-20,-0.20000004768371582,0.0700001716613774,-0.4500000476837158,0.26999998092651367,-0.40999984741210893,-0.1499998569488521,-0.3400000333786011,0.011500000953674316,0.0,0.0,0.0,3.0,8.0,08-19,-0.10895451632412985
06-21,-0.44999998807907093,0.0700001716613774,0.0,0.26999998092651367,-0.34999990463256747,-0.24999976158142045,-0.5399999618530273,0.011500000953674316,0.0,0.0,0.0,3.0,8.0,08-20,-0.11259086023677463
06-22,-0.4300000071525574,0.8300001621246338,-0.2999999523162842,0.16000008583068892,-0.34999990463256747,-0.24999976158142045,-0.5399999618530273,0.011500000953674316,0.0,0.0,0.0,3.0,8.0,08-21,-0.07895448532971452
06-23,-0.32999998331069946,0.6500000953674321,0.25,0.14999997615814187,-0.34999990463256747,-0.19999980926513672,-0.5399999618530273,0.011500000953674316,0.0,0.0,0.0,4.0,7.0,08-22,-0.032590871507471156
06-24,-0.32999998331069946,0.6500000953674321,-0.04999995231628418,0.14999997615814187,-0.34999990463256747,0.08999991416931108,-0.5399999618530273,0.1499999761581421,0.0,0.0,0.0,4.0,7.0,08-23,-0.02090907638723194
06-25,-0.349999964237213,0.5899999141693115,0.3399999141693111,0.14999997615814187,-0.049999952316283736,-0.15000009536743164,-0.5399999618530273,0.10000002384185791,0.0,0.0,0.0,4.0,7.0,08-24,0.00818180496042424
06-26,-0.40000003576278675,0.8499999046325684,0.3399999141693111,0.0,0.03999996185302779,-0.15000009536743164,-0.5399999618530273,0.10000002384185791,0.0,0.0,0.0,4.0,7.0,08-25,0.021818155592138126
06-27,-0.550000011920929,0.75,0.3399999141693111,0.0,0.1000001430511479,0.0,-0.5399999618530273,0.11150002479553223,0.0,0.0,0.0,4.0,7.0,08-26,0.019227282567457718
06-28,-0.550000011920929,0.75,0.24000000953674316,0.0,0.15000009536743208,-1.3900001049041748,-0.5399999618530273,0.11150002479553223,0.0,0.0,0.0,4.0,7.0,08-27,-0.11168181354349306
06-29,-0.550000011920929,0.75,0.24000000953674316,0.15000009536743186,0.15000009536743208,0.0,-0.49000000953674316,0.011500000953674316,0.0,0.0,0.0,5.0,6.0,08-28,0.02377274361523721
06-30,-0.550000011920929,0.6500000953674316,0.09999990463256792,0.15000009536743186,0.15000009536743208,-0.25,-0.6000000238418579,0.0,0.0,0.0,0.0,4.0,7.0,08-29,-0.03181816772981121
07-01,-0.5000000596046448,-0.7499999999999996,0.0,-0.04999995231628418,0.15000009536743208,-0.15000009536743208,-0.6000000238418579,0.0,0.0,0.0,0.0,1.0,10.0,08-30,-0.17272727597843512
07-02,-0.2500000596046449,-0.25,0.08999991416931152,-0.04999995231628418,0.15000009536743208,-0.4099998474121085,-0.3999999761581421,0.0,0.0,0.0,0.0,2.0,9.0,08-31,-0.10181816599585782
07-03,-0.19999998807907116,0.3499999046325679,0.08999991416931152,-0.04999995231628418,0.15000009536743208,-0.3000001907348633,-0.3999999761581421,0.0,0.0,0.0,0.0,3.0,8.0,09-01,-0.032727290283549926
07-05,-0.5,0.2999999523162842,0.08999991416931152,-0.13999998569488525,0.15000009536743208,-0.5500001907348633,-0.5,0.0,0.0,0.0,0.0,3.0,8.0,09-03,-0.10454547405242916
07-06,-0.4399999976158142,0.2999999523162842,0.19000005722045898,-0.13999998569488525,-0.009999990463256392,-0.6000001430511479,-0.5,0.0,0.0,0.0,0.0,2.0,9.0,09-04,-0.10909091884439642
07-07,-0.4399999976158142,0.20000004768371626,0.19000005722045898,-0.13999998569488525,-0.009999990463256392,-0.8500001430511479,-0.5,0.0,0.0,0.0,0.0,2.0,9.0,09-05,-0.14090909199281168
07-08,-0.5400000214576721,0.20000004768371626,0.40000009536743164,-0.13999998569488525,-0.009999990463256392,-0.7999999523162846,-0.2999999523162842,0.0,0.0,0.0,0.0,2.0,9.0,09-06,-0.1081817962906577
07-09,-0.5400000214576721,0.15000009536743208,0.6700000762939449,-0.13999998569488525,0.3000001907348637,-0.7999999523162846,-0.2999999523162842,0.0,0.0,0.0,0.0,3.0,7.0,09-07,-0.059999959035353226
07-10,-0.5,0.15000009536743208,0.40000009536743164,-0.04999995231628418,-0.09999990463256792,-0.1499998569488521,-0.2999999523162842,0.0,0.0,0.0,0.0,2.0,8.0,09-08,-0.04999995231628406
07-11,-0.44999998807907104,0.5,0.40000009536743164,0.24000000953674316,-0.09999990463256792,-0.04999971389770508,-0.2999999523162842,-0.027000069618225098,0.0,0.0,0.0,3.0,7.0,09-09,0.019363679669120136
07-12,-0.5,0.5,0.40000009536743164,0.05000007152557395,-0.25,-0.04999971389770508,-0.2999999523162842,-0.027000069618225098,0.0,0.0,0.0,3.0,7.0,09-10,-0.016090869903564432
07-13,-0.3999999761581421,0.5,0.40000009536743164,0.05000007152557395,-0.25,-0.04999971389770508,-0.7371999621391296,-0.027000069618225098,0.0,0.0,0.0,3.0,7.0,09-11,-0.04674541408365421
07-14,-0.2999999523162842,-0.29999995231628374,0.3999998569488521,-0.059999942779541016,-0.20000004768371582,-0.04999971389770508,-0.7371999621391296,-0.011500000953674316,0.0,0.0,0.0,1.0,9.0,09-12,-0.11442724683068016
07-15,-0.2999999523162842,-0.29999995231628374,0.04999995231628418,-0.059999942779541016,-0.20000004768371582,-0.04999971389770508,-0.7371999621391296,0.03849995136260986,0.0,0.0,0.0,2.0,8.0,09-13,-0.14169996976852414
07-16,-0.34999996423721313,-0.1499998569488521,0.04999995231628418,-0.06999993324279785,-0.20000004768371582,-0.04999971389770508,-0.7371999621391296,0.13849997520446777,0.0,0.0,0.0,2.0,8.0,09-14,-0.12442723187533287
07-17,-0.44999992847442627,-0.34999990463256836,0.04999995231628418,-0.06999993324279785,-0.20000004768371582,-0.3999998569488521,-0.4999999403953551,0.20850002765655518,0.0,0.0,0.0,2.0,8.0,09-15,-0.15559087558226148
07-18,-0.34999996423721313,-0.1499998569488521,0.04999995231628418,-0.06999993324279785,0.20000004768371582,-0.19999980926513627,-0.4999999403953551,0.20850002765655518,0.0,0.0,0.0,3.0,7.0,09-16,-0.07377267967570902
07-19,-0.3999999761581421,-0.1499998569488521,-0.20000004768371582,-0.009999990463257058,0.0,-0.11999988555908203,-0.4999999403953551,0.20850002765655518,0.0,0.0,0.0,1.0,9.0,09-17,-0.10649996995925899
07-20,-0.34999996423721313,-0.7000000476837158,-0.20000004768371582,-0.009999990463257058,0.0,-0.5099999904632568,-0.4999999403953551,0.20850002765655518,0.0,0.0,0.0,1.0,9.0,09-18,-0.1874090866609053
07-21,-0.3100000023841858,-0.7999999523162837,-0.09999990463256792,0.0,0.0,-0.5099999904632568,-0.4999999403953551,0.0700000524520874,0.0,0.0,0.0,1.0,9.0,09-19,-0.19545452161268748
07-22,-0.40000003576278687,-0.5500001907348637,-0.059999942779541016,0.0,0.0,-0.5099999904632568,-0.6999999880790709,0.0700000524520874,0.0,0.0,0.0,1.0,9.0,09-20,-0.195454554124312
07-23,-0.40000003576278687,-0.9000000953674321,-0.25,-0.09999990463256836,0.0,-0.5099999904632568,-1.0499999523162842,0.0,0.0,0.0,0.0,0.0,10.0,09-21,-0.2918181798674844
07-24,-0.4500000476837158,-0.75,-0.3499999046325679,-0.09999990463256836,0.0,-0.16999983787536577,-1.0499999523162842,0.0,0.0,0.0,0.0,0.0,10.0,09-22,-0.2609090588309547
07-25,-0.40000003576278687,-0.29999995231628374,-0.3499999046325679,-0.09999990463256836,0.0,-0.20000004768371538,-1.0499999523162842,0.05000007152557373,0.0,0.0,0.0,1.0,9.0,09-23,-0.2136363387107848
07-26,-0.40000003576278687,-0.29999995231628374,-0.3499999046325679,-0.09999990463256836,0.15000009536743164,-0.4000000953674312,-1.0499999523162842,0.05000007152557373,0.0,0.0,0.0,2.0,8.0,09-24,-0.2181817889213561
07-27,-0.40000003576278687,-0.6800000667572017,-0.09999990463256792,-0.09999990463256836,0.40000009536743164,-0.350000143051147,-1.0499999523162842,0.0770000219345095,0.0,0.0,0.0,2.0,8.0,09-25,-0.20027271725914678
07-28,-0.40000003576278687,-0.15999984741210893,-0.3699998855590816,-0.09999990463256836,0.40000009536743164,-0.350000143051147,-1.0499999523162842,0.0770000219345095,0.0,0.0,0.0,2.0,8.0,09-26,-0.1775454228574578
07-29,-0.40000003576278687,-0.5899999141693111,-0.3499999046325679,-0.09999990463256836,0.40000009536743164,-0.350000143051147,-1.0499999523162842,0.0770000219345095,0.0,0.0,0.0,2.0,8.0,09-27,-0.2148181579329749
07-30,-0.44999998807907104,-0.9000000953674316,-0.5,-0.09999990463256836,0.40000009536743164,-0.350000143051147,-1.0999999642372131,0.10000002384185791,0.0,0.0,0.0,2.0,8.0,09-28,-0.26363636146892194
07-31,-0.44999998807907104,-0.5500001907348637,-0.4500000476837158,-0.09999990463256836,0.0,-0.3700001239776616,-1.0999999642372131,0.0,0.0,0.0,0.0,0.0,10.0,09-29,-0.2745454744859176
08-01,-0.34999996423721313,-0.5500001907348637,-0.4500000476837158,-0.09999990463256836,0.09999990463256792,-0.3700001239776616,-1.0999999642372131,-0.05000007152557373,0.0,0.0,0.0,1.0,9.0,09-30,-0.2609091238542038
08-02,-0.2999999523162842,-0.5500001907348637,-0.4500000476837158,-0.09999990463256836,0.0,-0.3100001811981201,-1.0999999642372131,-0.07300007343292214,0.0,0.0,0.0,0.0,10.0,10-01,-0.26209093765778974
08-03,-0.3999999761581421,-0.5500001907348637,-0.20000004768371582,0.10000002384185769,-0.1099998950958252,-0.3100001811981201,-1.0999999642372131,-0.05000007152557373,0.0,0.0,0.0,1.0,9.0,10-02,-0.23818184570832693
08-04,-0.3999999761581421,-0.5,-0.20000004768371582,0.10000002384185769,0.0,-0.3100001811981201,-1.0999999642372131,-0.15000009536743164,0.0,0.0,0.0,1.0,9.0,10-03,-0.23272729461843317
08-05,-0.4500000476837158,-0.6500000953674321,-0.25,0.10000002384185769,-0.049999952316283736,-0.2799999713897705,-1.0999999642372131,-0.08450007438659668,0.0,0.0,0.0,1.0,9.0,10-04,-0.2513181892308322
08-06,-0.49000000953674316,-0.45000004768371626,-0.34999990463256836,0.10000002384185769,0.15000009536743208,-0.3100001811981201,-1.0999999642372131,-0.08450007438659668,0.0,0.0,0.0,2.0,8.0,10-05,-0.23040909658778796
08-07,-0.4399999976158142,-0.45000004768371626,-0.34999990463256836,0.10000002384185769,0.05999994277954146,-0.3699998855590816,-1.0999999642372131,-0.08450007438659668,0.0,0.0,0.0,2.0,8.0,10-06,-0.23949999159032648
08-08,-0.44999998807907104,-0.45000004768371626,-0.2999999523162842,0.29999995231628374,0.2100000381469731,-0.3699998855590816,-0.6500000357627869,-0.08450007438659668,0.0,0.0,0.0,2.0,8.0,10-07,-0.16313636302947998
08-09,-0.5499999523162842,-0.7000000476837163,-0.09999990463256836,0.19999992847442605,-0.13000011444091797,-0.17000007629394576,-0.6500000357627869,-0.08000004291534424,0.0,0.0,0.0,1.0,9.0,10-08,-0.19818184050646703
08-10,-0.5499999523162842,-0.7000000476837163,0.0,0.29999995231628374,-0.1400001049041748,-0.17000007629394576,-0.6500000357627869,-0.08000004291534424,0.0,0.0,0.0,1.0,9.0,10-09,-0.18090911886908803
08-11,-0.5499999523162842,-0.6500000953674321,0.0,0.29999995231628374,-0.2799999713897705,-0.3199999332427974,-0.6500000357627869,-0.08450007438659668,0.0,0.0,0.0,1.0,9.0,10-10,-0.203136373649944
08-12,-0.4700000286102295,-0.5999999046325684,0.04999995231628418,0.29999995231628374,-0.24000000953674316,-0.3199999332427974,-0.6500000357627869,-0.05000007152557373,0.0,0.0,0.0,2.0,8.0,10-11,-0.18000000715255737
08-13,-0.4200000762939453,-0.34999990463256836,-0.09999990463256836,0.29999995231628374,-0.24000000953674316,-0.25,-0.6500000357627869,-0.06150007247924805,0.0,0.0,0.0,1.0,9.0,10-12,-0.16104545918377966
08-14,-0.3999999761581421,-0.7400000095367432,-0.09999990463256836,0.29999995231628374,-0.20000004768371626,-0.3500001430511479,-0.8499999642372131,-0.06150007247924805,0.0,0.0,0.0,1.0,9.0,10-13,-0.21831819686022683
08-15,-0.3999999761581421,-0.7400000095367432,-0.1099998950958252,-0.35000002384185813,-0.1000001430511479,-0.3500001430511479,-0.8499999642372131,0.03849995136260986,0.0,0.0,0.0,1.0,9.0,10-14,-0.26013638214631524
08-16,-0.3999999761581421,-0.940000057220459,-0.5099999904632568,-0.25,0.0399999618530269,-0.3500001430511479,-0.8499999642372131,0.03849995136260986,0.0,0.0,0.0,2.0,8.0,10-15,-0.2928636561740529
08-17,-0.3999999761581421,-0.6000001430511479,0.19000005722045898,-0.14000010490417525,0.0399999618530269,-0.3500001430511479,-0.8499999642372131,0.03849995136260986,0.0,0.0,0.0,3.0,7.0,10-16,-0.18831821463324824
08-18,-0.15000003576278698,-0.6000001430511479,-0.309999942779541,0.0,0.0399999618530269,-0.3500001430511479,-0.6500000357627869,0.0885000228881836,0.0,0.0,0.0,2.0,8.0,10-17,-0.17559093778783638
08-19,-0.17000001668930054,-0.6000001430511479,-0.09999990463256792,0.0,0.0399999618530269,-0.3500001430511479,-0.6500000357627869,0.05000007152557373,0.0,0.0,0.0,2.0,8.0,10-18,-0.16181820089166823
08-20,-0.15000003576278698,-0.5499999523162842,-0.3399999141693111,0.0,0.0399999618530269,-0.40000009536743164,-0.6500000357627869,0.10000002384185791,0.0,0.0,0.0,2.0,8.0,10-19,-0.17727273160761053
08-21,-0.15000003576278698,-0.4499998092651363,-0.3399999141693111,0.0,0.0399999618530269,-0.40000009536743164,-0.30000001192092884,-0.08000004291534424,0.0,0.0,0.0,1.0,9.0,10-20,-0.1527272679589011
08-22,-0.050000011920928955,-0.4499998092651363,-0.19000005722045898,0.0,0.0399999618530269,-0.40000009536743164,-0.30000001192092884,-0.08000004291534424,0.0,0.0,0.0,1.0,9.0,10-21,-0.13000000606883655
08-23,-0.050000011920928955,-0.3999998569488521,-0.19000005722045898,0.04999995231628418,0.0399999618530269,0.9900000095367432,-0.30000001192092884,-0.08000004291534424,0.0,0.0,0.0,3.0,7.0,10-22,0.005454540252685557
08-24,-0.050000011920928955,-0.29999995231628374,-0.19000005722045898,0.09999990463256814,0.0399999618530269,1.2400000095367427,-0.30000001192092884,-0.09150004386901855,0.0,0.0,0.0,3.0,7.0,10-23,0.04077270897951988
08-25,-0.050000011920928955,-0.29999995231628374,0.04999995231628418,0.20000004768371604,0.0399999618530269,1.1400001049041748,-0.30000001192092884,-0.08000004291534424,0.0,0.0,0.0,4.0,6.0,10-24,0.06363636797124693
08-26,-0.050000011920928955,-0.28999996185302734,0.04999995231628418,0.20000004768371604,0.0399999618530269,-0.25,-0.349999964237213,-0.08000004291534424,0.0,0.0,0.0,3.0,7.0,10-25,-0.06636363809758968
08-27,-0.30000001192092884,-0.3499999046325679,-0.009999990463256836,0.29999995231628396,0.0399999618530269,0.0,-0.05000007152557373,-0.08000004291534424,0.0,0.0,0.0,2.0,8.0,10-26,-0.040909100662578246
08-28,-0.30000001192092884,-0.29999995231628374,-0.009999990463256836,0.5,0.0399999618530269,0.15000009536743164,-0.05000007152557373,2.4299999475479126,0.0,0.0,0.0,4.0,6.0,10-27,0.22363636168566617
08-29,0.0,-0.25,-0.009999990463256836,0.5,0.0399999618530269,-0.06999993324279785,0.20000004768371582,2.4199999570846558,0.0,0.0,0.0,4.0,6.0,10-28,0.25727273117412214
08-30,0.050000011920928955,-0.20000004768371626,-0.009999990463256836,0.5,0.08999991416931108,-0.029999971389770064,-0.25,2.4199999570846558,0.0,0.0,0.0,4.0,6.0,10-29,0.23363635214892298
08-31,0.10000002384185791,-0.15000009536743253,-0.009999990463256836,0.5,0.08999991416931108,0.14000010490417525,-0.25,2.4199999570846558,0.0,0.0,0.0,5.0,5.0,10-30,0.25818181037902826
09-01,0.10000002384185791,-0.15000009536743253,-0.20000004768371582,0.5,0.08999991416931108,0.14000010490417525,-0.25,2.4299999475479126,0.0,0.0,0.0,5.0,5.0,10-31,0.2418181679465553
09-02,0.04000002145767212,-0.20000004768371582,-0.029999971389770064,0.5,0.08999991416931108,0.14000010490417525,-0.25,2.4299999475479126,0.0,0.0,0.0,5.0,5.0,11-01,0.2472727244550532
09-03,-0.050000011920928955,0.0,0.39999985694885254,0.5,0.08999991416931108,0.39000010490417525,-0.25,2.43999993801117,0.0,0.0,0.0,5.0,5.0,11-02,0.31999998201023455
09-04,0.0,-0.3499999046325679,0.3499999046325679,0.5,0.08999991416931108,-0.6800000667572026,-0.25,2.449999928474426,0.0,0.0,0.0,4.0,6.0,11-03,0.1918181614442304
09-05,0.030000030994415283,-0.40000009536743164,0.09999990463256836,0.5,0.08999991416931108,-0.7800002098083496,-0.25,2.43999993801117,0.0,0.0,0.0,5.0,5.0,11-04,0.15727268023924393
09-06,0.030000030994415283,-0.3499999046325679,0.09999990463256836,0.39999997615814187,0.08999991416931108,-0.5600001811981201,-0.25,2.43999993801117,0.0,0.0,0.0,5.0,5.0,11-05,0.17272724346681076
09-07,0.050000011920928955,-0.3499999046325679,0.09999990463256836,0.39999997615814187,0.08999991416931108,-0.7800002098083496,-0.25,2.467000007629395,0.0,0.0,0.0,5.0,5.0,11-06,0.15699997273358435
09-08,0.050000011920928955,-0.3499999046325679,0.009999990463256836,0.5099999904632568,0.08999991416931108,-0.7800002098083496,-0.25,2.43999993801117,0.0,0.0,0.0,5.0,5.0,11-07,0.15636361187154602
09-09,-0.050000011920928955,-0.40000009536743164,-0.04999995231628418,0.5199999809265137,0.09999990463256792,-0.7800002098083496,0.18720000982284546,2.3899999856948857,0.0,0.0,0.0,4.0,6.0,11-08,0.17429087378761984
09-10,0.0,-0.20000004768371626,-0.04999995231628418,0.7100000381469727,0.049999952316283736,-0.7800002098083496,0.18720000982284546,2.289999961853028,0.0,0.0,0.0,4.0,6.0,11-09,0.20065452293916178
09-11,0.09999996423721313,0.0,-0.09999990463256836,0.7100000381469727,0.049999952316283736,-0.4300000667572026,-0.050000011920929066,2.2999999523162837,0.0,0.0,0.0,4.0,6.0,11-10,0.23454544760964122
09-12,0.050000011920928955,-0.09999990463256792,-0.1499998569488521,0.7200000286102295,0.0,-0.6300001144409184,-0.050000011920929066,2.309999942779541,0.0,0.0,0.0,3.0,7.0,11-11,0.195454554124312
09-13,0.12000000476837158,-0.049999952316283736,-0.1499998569488521,0.8099999427795412,0.0,-0.7300000190734863,-0.050000011920929066,2.2399998903274536,0.0,0.0,0.0,3.0,7.0,11-12,0.199090908874165
09-14,0.15000003576278687,-0.25,-0.1499998569488521,1.110000133514405,0.0,-0.7999999523162837,-0.050000011920929066,2.2399998903274536,0.0,0.0,0.0,3.0,7.0,11-13,0.204545476219871
09-15,0.20000004768371582,-0.25,-0.25,1.150000095367432,-0.15000009536743164,-0.7999999523162837,-0.050000011920929066,2.3399999141693115,0.0,0.0,0.0,3.0,7.0,11-14,0.199090908874165
09-16,0.15000003576278687,-0.4499998092651363,-0.2899999618530269,0.43000006675720215,-0.15000009536743164,-0.40999984741210893,-0.050000011920929066,2.349999904632569,0.0,0.0,0.0,3.0,7.0,11-15,0.143636389212175
09-17,0.15000003576278687,-0.09999990463256792,-0.15000009536743164,0.43000006675720215,-0.15000009536743164,-0.40999984741210893,0.19999998807907104,2.3899999856948857,0.0,0.0,0.0,4.0,6.0,11-16,0.2145454666831278
09-18,0.20000004768371582,0.15000009536743208,-0.15000009536743164,0.43000006675720215,-0.15000009536743164,-0.75,0.19999998807907104,2.409999966621399,0.0,0.0,0.0,5.0,5.0,11-17,0.21272727034308697
09-19,0.2900000214576721,0.20000004768371626,-0.15000009536743164,0.5299999713897705,-0.15000009536743164,-0.5499999523162842,0.19999998807907104,2.419999957084656,0.0,0.0,0.0,5.0,5.0,11-18,0.25363634933124896
09-20,0.30000001192092896,0.20000004768371626,-0.050000190734863725,0.5299999713897705,-0.15000009536743164,-0.25,0.19999998807907104,2.419999957084656,0.0,0.0,0.0,5.0,5.0,11-19,0.2909090627323498
09-21,0.30000001192092896,-0.25,-0.050000190734863725,0.45000004768371626,-0.15000009536743164,-0.25,0.19999998807907104,2.3699998855590825,0.0,0.0,0.0,4.0,6.0,11-20,0.23818178610368212
09-22,0.30000001192092896,-0.25,0.0,0.5499999523162842,-0.15000009536743164,-0.3800001144409184,0.19999998807907104,2.339999914169312,0.0,0.0,0.0,4.0,6.0,11-21,0.23727269606156784
09-23,0.30000001192092896,-0.2999999523162842,0.09999990463256792,0.5499999523162842,-0.15000009536743164,-0.4300000667572026,0.19999998807907104,2.359999895095825,0.0,0.0,0.0,5.0,5.0,11-22,0.23909087614579627
09-24,0.30000001192092896,-0.2999999523162842,0.25,0.5499999523162842,-0.15000009536743164,-0.4300000667572026,0.25,2.359999895095825,0.0,0.0,0.0,5.0,5.0,11-23,0.2572727040811018
09-25,0.30000001192092896,-0.2999999523162842,0.25,0.5499999523162842,-0.15000009536743164,-0.41000008583068803,0.25,2.359999895095825,0.0,0.0,0.0,5.0,5.0,11-24,0.2590908841653304
09-26,0.40000003576278687,-0.2999999523162842,0.20000004768371582,0.5499999523162842,-0.15000009536743164,-0.41000008583068803,0.25,2.359999895095825,0.0,0.0,0.0,5.0,5.0,11-25,0.26363634521310986
09-27,0.40000003576278687,-0.2999999523162842,0.15000009536743164,0.5499999523162842,-0.15000009536743164,-0.4700000286102295,0.25,2.459999918937683,0.0,0.0,0.0,5.0,5.0,11-26,0.2627272660082037
09-28,0.40000003576278687,-0.2999999523162842,0.15000009536743164,0.35000002384185813,-0.040000200271606445,-0.4700000286102295,0.050000011920928955,2.509999990463257,0.0,0.0,0.0,5.0,5.0,11-27,0.2409090887416493
09-29,0.3500000238418579,-0.2999999523162842,0.15000009536743164,-0.2300000190734861,-0.040000200271606445,-0.6500000953674316,0.050000011920928955,2.509999990463257,0.0,0.8400001525878911,0.0,5.0,5.0,11-28,0.2436363642865962
09-30,0.4500000476837158,-0.20000004768371582,0.15000009536743164,-0.2300000190734861,-0.09000015258789062,-0.6500000953674316,0.050000011920928955,2.519999980926514,0.0,0.8400001525878911,0.0,5.0,5.0,11-29,0.2581818157976325
10-01,0.44000005722045876,-0.4500000476837158,0.25,-0.2300000190734861,-0.20000004768371582,-0.6500000953674316,0.550000011920929,2.519999980926514,0.0,1.9000003337860107,0.0,5.0,5.0,11-30,0.3754545612768693
10-02,0.34999996423721313,-0.4500000476837158,0.21000003814697266,-0.2300000190734861,-0.15000009536743208,-0.5500001907348637,0.550000011920929,2.519999980926514,0.0,1.9000003337860107,0.0,5.0,5.0,12-01,0.37727272510528564
10-03,0.5999999642372131,-0.4500000476837158,0.21000003814697266,-0.2300000190734861,-0.1000001430511479,-0.6500000953674321,0.550000011920929,2.519999980926514,0.0,1.9000003337860107,0.0,5.0,5.0,12-02,0.39545454762198706
10-04,0.5000000596046448,-0.4500000476837158,0.21000003814697266,0.3500001430511479,-0.009999990463256836,-0.8499999046325679,0.050000011920928955,2.519999980926514,0.0,1.9000003337860107,0.0,6.0,4.0,12-03,0.38363642042333446
10-05,0.5000000596046448,-0.4500000476837158,0.16000008583068848,0.8999999761581423,0.0,-0.8499999046325679,0.10000002384185791,2.519999980926514,0.0,1.9000003337860107,0.0,6.0,4.0,12-04,0.4345455007119613
10-06,0.6000000238418579,-0.20000004768371582,0.16000008583068848,1.1000000238418581,0.0,-0.8499999046325679,0.10000002384185791,2.519999980926514,0.0,1.9000003337860107,0.0,6.0,4.0,12-05,0.4845455017956821
10-07,0.6000000238418579,-0.09999990463256792,0.15000009536743164,0.9499999284744265,0.0,-0.8499999046325679,0.10000002384185791,2.519999980926514,0.0,1.9000003337860107,0.0,6.0,4.0,12-06,0.47909096154299663
10-08,0.5500000715255737,-0.059999942779541016,0.16000008583068848,0.8100000619888308,0.1399998664855957,-0.7000000476837163,0.050000011920928955,2.519999980926514,0.0,1.9000003337860107,0.0,7.0,3.0,12-07,0.488181856545535
10-09,0.5500000715255737,-0.059999942779541016,0.09999990463256836,0.8100000619888308,0.09999990463256836,-0.5999999046325684,-0.04999998211860657,2.519999980926514,0.0,1.9000003337860107,0.0,6.0,4.0,12-08,0.4790909479964864
10-10,0.5500000715255737,-0.11999988555908203,0.09999990463256836,0.8100000619888308,0.0,-0.5999999046325684,0.18000000715255737,2.519999980926514,0.0,1.9000003337860107,0.0,6.0,4.0,12-09,0.48545459725640044
10-11,0.5500000715255737,-0.20000004768371582,0.09999990463256836,0.9500000476837163,-0.1400001049041748,-0.9499998092651363,0.15000003576278687,2.519999980926514,0.0,1.9000003337860107,0.0,6.0,4.0,12-10,0.443636401133104
10-12,0.5500000715255737,-0.20000004768371582,0.1099998950958252,1.0,-0.1400001049041748,-0.9499998092651363,0.15000003576278687,2.419999957084656,0.0,1.9000003337860107,0.0,6.0,4.0,12-11,0.4400000301274387
10-13,0.5500000715255737,0.0,0.1700000762939453,0.6500000953674321,-0.1400001049041748,-0.9499998092651363,0.15000003576278687,2.3699998855590825,0.0,1.9000003337860107,0.0,6.0,4.0,12-12,0.42727278037504735
10-14,0.5500000715255737,0.20000004768371582,0.2599999904632564,0.6500000953674321,-0.1400001049041748,-0.9499998092651363,0.15000003576278687,2.3699998855590825,0.0,1.9000003337860107,0.0,7.0,3.0,12-13,0.45363641327077703
10-15,0.5,0.4500000476837158,0.1499998569488521,0.5999999046325684,-0.1400001049041748,-0.9499998092651363,0.15000003576278687,2.3699998855590825,0.0,1.9000003337860107,0.0,7.0,3.0,12-14,0.45727274092760956
10-16,0.5500000715255737,0.3499999046325679,0.09999990463256792,0.5999999046325684,-0.1400001049041748,-0.9499998092651363,-0.4000000059604646,2.3699998855590825,0.0,1.9000003337860107,0.0,6.0,4.0,12-15,0.39818182587623596
10-17,0.5500000715255737,0.3499999046325679,0.049999952316283736,0.5999999046325684,-0.1400001049041748,-0.9399998188018799,-0.19999998807907116,2.3699998855590825,0.0,1.9000003337860107,0.0,6.0,4.0,12-16,0.41272728551517834
10-18,0.5500000715255737,0.04999995231628418,0.049999952316283736,0.5499999523162842,-0.1400001049041748,-0.9399998188018799,-0.19999998807907116,2.5499999523162846,0.0,1.9000003337860107,0.0,6.0,4.0,12-17,0.39727275479923596
10-19,0.5500000715255737,0.04999995231628418,-0.09999990463256836,0.20000004768371582,-0.1400001049041748,-1.5999999046325684,-0.19999998807907116,2.5499999523162846,0.0,1.9000003337860107,0.0,5.0,5.0,12-18,0.29181822321631695
10-20,0.5500000715255737,0.0,-0.1499998569488521,0.5999999046325679,-0.1400001049041748,-1.8899998664855955,-0.19999998807907116,2.5499999523162846,0.0,1.9000003337860107,0.0,4.0,6.0,12-19,0.2927273132584312
10-21,0.5500000715255737,0.14000010490417525,-0.1499998569488521,0.5999999046325679,-0.1400001049041748,-2.139999866485595,-0.19999998807907116,2.5499999523162846,0.0,1.9000003337860107,0.0,5.0,5.0,12-20,0.2827273227951745
10-22,0.5,0.04999995231628418,-0.08999991416931108,0.5999999046325679,-0.1400001049041748,-2.0399999618530273,-0.44999992847442627,2.5499999523162846,0.0,1.9000003337860107,0.0,5.0,5.0,12-21,0.2618182030591098
10-23,0.5500000715255737,0.0,-0.08999991416931108,0.5999999046325679,-0.1400001049041748,-1.5,-0.44999992847442627,2.5,0.0,1.9000003337860107,0.0,4.0,6.0,12-22,0.3063636693087491
10-24,0.5500000715255737,0.0,-0.06999993324279785,0.5,-0.1400001049041748,-1.5299999713897705,-0.6000000238418579,2.5,0.0,1.9000003337860107,0.0,4.0,6.0,12-23,0.2827273065393621
10-25,0.6499999761581421,0.0,-0.06999993324279785,0.25,-0.19000005722045898,-1.5199999809265137,-0.6000000238418579,-0.009999990463256836,0.0,1.9000003337860107,0.0,3.0,7.0,12-24,0.03727275674993342
10-26,0.6499999761581421,-0.049999952316283736,-0.06999993324279785,0.25,-0.19000005722045898,-1.5199999809265137,-0.6000000238418579,0.0,0.0,1.9000003337860107,0.0,3.0,7.0,12-25,0.03363639658147643
10-27,0.5999999642372131,-0.09999990463256747,-0.12999987602233887,0.25,0.009999990463256836,-1.2200000286102295,-0.1499999761581421,-0.009999990463256836,0.0,1.9000003337860107,0.0,4.0,6.0,12-26,0.10454550114544964
10-28,0.5499999523162842,0.049999952316283736,-0.440000057220459,0.4500000476837158,0.1099998950958252,-1.3900001049041748,-0.1499999761581421,-0.009999990463256836,0.0,1.9000003337860107,0.0,5.0,5.0,12-27,0.09727273204109882
10-29,0.5999999642372131,-0.15000009536743208,-0.5999999046325684,0.4200000762939453,0.1099998950958252,-1.3900001049041748,-0.1499999761581421,-0.019999980926514116,0.0,1.9000003337860107,0.0,4.0,6.0,12-28,0.06545456431128754
10-30,0.5999999642372131,-0.20000004768371582,-0.5999999046325684,0.4200000762939453,0.1099998950958252,-0.9700000286102295,-0.1499999761581421,-0.019999980926514116,0.0,1.9000003337860107,0.0,4.0,6.0,12-29,0.09909093921834768
10-31,0.7700000405311584,-0.20000004768371582,-0.679999828338623,0.4200000762939453,0.6099998950958252,-0.9700000286102295,-0.1499999761581421,-0.019999980926514116,0.0,1.9000003337860107,0.0,4.0,6.0,12-30,0.15272731672633774
11-01,0.9100000262260435,-0.15000009536743208,-0.6299998760223384,0.5899999141693115,0.8099999427795406,-1.7400000095367432,-0.25,-0.029999971389770064,0.0,1.9000003337860107,0.0,4.0,6.0,12-31,0.12818184224042023
11-02,0.9100000262260435,-0.09999990463256836,-0.37999987602233887,0.5899999141693115,0.8099999427795406,-1.7400000095367432,-0.25,-0.019999980926514116,0.0,1.9000003337860107,0.0,4.0,6.0,01-01,0.15636367689479472
11-03,0.9100000262260435,-0.15000009536743208,-0.3899998664855957,0.5399999618530278,0.8599998950958248,-0.690000057220459,-0.25,-0.019999980926514116,0.0,1.9000003337860107,0.0,4.0,6.0,01-02,0.2463636560873551
11-04,0.8900000452995298,-0.1499998569488521,-0.25,0.75,0.9600000381469731,-0.4700000286102295,-0.25,-0.019999980926514116,0.0,1.9000003337860107,0.0,4.0,6.0,01-03,0.3054545955224471
11-05,1.3499999642372131,-0.049999952316283736,-0.25,0.8499999046325684,0.9600000381469731,-0.4700000286102295,-0.25,-0.019999980926514116,0.0,1.9000003337860107,0.0,4.0,6.0,01-04,0.3654545708136125
11-06,1.3499999642372131,0.0,0.20000004768371626,0.8399999141693115,0.9500000476837163,-0.23000001907348588,-0.3499999940395355,-0.019999980926514116,0.0,1.9000003337860107,0.0,5.0,5.0,01-05,0.4218182103200393
11-07,1.400000095367432,0.0,-0.3499999046325679,0.6499998569488525,0.9000000953674321,-0.23000001907348588,-0.3499999940395355,-0.019999980926514116,0.0,1.9000003337860107,0.0,4.0,6.0,01-06,0.35454549843614763
11-08,1.3499999046325684,-0.20000004768371582,-0.29999995231628374,0.49000000953674316,0.9500000476837163,-0.26999998092651367,-0.24000000953674316,-0.029999971389770064,0.0,1.9000003337860107,0.0,4.0,6.0,01-07,0.33181821216236473
11-09,1.400000095367432,-0.1000001430511479,-0.25,0.39999985694885165,0.9500000476837163,-0.26999998092651367,-0.24000000953674316,-0.039999961853027344,0.0,1.9000003337860107,0.0,4.0,6.0,01-08,0.34090911258350715
11-10,1.3300001025199895,-0.15000009536743208,-0.25,0.23000001907348544,0.9500000476837163,-0.26999998092651367,-0.24000000953674316,-0.039999961853027344,0.0,1.9000003337860107,0.0,4.0,6.0,01-09,0.3145454959435896
11-11,1.3000000715255742,0.09999990463256792,-0.2400000095367436,0.09999990463256747,0.5499999523162837,-0.20000004768371626,-0.24000000953674316,-0.5199999809265146,0.0,1.9000003337860107,0.0,5.0,5.0,01-10,0.25000001083720785
11-12,1.3100000619888306,0.09999990463256792,0.0,0.049999952316283736,0.7000000476837154,-0.20000004768371626,-0.1899999976158142,-0.49000000953674405,0.0,1.9000003337860107,0.0,5.0,5.0,01-11,0.28909093141555764
11-13,1.399999976158142,-0.1000001430511479,0.0,0.7699999809265137,0.7000000476837154,-0.45000004768371626,-0.25,-0.03999996185302779,0.0,1.9000003337860107,0.0,4.0,6.0,01-12,0.3572727441787718
11-14,1.25,-0.050000190734863725,-0.14999985694885254,0.7699999809265137,0.9000000953674316,-0.4000000953674321,-0.25,-0.03999996185302779,0.0,1.9000003337860107,0.0,4.0,6.0,01-13,0.35727275501598
11-15,1.25,0.09999990463256792,-0.14999985694885254,0.869999885559082,0.7000000476837154,-1.3900001049041752,-0.09999996423721313,-0.059999942779541016,0.0,1.9000003337860107,0.0,5.0,5.0,01-14,0.2836363911628722
11-16,1.2100000381469727,0.049999952316283736,-0.14999985694885254,0.9599997997283931,0.7000000476837154,-1.3900001049041752,-0.09999996423721313,-0.0699999332427983,0.0,1.9000003337860107,0.0,5.0,5.0,01-15,0.28272730112075783
11-17,1.2000000476837158,0.049999952316283736,-0.20000004768371626,0.8499999046325684,0.9000000953674316,-0.4000000953674321,-0.09999996423721313,-0.03999996185302779,0.0,1.9000003337860107,0.0,5.0,5.0,01-16,0.3781818422404201
11-18,1.2000000476837158,0.09999990463256792,-0.25,0.8499999046325684,0.9000000953674316,-0.4000000953674321,-0.09999996423721313,-0.5,0.0,1.9000003337860107,0.0,5.0,5.0,01-17,0.33636365695433174
11-19,1.2000000476837158,0.20000004768371582,-0.3499999046325679,0.75,0.9000000953674316,-0.26999998092651367,-0.09999996423721313,-0.4500000476837158,0.0,1.9000003337860107,0.0,5.0,5.0,01-18,0.3436364206400785
11-20,1.25,0.20000004768371582,-0.15000009536743164,0.75,0.9000000953674316,-0.26999998092651367,-0.09999996423721313,-0.4500000476837158,0.0,1.9000003337860107,0.0,5.0,5.0,01-19,0.3663636716929349
11-21,1.1999999284744263,0.04999995231628418,-0.5499999523162842,0.75,0.9000000953674316,-0.26999998092651367,-0.25,-0.4500000476837158,0.0,1.9000003337860107,0.0,5.0,5.0,01-20,0.29818184809251264
11-22,1.4999998807907104,0.04999995231628418,-0.5,0.75,0.6000001430511479,-1.2400000095367432,-0.25,-0.4500000476837158,0.0,1.9000003337860107,0.0,5.0,5.0,01-21,0.21454547752033584
11-23,1.8899999856948853,0.04999995231628418,-0.5,0.75,0.6000001430511479,-1.2400000095367432,-0.28999999165534973,-0.4500000476837158,0.0,1.9000003337860107,0.0,5.0,5.0,01-22,0.24636366963386538
11-24,1.8899999856948853,0.04999995231628418,-0.4500000476837158,1.3300000429153442,0.75,-1.2400000095367432,-0.09000000357627869,-0.4600000381469731,0.0,1.0600001811981197,0.0,5.0,5.0,01-23,0.2581818239255384
11-25,1.8999999761581423,0.1000001430511479,-0.4500000476837158,1.3300000429153442,0.75,-1.059999942779541,-0.5900000035762787,-0.4600000381469731,0.0,1.0600001811981197,0.0,5.0,5.0,01-24,0.23454548283056778
11-26,2.100000143051148,0.1000001430511479,-0.4500000476837158,1.3300000429153442,0.7999999523162842,-1.0699999332427979,-0.5900000035762787,-0.4600000381469731,0.0,1.0600001811981197,0.0,5.0,5.0,01-25,0.2563636763529344
11-27,2.2499999999999996,0.20000004768371582,-0.5,1.3300000429153442,0.7999999523162842,-0.9700000286102295,-0.5900000035762787,-0.4600000381469731,0.0,1.0600001811981197,0.0,5.0,5.0,01-26,0.283636377616362
11-28,1.9500000476837158,0.20000004768371582,-0.6000001430511475,1.3300000429153442,0.75,-0.9500000476837158,-0.5900000035762787,-0.4600000381469731,0.0,0.0,0.0,4.0,6.0,01-27,0.1481818096204237
11-29,1.9500000476837158,0.20000004768371582,-0.5600001811981201,0.8499999046325679,0.75,-0.9900000095367432,-0.42000001668930054,-0.4600000381469731,0.0,0.0,0.0,4.0,6.0,01-28,0.11999997767535114
11-30,2.049999952316284,0.20000004768371582,-0.5600001811981201,0.20000004768371582,0.75,-0.9900000095367432,-0.44999998807907104,-0.4600000381469731,0.0,0.0,0.0,4.0,6.0,01-29,0.06727271188389167
12-01,2.1499998569488525,0.20000004768371582,-1.4000000953674316,-0.24000000953674316,0.8500001430511479,-0.9000000953674316,0.050000011920928955,-0.4600000381469731,0.0,0.0,0.0,4.0,6.0,01-30,0.022727256471460514
12-02,2.1499998569488525,0.08999991416931108,-0.7000000476837158,-0.2999999523162842,0.8500001430511479,-0.9000000953674316,0.0,-0.4600000381469731,0.0,0.0,0.0,3.0,7.0,01-31,0.06636361642317334
12-03,2.2500000000000004,-0.19000005722045898,-0.7100000381469724,-0.3499999046325679,0.8500001430511479,-0.9000000953674316,0.050000011920928955,-0.4600000381469731,0.0,0.0,0.0,3.0,7.0,02-01,0.04909091104160666
12-04,2.5000000000000004,-0.0399999618530269,-0.8600001335144043,-0.19999980926513627,0.8500001430511479,-0.9000000953674316,0.15000000596046448,-0.4600000381469731,0.0,0.0,0.0,3.0,7.0,02-02,0.09454546462405823
12-05,2.2899999618530273,-0.0399999618530269,-0.5600001811981201,-0.05999994277954057,0.8700001239776611,-0.9000000953674316,-0.1809000074863435,-0.4600000381469731,0.0,0.0,0.0,2.0,8.0,02-03,0.08719089627265933
12-06,2.440000057220459,-0.0399999618530269,-0.5,-0.2999999523162842,0.8500001430511479,-0.700000047683716,-0.1699999868869781,-0.4600000381469731,0.0,0.0,0.0,2.0,8.0,02-04,0.1018182012167844
12-07,2.440000057220459,0.019999980926514116,-0.5,-0.2999999523162842,0.8500001430511479,-0.700000047683716,-0.18000000715255737,-0.4600000381469731,0.0,0.0,0.0,3.0,7.0,02-05,0.10636364871805366
12-08,2.440000057220459,0.1000001430511479,-0.8500001430511475,0.1499998569488521,0.8500001430511479,-0.700000047683716,-0.15000003576278687,-0.4600000381469731,0.0,0.0,0.0,4.0,6.0,02-06,0.12545453960245304
12-09,2.440000057220459,-0.25,-0.46000003814697266,0.1499998569488521,0.8500001430511479,-0.700000047683716,-0.15000003576278687,-0.4600000381469731,0.0,0.0,0.0,3.0,7.0,02-07,0.12909089977091004
12-10,2.350000023841858,-0.5,-0.34999990463256836,0.1499998569488521,0.8500001430511479,-0.700000047683716,-0.15000003576278687,-0.4600000381469731,0.0,0.0,0.0,3.0,7.0,02-08,0.10818181796507396
12-11,2.4500000476837163,-0.5,-0.5999999046325681,0.1499998569488521,0.8500001430511479,-0.7500001192092902,0.04999998211860657,-0.4600000381469731,0.0,0.0,0.0,4.0,6.0,02-09,0.10818181525577195
12-12,2.5000000000000004,-0.5,-0.5999999046325681,0.20000004768371582,0.8500001430511479,-0.6700000762939453,-0.15000003576278687,-0.4600000381469731,0.0,0.0,0.0,3.0,7.0,02-10,0.1063636487180537
12-13,1.8599998950958252,-0.5,-0.549999952316284,0.10000014305114746,0.8500001430511479,-0.6100001335144043,-0.15000003576278687,-0.4600000381469731,0.0,0.0,0.0,3.0,7.0,02-11,0.04909091104160657
12-14,1.9500000476837163,-0.5,-0.4999999999999998,0.4500000476837158,0.8300001621246333,-0.6100001335144043,-0.1900000274181366,-0.4600000381469731,0.0,0.0,0.0,3.0,7.0,02-12,0.08818182349205016
12-15,1.9500000476837163,-0.20000004768371626,-0.45000004768371604,-0.04999995231628418,0.75,-0.6100001335144043,-0.1900000274181366,-0.4600000381469731,0.0,0.0,0.0,2.0,8.0,02-13,0.06727270917458962
12-16,1.9500000476837163,-0.04999995231628418,-0.49000012874603294,-0.25,0.8300001621246333,0.04999995231628418,-0.1900000274181366,-0.4600000381469731,0.0,0.0,0.0,3.0,7.0,02-14,0.12636363777247336
12-17,2.00000011920929,-0.04999995231628418,-0.49000012874603294,-0.25,0.8300001621246333,0.3399999141693113,-0.1900000274181366,-0.4600000381469731,0.0,0.0,0.0,3.0,7.0,02-15,0.15727273171598252
12-18,2.049999952316284,-0.25000000000000044,-0.5100001096725468,-0.25,0.8300001621246333,-0.20000004768371582,-0.1900000274181366,-0.4600000381469731,0.0,0.0,0.0,2.0,8.0,02-16,0.09272726286541316
12-19,2.2799999713897705,-0.15000009536743208,-0.5100001096725468,-0.25,0.8300001621246333,0.07999992370605469,-0.1900000274181366,-0.4600000381469731,0.0,0.0,0.0,3.0,7.0,02-17,0.14818179878321544
12-20,2.0000000000000004,-0.04999995231628418,-0.5100001096725468,0.0,0.9000000953674321,0.07999992370605469,-0.1900000274181366,-0.4100000858306885,0.0,0.0,0.0,3.0,7.0,02-18,0.16545453125780282
12-21,2.1499998569488525,-0.04999995231628418,-0.5300000905990601,-0.04999995231628418,0.5999999046325684,0.07999992370605469,-0.1900000274181366,-0.4100000858306885,0.0,0.0,0.0,3.0,7.0,02-19,0.14545450698245654
12-22,2.049999952316284,-0.09999990463256792,-0.6100000143051147,-0.29999995231628374,0.75,-0.24000000953674316,-0.1900000274181366,-0.4100000858306885,0.0,0.0,0.0,2.0,8.0,02-20,0.0863636325706136
12-23,2.049999952316284,-0.09999990463256792,-0.6100000143051147,-0.29999995231628374,0.9000000953674321,-0.5399999618530273,-0.1900000274181366,-0.4100000858306885,0.0,0.0,0.0,2.0,8.0,02-21,0.07272728193889977
12-24,1.9500000476837158,0.09999990463256747,-0.6100000143051147,-0.29999995231628374,0.8000001907348637,-0.5399999618530273,-0.09000003337860107,-0.4100000858306885,0.0,0.0,0.0,3.0,7.0,02-22,0.08181819048794833
12-26,1.7400000095367432,-0.20000004768371626,-0.39000010490417525,-0.26999998092651323,0.3000001907348637,-0.25,-0.020000040531158447,-0.4100000858306885,0.0,0.0,0.0,2.0,8.0,02-24,0.04545454003594138
12-27,1.7400000095367432,-0.20000004768371626,-0.39000010490417525,-0.43999981880187944,0.0,0.25,-0.020000040531158447,-0.4100000858306885,0.0,0.0,0.0,2.0,8.0,02-25,0.048181810162284115
12-28,1.6499998569488525,-0.20000004768371626,-0.31000018119812056,-0.3899998664855957,0.00999999046325728,0.20000004768371604,-0.020000040531158447,-0.4100000858306885,0.0,0.0,0.0,3.0,7.0,02-26,0.04818178848786785
12-29,1.5099998712539675,-0.25,-0.39000010490417525,-0.5999999046325679,0.05000019073486417,0.25,0.07999998331069946,-0.4100000858306885,0.0,0.0,0.0,4.0,6.0,02-27,0.0218181772665545
12-30,1.0499999523162842,-0.15000009536743208,-0.39000010490417525,-0.5999999046325679,0.14000010490417525,-0.7999999523162842,0.07999998331069946,-0.4100000858306885,0.0,0.0,0.0,3.0,7.0,02-28,-0.09818182750181718
12-31,1.440000057220459,-0.1000001430511479,-0.8400001525878915,-0.5999999046325679,0.0399999618530269,-1.0399999618530278,0.17999997735023499,-0.4100000858306885,0.0,0.0,0.0,3.0,7.0,02-29,-0.12090911377560025
