,2010,2011,2012,2013,2014,2015,2016,2017,2018,2019,2020,ups,downs,avg
01-02,0.0,-346.4285695279131,-233.33334575096796,0.0,88.11881203456738,59.99999940395355,25.0,8.333333333333332,54.324323366470296,66.00000063578287,-525.000013969839,6.0,5.0,-72.99867822496479
01-03,0.0,-346.4285695279131,-233.33334575096796,-27.118649718337736,88.11881203456738,59.99999940395355,25.0,8.333333333333332,54.324323366470296,74.50000047683716,50.0,7.0,4.0,-22.418554216550646
01-04,0.0,-346.4285695279131,-233.33334575096796,-27.118649718337736,89.56521740820548,59.99999940395355,25.0,8.333333333333332,54.324323366470296,74.50000047683716,50.0,7.0,4.0,-22.287062818947177
01-05,0.0,-346.4285695279131,-233.33334575096796,-27.118649718337736,89.56521740820548,59.99999940395355,25.0,8.333333333333332,54.324323366470296,62.5,50.0,7.0,4.0,-23.3779719532051
01-06,0.0,-346.4285695279131,-233.33334575096796,-27.118649718337736,90.40000021457672,59.99999940395355,25.0,8.333333333333332,54.324323366470296,62.5,50.0,7.0,4.0,-23.302082607171357
01-07,0.0,-346.4285695279131,-233.33334575096796,-27.118649718337736,90.40000021457672,59.99999940395355,25.0,8.333333333333332,54.324323366470296,62.5,50.0,7.0,4.0,-23.302082607171357
01-08,0.0,-346.4285695279131,-233.33334575096796,-27.118649718337736,90.40000021457672,59.99999940395355,25.0,21.428571428571427,54.324323366470296,62.5,50.0,7.0,4.0,-22.111606416695164
01-09,0.0,-346.4285695279131,-233.33334575096796,-27.118649718337736,88.11881203456738,59.99999940395355,25.0,21.428571428571427,54.324323366470296,62.5,92.49999970197678,7.0,4.0,-18.455350823789033
01-10,-3681.818063594091,-346.4285695279131,-233.33334575096796,-27.118649718337736,88.11881203456738,59.99999940395355,25.0,21.428571428571427,54.324323366470296,62.5,92.49999970197678,7.0,4.0,-353.1660838777973
01-11,-3099.999999999999,-346.4285695279131,-233.33334575096796,-27.118649718337736,88.11881203456738,59.99999940395355,25.0,21.428571428571427,54.324323366470296,62.5,92.49999970197678,7.0,4.0,-300.27353264197075
01-12,-3099.999999999999,-346.4285695279131,-233.33334575096796,-27.118649718337736,88.11881203456738,59.99999940395355,25.0,21.428571428571427,35.13513339358234,62.5,92.49999970197678,7.0,4.0,-302.0180044576878
01-13,-3099.999999999999,-346.4285695279131,-233.33334575096796,-27.118649718337736,88.11881203456738,59.99999940395355,25.0,21.428571428571427,35.13513339358234,62.5,92.49999970197678,7.0,4.0,-302.0180044576878
01-14,-3099.999999999999,0.0,0.0,-27.118649718337736,88.11881203456738,59.99999940395355,25.0,21.428571428571427,35.13513339358234,62.5,92.49999970197678,7.0,4.0,-249.31237579597138
01-15,-3099.999999999999,0.0,91.8918921776154,-27.118649718337736,88.11881203456738,59.99999940395355,25.0,21.428571428571427,35.13513339358234,62.5,92.49999970197678,8.0,3.0,-240.95856741618817
01-16,-3099.999999999999,0.0,91.8918921776154,-27.118649718337736,94.00000013411045,60.97560826686785,25.0,21.428571428571427,35.13513339358234,62.5,92.49999970197678,8.0,3.0,-240.33522223778297
01-17,-3099.999999999999,0.0,91.8918921776154,-27.118649718337736,94.00000013411045,60.97560826686785,25.0,21.428571428571427,35.13513339358234,70.0,48.71794997195831,8.0,3.0,-243.63359039505738
01-18,-3099.999999999999,0.0,91.8918921776154,-27.118649718337736,94.00000013411045,60.97560826686785,25.0,21.428571428571427,35.13513339358234,70.0,48.71794997195831,8.0,3.0,-243.63359039505738
01-19,-3099.999999999999,0.0,91.8918921776154,-27.118649718337736,94.00000013411045,60.97560826686785,25.0,21.428571428571427,35.13513339358234,70.0,51.219511060470744,8.0,3.0,-243.40617575064715
01-20,-3099.999999999999,0.0,91.8918921776154,-27.118649718337736,94.00000013411045,60.97560826686785,25.0,21.428571428571427,35.13513339358234,70.0,51.219511060470744,8.0,3.0,-243.40617575064715
01-21,-3099.999999999999,0.0,91.8918921776154,-27.118649718337736,94.00000013411045,60.97560826686785,18.181818181818183,21.428571428571427,35.13513339358234,70.0,51.219511060470744,8.0,3.0,-244.02601046139097
01-22,-3099.999999999999,0.0,91.8918921776154,-27.118649718337736,94.00000013411045,60.97560826686785,18.181818181818183,21.428571428571427,35.13513339358234,70.0,51.219511060470744,8.0,3.0,-244.02601046139097
01-23,-3099.999999999999,0.0,91.8918921776154,-27.118649718337736,94.00000013411045,79.32816445534968,18.181818181818183,21.428571428571427,35.13513339358234,70.0,51.219511060470744,8.0,3.0,-242.35759626243805
01-24,-3099.999999999999,0.0,91.8918921776154,-27.118649718337736,94.00000013411045,79.32816445534968,18.181818181818183,21.428571428571427,35.13513339358234,70.0,49.74874395941373,8.0,3.0,-242.49130236253413
01-25,-3099.999999999999,0.0,91.8918921776154,-27.118649718337736,94.00000013411045,79.32816445534968,18.181818181818183,21.428571428571427,35.13513339358234,70.0,50.0,8.0,3.0,-242.468460904299
01-26,-3099.999999999999,0.0,91.8918921776154,-27.118649718337736,94.00000013411045,79.32816445534968,18.181818181818183,21.428571428571427,35.13513339358234,64.00000095367432,71.42857142857143,8.0,3.0,-241.06586341500395
01-27,-3099.999999999999,0.0,91.8918921776154,-27.118649718337736,94.00000013411045,79.32816445534968,-12.727269259366123,21.428571428571427,35.13513339358234,60.00000105963813,33.774834018826226,7.0,4.0,-247.66248384636447
01-28,-3099.999999999999,0.0,91.8918921776154,-27.118649718337736,94.00000013411045,79.32816445534968,-23.999996185302734,21.428571428571427,35.13513339358234,60.00000105963813,33.774834018826226,7.0,4.0,-248.6872772032678
01-29,-3099.999999999999,0.0,91.8918921776154,-27.118649718337736,94.00000013411045,79.32816445534968,-20.0,21.428571428571427,35.13513339358234,60.444445080227325,33.774834018826226,7.0,4.0,-248.28323718455033
01-30,-3099.999999999999,0.0,91.8918921776154,-27.118649718337736,71.00000083446503,79.32816445534968,-20.0,21.428571428571427,35.13513339358234,60.444445080227325,23.07692025540133,7.0,4.0,-251.34668382664765
01-31,-3099.999999999999,0.0,91.8918921776154,-27.118649718337736,71.00000083446503,82.79569902121227,-20.0,21.428571428571427,35.13513339358234,60.444445080227325,1.960782480441495,7.0,4.0,-252.95110230020194
02-01,-3099.999999999999,0.0,91.8918921776154,-27.118649718337736,71.00000083446503,82.79569902121227,-20.0,21.428571428571427,35.13513339358234,60.444445080227325,0.9900980750178164,7.0,4.0,-253.03934633705867
02-02,-3099.999999999999,0.0,91.8918921776154,-27.118649718337736,71.00000083446503,82.79569902121227,-20.0,12.140578292240534,35.13513339358234,55.55555555555556,-233.33332008785726,6.0,5.0,-275.630282775593
02-03,-3099.999999999999,0.0,91.8918921776154,-27.118649718337736,42.000001668930054,56.989248193940846,-20.0,44.44444230376127,35.13513339358234,55.55555555555556,-233.33332008785726,6.0,5.0,-277.6759724102553
02-04,-3099.999999999999,0.0,91.8918921776154,-27.118649718337736,42.000001668930054,56.989248193940846,-20.0,44.44444230376127,35.13513339358234,55.55555555555556,-233.33332008785726,6.0,5.0,-277.6759724102553
02-05,-3099.999999999999,0.0,91.8918921776154,-27.118649718337736,-0.9999990463256836,56.989248193940846,-20.0,44.44444230376127,35.13513339358234,55.55555555555556,-233.33332008785726,5.0,6.0,-281.5850633843695
02-06,-3099.999999999999,0.0,91.8918921776154,-27.118649718337736,-0.9999990463256836,56.989248193940846,-20.0,44.44444230376127,35.13513339358234,55.55555555555556,-233.33332008785726,5.0,6.0,-281.5850633843695
02-07,-3099.999999999999,0.0,91.8918921776154,-525.0000139698388,-0.9999990463256836,55.55555555555556,-20.0,44.44444230376127,35.13513339358234,44.44444444444444,-233.33332008785726,5.0,6.0,-327.9874422935511
02-08,-3099.999999999999,0.0,91.8918921776154,-525.0000139698388,-0.9999990463256836,55.55555555555556,-24.999995032946444,44.44444230376127,35.13513339358234,44.44444444444444,-233.33332008785726,5.0,6.0,-328.44198729654624
02-09,-3099.999999999999,0.0,91.8918921776154,-525.0000139698388,-0.9999990463256836,55.55555555555556,-24.999995032946444,44.44444230376127,35.13513339358234,44.44444444444444,-233.33332008785726,5.0,6.0,-328.44198729654624
02-10,-3099.999999999999,0.0,91.8918921776154,-525.0000139698388,-0.9999990463256836,55.55555555555556,-24.999995032946444,0.0,35.13513339358234,44.44444444444444,-233.33332008785726,4.0,7.0,-332.4823911423427
02-11,-3099.999999999999,0.0,91.8918921776154,-525.0000139698388,-0.9999990463256836,55.55555555555556,-24.999995032946444,0.0,35.13513339358234,44.44444444444444,-233.33332008785726,4.0,7.0,-332.4823911423427
02-12,-3099.999999999999,0.0,91.8918921776154,-525.0000139698388,-0.9999990463256836,55.55555555555556,-24.999995032946444,0.0,35.13513339358234,44.44444444444444,-233.33332008785726,4.0,7.0,-332.4823911423427
02-13,-3099.999999999999,0.0,91.8918921776154,-525.0000139698388,25.0,55.55555555555556,-24.999995032946444,0.0,35.13513339358234,44.44444444444444,-96.07843503911701,5.0,6.0,-317.64103804279125
02-14,-3099.999999999999,0.0,91.8918921776154,-525.0000139698388,25.0,55.55555555555556,-24.999995032946444,0.0,35.13513339358234,64.44444391462538,-96.07843503911701,5.0,6.0,-315.82285627277474
02-15,-3099.999999999999,0.0,91.8918921776154,-525.0000139698388,-0.9999990463256836,55.55555555555556,-24.999995032946444,0.0,31.428568703787658,44.44444444444444,24.52830047218123,5.0,6.0,-309.3773860632296
02-16,-3099.999999999999,0.0,91.8918921776154,-525.0000139698388,-0.9999990463256836,55.55555555555556,-24.999995032946444,0.0,-5.714287076677608,44.44444444444444,19.99999682108561,4.0,7.0,-313.1656732842806
02-17,-3099.999999999999,0.0,91.8918921776154,-525.0000139698388,-0.9999990463256836,55.55555555555556,-24.999995032946444,0.0,-5.714287076677608,44.44444444444444,19.99999682108561,4.0,7.0,-313.1656732842806
02-18,-3099.999999999999,0.0,91.8918921776154,-525.0000139698388,-0.9999990463256836,55.55555555555556,-24.999995032946444,0.0,-5.714287076677608,44.44444444444444,19.99999682108561,4.0,7.0,-313.1656732842806
02-19,-3099.999999999999,0.0,91.8918921776154,-525.0000139698388,-0.9999990463256836,55.55555555555556,-24.999995032946444,0.0,-5.714287076677608,44.44444444444444,19.99999682108561,4.0,7.0,-313.1656732842806
02-20,-3099.999999999999,0.0,91.8918921776154,-525.0000139698388,-0.9999990463256836,55.55555555555556,-24.999995032946444,0.0,-5.714287076677608,33.33333333333333,19.99999682108561,4.0,7.0,-314.1757742943816
02-21,-1790.9090317970456,0.0,91.8918921776154,-525.0000139698388,-31.16883317944497,55.55555555555556,-24.999995032946444,0.0,-5.714287076677608,33.33333333333333,19.99999682108561,4.0,7.0,-197.9101257425785
02-22,-1790.9090317970456,0.0,91.8918921776154,-525.0000139698388,-31.16883317944497,55.55555555555556,-24.999995032946444,0.0,-5.714287076677608,33.33333333333333,19.99999682108561,4.0,7.0,-197.9101257425785
02-23,-1790.9090317970456,0.0,91.8918921776154,-525.0000139698388,-31.16883317944497,55.55555555555556,-24.999995032946444,0.0,-15.624999767169356,33.33333333333333,19.99999682108561,4.0,7.0,-198.8110996235323
02-24,-1790.9090317970456,0.0,91.8918921776154,-525.0000139698388,-31.16883317944497,55.55555555555556,-24.999995032946444,-9.090909090909092,-15.624999767169356,33.33333333333333,19.99999682108561,4.0,7.0,-199.63754590452402
02-25,-1790.9090317970456,0.0,91.8918921776154,-525.0000139698388,-31.16883317944497,55.55555555555556,-24.999995032946444,-9.090909090909092,-15.624999767169356,33.33333333333333,19.99999682108561,4.0,7.0,-199.63754590452402
02-26,-1790.9090317970456,0.0,91.8918921776154,-525.0000139698388,-31.16883317944497,55.55555555555556,-24.999995032946444,-9.090909090909092,-15.624999767169356,33.33333333333333,19.99999682108561,4.0,7.0,-199.63754590452402
02-27,-1790.9090317970456,0.0,91.8918921776154,-525.0000139698388,-31.16883317944497,55.55555555555556,-24.999995032946444,-9.090909090909092,-15.624999767169356,33.33333333333333,89.33333357175192,4.0,7.0,-193.33451529082706
02-28,-1790.9090317970456,0.0,91.8918921776154,-391.66665580123635,-31.16883317944497,55.55555555555556,-24.999995032946444,-9.090909090909092,-15.624999767169356,11.11111111111111,-33.33333333333333,3.0,8.0,-194.38501810525483
02-29,0.0,0.0,91.8918921776154,0.0,0.0,0.0,-24.999995032946444,0.0,0.0,0.0,-33.33333333333333,1.0,2.0,3.050778528303239
03-01,-1790.9090317970456,0.0,91.8918921776154,-391.66665580123635,-49.35064995383349,55.55555555555556,-24.999995032946444,-9.090909090909092,-15.624999767169356,11.11111111111111,-33.33333333333333,3.0,8.0,-196.03791053929015
03-02,-1790.9090317970456,0.0,91.8918921776154,-391.66665580123635,-49.35064995383349,55.55555555555556,-24.999995032946444,-9.090909090909092,-15.624999767169356,11.11111111111111,-33.33333333333333,3.0,8.0,-196.03791053929015
03-03,-1790.9090317970456,-761.5384968074834,91.8918921776154,-391.66665580123635,-14.999997615814209,55.55555555555556,-24.999995032946444,-9.090909090909092,-15.624999767169356,11.11111111111111,-33.33333333333333,3.0,8.0,-262.1458964001505
03-04,-1790.9090317970456,-761.5384968074834,91.8918921776154,-391.66665580123635,-14.999997615814209,55.55555555555556,-24.999995032946444,-9.090909090909092,-15.624999767169356,11.11111111111111,-33.33333333333333,3.0,8.0,-262.1458964001505
03-05,-1790.9090317970456,-761.5384968074834,91.8918921776154,-391.66665580123635,-25.0,33.33333333333333,-24.999995032946444,-9.090909090909092,-15.624999767169356,11.11111111111111,-33.33333333333333,3.0,8.0,-265.0751895461876
03-06,-1790.9090317970456,-761.5384968074834,91.8918921776154,-391.66665580123635,-0.9999990463256836,33.33333333333333,-24.999995032946444,39.39393705864866,-15.624999767169356,11.11111111111111,-292.156870078234,4.0,7.0,-282.01507042270293
03-07,-1790.9090317970456,-761.5384968074834,91.8918921776154,-391.66665580123635,-0.9999990463256836,33.33333333333333,-24.999995032946444,29.29292656842344,-15.624999767169356,11.11111111111111,-292.156870078234,4.0,7.0,-282.93334410363246
03-08,-1790.9090317970456,-761.5384968074834,91.8918921776154,-391.66665580123635,-0.9999990463256836,33.33333333333333,-24.999995032946444,29.29292656842344,-15.624999767169356,11.11111111111111,-292.156870078234,4.0,7.0,-282.93334410363246
03-09,49.99999999999999,-761.5384968074834,91.8918921776154,-391.66665580123635,-0.9999990463256836,33.33333333333333,-24.999995032946444,29.29292656842344,-15.624999767169356,0.0,-292.156870078234,4.0,7.0,-116.58807858672937
03-10,40.90909275634231,-761.5384968074834,91.8918921776154,-391.66665580123635,-0.9999990463256836,33.33333333333333,-24.999995032946444,29.29292656842344,-15.624999767169356,0.0,-292.156870078234,4.0,7.0,-117.41452469978917
03-11,40.90909275634231,-459.9999940395356,91.8918921776154,-391.66665580123635,-0.9999990463256836,33.33333333333333,-24.999995032946444,29.29292656842344,-15.624999767169356,0.0,-292.156870078234,4.0,7.0,-90.00193353906663
03-12,40.90909275634231,77.59999990463257,91.8918921776154,-391.66665580123635,-0.9999990463256836,33.33333333333333,-24.999995032946444,-40.0,-15.624999767169356,0.0,-292.156870078234,4.0,7.0,-47.4285637776353
03-13,40.90909275634231,77.59999990463257,0.0,-391.66665580123635,-166.66666666666669,31.66666825612386,-24.999995032946444,-40.0,-15.624999767169356,0.0,-95.00000476837161,3.0,8.0,-53.071141919935606
03-14,40.90909275634231,77.59999990463257,0.0,-391.66665580123635,-166.66666666666669,31.66666825612386,-24.999995032946444,-40.0,-15.624999767169356,-25.0,-282.3529576760266,3.0,8.0,-72.3759558206315
03-15,40.90909275634231,77.59999990463257,0.0,-391.66665580123635,-166.66666666666669,31.66666825612386,-24.999995032946444,-40.0,-15.624999767169356,-25.0,-282.3529576760266,3.0,8.0,-72.3759558206315
03-16,40.90909275634231,77.59999990463257,0.0,-391.66665580123635,-166.66666666666669,31.66666825612386,-24.999995032946444,-40.0,-15.624999767169356,-25.0,-282.3529576760266,3.0,8.0,-72.3759558206315
03-17,40.90909275634231,77.59999990463257,0.0,-391.66665580123635,-166.66666666666669,31.66666825612386,-14.583328780200905,-40.0,-15.624999767169356,-25.0,-301.96078248044154,3.0,8.0,-73.21151568896511
03-18,40.90909275634231,77.59999990463257,0.0,-391.66665580123635,-166.66666666666669,31.66666825612386,-14.583328780200905,-40.0,-15.624999767169356,-25.0,-301.96078248044154,3.0,8.0,-73.21151568896511
03-19,40.90909275634231,77.59999990463257,0.0,-391.66665580123635,-166.66666666666669,31.66666825612386,-14.583328780200905,6.666666666666667,-15.624999767169356,-25.0,-301.96078248044154,4.0,7.0,-68.96909144654086
03-20,40.90909275634231,-761.5384968074834,0.0,-391.66665580123635,-166.66666666666669,-28.999996185302734,-14.583328780200905,7.407406706588533,-15.624999767169356,-25.0,-290.19608759779254,2.0,9.0,-149.63270292208375
03-21,40.90909275634231,-761.5384968074834,0.0,-391.66665580123635,-166.66666666666669,-28.999996185302734,-14.583328780200905,7.407406706588533,-15.624999767169356,-25.0,-292.156870078234,2.0,9.0,-149.81095587485117
03-22,40.90909275634231,-761.5384968074834,0.0,-391.66665580123635,-166.66666666666669,-28.999996185302734,-14.583328780200905,7.407406706588533,-15.624999767169356,-25.0,-34.22818706033574,2.0,9.0,-126.36289378231496
03-23,40.90909275634231,-761.5384968074834,0.0,-391.66665580123635,-166.66666666666669,-28.999996185302734,-4.166662527455369,7.407406706588533,-15.624999767169356,-25.0,33.33333333333333,3.0,8.0,-119.27396772354997
03-24,40.90909275634231,-761.5384968074834,0.0,-391.66665580123635,-166.66666666666669,-28.999996185302734,-4.166662527455369,12.5,-15.624999767169356,-25.0,-16.666666666666664,2.0,9.0,-123.35645924233077
03-25,40.90909275634231,-761.5384968074834,0.0,-391.66665580123635,-166.66666666666669,-28.999996185302734,-4.166662527455369,27.68595269302645,-15.624999767169356,-25.0,49.666666984558105,3.0,8.0,-115.94561502921701
03-26,40.90909275634231,-761.5384968074834,0.0,-391.66665580123635,-166.66666666666669,-28.999996185302734,-4.166662527455369,27.68595269302645,-15.624999767169356,-12.5,56.66666825612386,3.0,8.0,-114.17288764089285
03-27,40.90909275634231,-761.5384968074834,0.0,-391.66665580123635,-166.66666666666669,-28.999996185302734,-4.166662527455369,27.68595269302645,-15.624999767169356,-12.5,66.00000063578287,3.0,8.0,-113.32440287910566
03-28,40.90909275634231,-761.5384968074834,0.0,-391.66665580123635,-166.66666666666669,-55.00000317891439,-4.166662527455369,27.68595269302645,-15.624999767169356,-12.5,66.33333365122476,3.0,8.0,-115.65773687712111
03-29,40.90909275634231,-761.5384968074834,0.0,-391.66665580123635,-166.66666666666669,-55.00000317891439,-4.166662527455369,27.68595269302645,-15.624999767169356,-12.5,63.27272761951793,3.0,8.0,-115.93597378909445
03-30,40.90909275634231,-761.5384968074834,0.0,-391.66665580123635,-166.66666666666669,-55.00000317891439,-4.166662527455369,35.33057818671052,-15.624999767169356,-12.5,62.313434130419395,3.0,8.0,-115.32821633413214
03-31,40.90909275634231,-761.5384968074834,0.0,-391.66665580123635,-166.66666666666669,-55.00000317891439,-4.166662527455369,-2.2727201076311885,-15.624999767169356,-50.0,88.80596998327957,2.0,9.0,-119.747376556085
04-01,40.90909275634231,-761.5384968074834,0.0,-391.66665580123635,-166.66666666666669,-55.00000317891439,9.090909090909092,-2.2727201076311885,-15.624999767169356,-50.0,88.80596998327957,3.0,8.0,-118.54214277259733
04-02,40.90909275634231,-761.5384968074834,0.0,-391.66665580123635,-33.33333333333333,-55.00000317891439,9.090909090909092,-2.2727201076311885,-15.624999767169356,-50.0,84.99999940395355,3.0,8.0,-106.76692797677846
04-03,40.90909275634231,-761.5384968074834,0.0,-391.66665580123635,-33.33333333333333,-50.0,9.090909090909092,-2.2727201076311885,-15.624999767169356,-50.0,84.99999940395355,3.0,8.0,-106.3123822332408
04-04,40.90909275634231,-761.5384968074834,0.0,0.0,-33.33333333333333,-50.0,9.090909090909092,-2.2727201076311885,-15.624999767169356,-50.0,84.99999940395355,3.0,8.0,-70.70632261494657
04-05,40.90909275634231,-761.5384968074834,0.0,0.0,-566.6666401757145,-50.0,9.090909090909092,-2.2727201076311885,-48.00000190734865,-50.0,90.4761903860852,3.0,8.0,-121.63651516044011
04-06,40.90909275634231,-761.5384968074834,0.0,0.0,-566.6666401757145,-12.5,12.727269259366105,-2.2727201076311885,-48.00000190734865,-50.0,94.1747571579506,3.0,8.0,-117.56061271131989
04-07,40.90909275634231,-761.5384968074834,0.0,0.0,-566.6666401757145,-12.5,12.727269259366105,45.0,-48.00000190734865,-50.0,94.1747571579506,4.0,7.0,-113.26309270153523
04-08,40.90909275634231,-761.5384968074834,0.0,0.0,-566.6666401757145,-12.5,12.727269259366105,45.0,-48.00000190734865,-50.0,90.09708774720187,4.0,7.0,-113.6337899206942
04-09,40.90909275634231,-761.5384968074834,0.0,0.0,-566.6666401757145,-12.5,12.727269259366105,54.166666666666664,-48.00000190734865,-50.0,83.80952460245028,4.0,7.0,-113.37205323688376
04-10,-44.4444334065477,-761.5384968074834,0.0,0.0,-566.6666401757145,-12.5,12.727269259366105,54.01337807309786,-48.00000190734865,-50.0,49.523809992357,3.0,8.0,-124.26228317929758
04-11,-44.4444334065477,-761.5384968074834,0.0,0.0,-566.6666401757145,-12.5,12.727269259366105,54.01337807309786,-48.00000190734865,-50.0,58.91472660472958,3.0,8.0,-123.4085634872637
04-12,-44.4444334065477,-761.5384968074834,0.0,0.0,-566.6666401757145,-12.5,12.727269259366105,54.01337807309786,-40.0,-50.0,58.80828817123247,3.0,8.0,-122.69096680782265
04-13,-44.4444334065477,-761.5384968074834,0.0,0.0,-566.6666401757145,-12.5,12.727269259366105,54.01337807309786,-40.0,-50.0,60.837437049566525,3.0,8.0,-122.50649872797412
04-14,-44.4444334065477,-761.5384968074834,0.0,0.0,-566.6666401757145,-12.5,12.727269259366105,75.0,-40.0,-50.0,63.05418667141468,3.0,8.0,-120.39710131445135
04-15,-44.4444334065477,-761.5384968074834,0.0,0.0,-566.6666401757145,-12.5,12.727269259366105,77.08333333333334,-40.0,-50.0,63.05418667141468,3.0,8.0,-120.2077073750574
04-16,-44.4444334065477,-761.5384968074834,0.0,0.0,-566.6666401757145,-12.5,12.727269259366105,77.08333333333334,-74.1293540600134,-50.0,63.05418667141468,3.0,8.0,-123.3103759259677
04-17,-44.4444334065477,-761.5384968074834,0.0,0.0,-413.3333002196431,-12.5,12.727269259366105,65.625,-74.1293540600134,-50.0,61.139895316946316,3.0,8.0,-110.58667453794318
04-18,-44.4444334065477,-761.5384968074834,0.0,0.0,-413.3333002196431,-12.5,12.727269259366105,65.625,-74.1293540600134,-50.0,61.139895316946316,3.0,8.0,-110.58667453794318
04-19,-44.4444334065477,-761.5384968074834,0.0,0.0,23.76237740622773,-12.5,12.727269259366105,65.625,-74.1293540600134,-50.0,51.61290173724088,4.0,7.0,-71.71679417010998
04-20,-144.44443340654772,-761.5384968074834,0.0,0.0,23.76237740622773,-12.5,12.727269259366105,65.625,-59.20398322719359,-50.0,51.61290173724088,4.0,7.0,-79.45085136712636
04-21,-144.44443340654772,-761.5384968074834,0.0,0.0,23.76237740622773,-12.5,12.727269259366105,65.625,-56.09756693252861,-50.0,51.61290173724088,4.0,7.0,-79.16844988579318
04-22,-144.44443340654772,-761.5384968074834,-146.66666004392863,0.0,23.76237740622773,-12.5,12.727269259366105,65.625,-56.09756693252861,-50.0,51.61290173724088,4.0,7.0,-92.50178261705942
04-23,-144.44443340654772,-761.5384968074834,-146.66666004392863,0.0,23.76237740622773,-12.5,12.727269259366105,65.625,-56.09756693252861,-50.0,40.0,4.0,7.0,-93.5575009568086
04-24,-144.44443340654772,-761.5384968074834,-146.66666004392863,0.0,23.76237740622773,-12.5,12.727269259366105,65.625,-56.09756693252861,-50.0,40.0,4.0,7.0,-93.5575009568086
04-25,-144.44443340654772,-761.5384968074834,-146.66666004392863,0.0,23.76237740622773,-50.0,12.727269259366105,65.625,-56.09756693252861,-50.0,37.50000248352678,4.0,7.0,-97.19386436739707
04-26,-144.44443340654772,-761.5384968074834,-146.66666004392863,0.0,23.76237740622773,-50.0,12.727269259366105,65.625,-56.09756693252861,-50.0,28.571425327638234,4.0,7.0,-98.00555319975057
04-27,-144.44443340654772,-761.5384968074834,-146.66666004392863,0.0,23.76237740622773,-50.0,12.727269259366105,65.625,-56.09756693252861,-50.0,28.571425327638234,4.0,7.0,-98.00555319975057
04-28,-144.44443340654772,0.0,-146.66666004392863,0.0,23.000001907348633,-50.0,12.727269259366105,65.625,-60.00000238418581,-50.0,28.571425327638234,4.0,7.0,-29.198854485482652
04-29,-144.44443340654772,0.0,-146.66666004392863,0.0,23.000001907348633,-50.0,12.727269259366105,65.625,-60.00000238418581,-50.0,28.571425327638234,4.0,7.0,-29.198854485482652
04-30,-144.44443340654772,0.0,-146.66666004392863,0.0,0.0,0.0,12.727269259366105,65.625,-60.00000238418581,-50.0,28.571425327638234,3.0,8.0,-26.744309204332527
05-01,-144.44443340654772,0.0,-146.66666004392863,0.0,0.0,0.0,12.727269259366105,65.625,-60.00000238418581,-50.0,75.71428506552765,3.0,8.0,-22.45859468270622
05-02,-144.44443340654772,0.0,-146.66666004392863,0.0,0.0,-20.0,12.727269259366105,65.625,-60.00000238418581,-50.0,85.00000070123109,3.0,8.0,-23.432620534005903
05-03,-144.44443340654772,0.0,-146.66666004392863,0.0,0.0,-20.0,12.727269259366105,38.12500238418579,-60.00000238418581,-50.0,85.00000070123109,3.0,8.0,-25.93262031726174
05-04,-144.44443340654772,0.0,-146.66666004392863,0.0,0.0,-20.0,12.727269259366105,38.12500238418579,-60.00000238418581,-33.33333333333333,85.00000070123109,3.0,8.0,-24.417468802110225
05-05,-144.44443340654772,0.0,-146.66666004392863,0.0,0.0,-20.0,12.727269259366105,38.12500238418579,-60.00000238418581,-33.33333333333333,85.00000070123109,3.0,8.0,-24.417468802110225
05-06,-144.44443340654772,-53.84616178168377,-146.66666004392863,0.0,0.0,-20.0,-20.000004768371603,38.12500238418579,-82.85714558192664,-33.33333333333333,85.00000070123109,2.0,9.0,-34.3657032573068
05-07,-144.44443340654772,-3746.153987229933,-146.66666004392863,0.0,0.0,-20.0,-20.000004768371603,38.12500238418579,-82.85714558192664,-33.33333333333333,85.00000070123109,2.0,9.0,-370.03005102532944
05-08,-144.44443340654772,-4899.999925494196,-146.66666004392863,0.0,21.05263058828843,-20.0,-20.000004768371603,38.12500238418579,-82.85714558192664,-33.33333333333333,50.0,3.0,8.0,-476.19307905962074
05-09,-144.44443340654772,-4899.999925494196,-146.66666004392863,0.0,21.05263058828843,-20.0,-20.000004768371603,68.75,-82.85714558192664,-33.33333333333333,74.50000047683716,3.0,8.0,-471.18171559665245
05-10,-144.44443340654772,-4899.999925494196,-146.66666004392863,0.0,21.05263058828843,-20.0,-20.000004768371603,68.75,-82.85714558192664,-33.33333333333333,74.50000047683716,3.0,8.0,-471.18171559665245
05-11,-144.44443340654772,-4899.999925494196,-146.66666004392863,0.0,21.05263058828843,-20.0,-20.000004768371603,68.75,-82.85714558192664,-33.33333333333333,74.50000047683716,3.0,8.0,-471.18171559665245
05-12,-144.44443340654772,-4899.999925494196,-146.66666004392863,0.0,21.05263058828843,-20.0,-20.000004768371603,68.75,-82.85714558192664,-33.33333333333333,74.50000047683716,3.0,8.0,-471.18171559665245
05-13,-144.44443340654772,-4899.999925494196,-146.66666004392863,0.0,21.05263058828843,-20.0,-20.000004768371603,72.52747367911397,-82.85714558192664,-33.33333333333333,74.50000047683716,3.0,8.0,-470.83830889855125
05-14,-144.44443340654772,-4899.999925494196,-146.66666004392863,0.0,21.05263058828843,-20.0,-20.000004768371603,72.52747367911397,-113.33333651224775,-33.33333333333333,74.50000047683716,3.0,8.0,-473.60887171039866
05-15,-144.44443340654772,-4899.999925494196,-146.66666004392863,0.0,21.05263058828843,-20.0,-20.000004768371603,73.68421052631578,-113.33333651224775,-33.33333333333333,79.60000038146973,3.0,8.0,-473.0400774602318
05-16,-144.44443340654772,-4899.999925494196,-146.66666004392863,0.0,21.05263058828843,-20.0,-20.000004768371603,60.526315789473685,-113.33333651224775,-33.33333333333333,79.60000038146973,3.0,8.0,-474.2362497090357
05-17,-144.44443340654772,-29.999993294477562,-146.66666004392863,0.0,-399.99998013178583,-20.0,-20.000004768371603,60.21052661694979,-113.33333651224775,-42.857145289985546,79.60000038146973,2.0,9.0,-70.68100240444774
05-18,-144.44443340654772,-29.999993294477562,-146.66666004392863,0.0,-399.99998013178583,-20.0,-20.000004768371603,60.21052661694979,-113.33333651224775,-42.857145289985546,79.60000038146973,2.0,9.0,-70.68100240444774
05-19,-144.44443340654772,-29.999993294477562,-146.66666004392863,0.0,-399.99998013178583,-20.0,-20.000004768371603,57.89473684210527,-113.33333651224775,-42.857145289985546,40.39999961853027,2.0,9.0,-74.45516518060991
05-20,-144.44443340654772,-29.999993294477562,-146.66666004392863,0.0,-399.99998013178583,-20.0,-20.000004768371603,49.052629972759036,-113.33333651224775,-42.857145289985546,-20.0,1.0,10.0,-80.74990213405323
05-21,-144.44443340654772,-29.999993294477562,-146.66666004392863,0.0,-399.99998013178583,-20.0,-20.000004768371603,49.052629972759036,-113.33333651224775,-42.857145289985546,-20.0,1.0,10.0,-80.74990213405323
05-22,-144.44443340654772,-29.999993294477562,-146.66666004392863,0.0,25.0,-20.0,-20.000004768371603,49.052629972759036,-113.33333651224775,-42.857145289985546,-20.0,2.0,9.0,-42.11354030389089
05-23,-144.44443340654772,-29.999993294477562,-146.66666004392863,0.0,25.0,-20.0,-20.000004768371603,49.052629972759036,-113.33333651224775,-42.857145289985546,-10.0,2.0,9.0,-41.20444939479998
05-24,-144.44443340654772,-29.999993294477562,-146.66666004392863,0.0,25.0,-20.0,-20.000004768371603,49.052629972759036,-113.33333651224775,-42.857145289985546,-22.22222222222222,2.0,9.0,-42.315560505911094
05-25,-144.44443340654772,-29.999993294477562,-146.66666004392863,0.0,25.0,-20.0,-20.000004768371603,51.11110768601803,-113.33333651224775,-7.142858967489158,-22.22222222222222,2.0,9.0,-38.88167286629697
05-26,-144.44443340654772,-29.999993294477562,-146.66666004392863,0.0,25.0,-20.0,-37.5,51.11110768601803,-113.33333651224775,-7.142858967489158,-22.22222222222222,2.0,9.0,-40.47258152371773
05-27,-144.44443340654772,-29.999993294477562,-146.66666004392863,0.0,25.0,-20.0,-48.64864673294057,40.24691451051903,-128.57143586995664,-7.142858967489158,-19.111114078097856,2.0,9.0,-43.576202534810825
05-28,-144.44443340654772,-29.999993294477562,-146.66666004392863,0.0,25.0,-20.0,-48.64864673294057,39.49999809265135,-128.57143586995664,-7.142858967489158,0.9900980750178164,3.0,8.0,-41.81672110433373
05-29,-144.44443340654772,-29.999993294477562,-146.66666004392863,0.0,25.0,-20.0,-48.64864673294057,39.49999809265135,-128.57143586995664,-7.142858967489158,0.9900980750178164,3.0,8.0,-41.81672110433373
05-30,-144.44443340654772,-29.999993294477562,-146.66666004392863,0.0,25.0,-20.0,-48.64864673294057,39.49999809265135,-128.57143586995664,-7.142858967489158,0.9900980750178164,3.0,8.0,-41.81672110433373
05-31,-144.44443340654772,-29.999993294477562,-146.66666004392863,0.0,84.99999940395355,-20.0,-48.64864673294057,39.49999809265135,-78.57143161248192,-7.142858967489158,0.9900980750178164,3.0,8.0,-31.816720771476618
06-01,-144.44443340654772,-29.999993294477562,-146.66666004392863,0.0,84.99999940395355,-20.0,-48.64864673294057,39.49999809265135,-78.57143161248192,-7.142858967489158,0.9900980750178164,3.0,8.0,-31.816720771476618
06-02,-144.44443340654772,-29.999993294477562,-146.66666004392863,0.0,84.99999940395355,-20.0,-48.64864673294057,29.577463842814584,-78.57143161248192,-7.142858967489158,-55.94060025300699,2.0,9.0,-37.89428736946404
06-03,-144.44443340654772,-29.999993294477562,-146.66666004392863,0.0,84.99999940395355,-60.0,-48.64864673294057,29.577463842814584,-108.33332505491077,-7.142858967489158,-154.95050217798916,2.0,9.0,-53.2371778574105
06-04,-144.44443340654772,-29.999993294477562,-146.66666004392863,0.0,84.99999940395355,-60.0,-57.14285714285714,29.577463842814584,-108.33332505491077,-7.142858967489158,-55.94060025300699,2.0,9.0,-45.00847862876817
06-05,18.1818144873154,-29.999993294477562,-146.66666004392863,0.0,84.99999940395355,-60.0,-57.14285714285714,29.577463842814584,-108.33332505491077,-7.142858967489158,-152.00000762939456,3.0,8.0,-38.956947672634016
06-06,18.1818144873154,-29.999993294477562,-146.66666004392863,0.0,84.99999940395355,-60.0,-57.14285714285714,15.492956611377497,-108.33332505491077,-7.142858967489158,-209.5999908447266,3.0,8.0,-45.473719531431215
06-07,18.1818144873154,-29.999993294477562,-146.66666004392863,0.0,84.99999940395355,-60.0,-57.14285714285714,15.774646487365585,-108.33332505491077,-7.142858967489158,-209.5999908447266,3.0,8.0,-45.44811136088685
06-08,18.1818144873154,-29.999993294477562,-146.66666004392863,0.0,85.14851412110767,-60.0,-57.14285714285714,32.80898566981051,-108.33332505491077,-7.142858967489158,-209.5999908447266,3.0,8.0,-43.886033733650564
06-09,18.1818144873154,-29.999993294477562,-146.66666004392863,0.0,84.99999940395355,-60.0,-57.14285714285714,-23.595510915499524,-108.33332505491077,-7.142858967489158,-208.79999160766602,2.0,9.0,-48.95448937595998
06-10,18.1818144873154,-29.999993294477562,-146.66666004392863,0.0,84.99999940395355,-60.0,-57.14285714285714,-71.42857142857143,-108.33332505491077,-7.142858967489158,-224.79999542236325,2.0,9.0,-54.757495223939
06-11,18.1818144873154,-29.999993294477562,-146.66666004392863,0.0,84.99999940395355,-60.0,-57.14285714285714,-71.42857142857143,-108.33332505491077,-7.142858967489158,-224.79999542236325,2.0,9.0,-54.757495223939
06-12,18.1818144873154,-29.999993294477562,-146.66666004392863,0.0,83.33333222954359,-60.0,-57.14285714285714,-71.42857142857143,-108.33332505491077,-7.142858967489158,-208.79999160766602,2.0,9.0,-53.45446462027651
06-13,18.1818144873154,-29.999993294477562,-146.66666004392863,0.0,83.33333222954359,-60.0,-57.14285714285714,-71.42857142857143,-67.4999925494197,-7.142858967489158,-208.79999160766602,2.0,9.0,-49.74234348341369
06-14,18.1818144873154,-29.999993294477562,-146.66666004392863,0.0,-12.222224135457784,-60.0,-57.14285714285714,-14.285714285714285,-67.4999925494197,-15.38461961689801,-208.79999160766602,1.0,10.0,-53.98365801719125
06-15,18.1818144873154,-29.999993294477562,-146.66666004392863,0.0,-12.222224135457784,-60.0,-57.14285714285714,-14.285714285714285,-67.4999925494197,-15.38461961689801,-28.66666316986084,1.0,10.0,-37.60790088648168
06-16,18.1818144873154,-29.999993294477562,-146.66666004392863,0.0,-12.222224135457784,-60.0,-57.14285714285714,-14.285714285714285,-70.833322571384,-15.38461961689801,-3.3333301544189453,1.0,10.0,-35.60790061434736
06-17,18.1818144873154,-29.999993294477562,-146.66666004392863,0.0,-12.222224135457784,-60.0,-57.14285714285714,-14.285714285714285,-70.833322571384,-15.38461961689801,-3.3333301544189453,1.0,10.0,-35.60790061434736
06-18,18.1818144873154,-29.999993294477562,-146.66666004392863,0.0,-12.222224135457784,-60.0,-57.14285714285714,-14.285714285714285,-70.833322571384,-15.38461961689801,16.666666666666664,2.0,9.0,-33.78971908515775
06-19,18.1818144873154,-29.999993294477562,0.0,0.0,-12.222224135457784,-60.0,-57.14285714285714,-52.38095238095239,-70.833322571384,-15.38461961689801,16.666666666666664,2.0,9.0,-23.91958981709498
06-20,18.1818144873154,-29.999993294477562,0.0,0.0,-12.222224135457784,-33.33333333333333,-57.14285714285714,-52.38095238095239,-70.833322571384,-15.38461961689801,19.999996821085595,2.0,9.0,-21.192317378814472
06-21,18.1818144873154,-29.999993294477562,0.0,0.0,59.600000381469734,-33.33333333333333,-57.14285714285714,-52.38095238095239,-78.26086911452063,-15.38461961689801,19.999996821085595,3.0,8.0,-15.338255744833482
06-22,18.1818144873154,-29.999993294477562,0.0,0.0,59.600000381469734,-33.33333333333333,-57.14285714285714,-52.38095238095239,-78.26086911452063,-15.38461961689801,19.999996821085595,3.0,8.0,-15.338255744833482
06-23,18.1818144873154,-29.999993294477562,0.0,0.0,59.600000381469734,-33.33333333333333,-57.14285714285714,-52.38095238095239,-73.91304708383491,-15.38461961689801,30.000003178914387,3.0,8.0,-14.033907709513981
06-24,18.1818144873154,-29.999993294477562,0.0,0.0,59.600000381469734,-33.33333333333333,-57.14285714285714,-52.38095238095239,-73.91304708383491,-15.38461961689801,30.000003178914387,3.0,8.0,-14.033907709513981
06-25,18.1818144873154,-29.999993294477562,0.0,0.0,60.0,-33.33333333333333,-57.14285714285714,-52.38095238095239,-73.91304708383491,-15.38461961689801,30.000003178914387,3.0,8.0,-13.997544107829414
06-26,18.1818144873154,-29.999993294477562,0.0,0.0,60.0,-33.33333333333333,-57.14285714285714,-52.38095238095239,-73.91304708383491,-15.38461961689801,30.000003178914387,3.0,8.0,-13.997544107829414
06-27,18.1818144873154,-29.999993294477562,0.0,0.0,60.0,-61.290327542530406,-57.14285714285714,-52.38095238095239,-73.91304708383491,-15.38461961689801,-13.333336512247737,2.0,9.0,-20.47848355331661
06-28,18.1818144873154,-29.999993294477562,0.0,0.0,-233.33332008785726,-61.290327542530406,-57.14285714285714,-52.38095238095239,-73.91304708383491,-15.38461961689801,-13.333336512247737,1.0,10.0,-47.14514901584909
06-29,18.1818144873154,-29.999993294477562,0.0,0.0,-233.33332008785726,-92.30769936149669,-57.14285714285714,-56.862748031293606,-73.91304708383491,-15.38461961689801,-13.333336512247737,1.0,10.0,-50.37234605851341
06-30,18.1818144873154,-29.999993294477562,0.0,0.0,-233.33332008785726,-92.30769936149669,-14.285714285714285,-56.862748031293606,-52.17391619835555,-15.38461961689801,-13.333336512247737,1.0,10.0,-44.49995753645685
07-01,18.1818144873154,-29.999993294477562,0.0,0.0,-233.33332008785726,-92.30769936149669,-14.285714285714285,-56.862748031293606,-52.17391619835555,-15.38461961689801,-13.333336512247737,1.0,10.0,-44.49995753645685
07-02,18.1818144873154,33.33333498901784,0.0,0.0,-216.66665010982152,-92.30769936149669,-14.285714285714285,-56.862748031293606,-52.17391619835555,-15.38461961689801,33.33333333333333,3.0,8.0,-32.98480589035574
07-03,18.1818144873154,33.33333498901784,0.0,0.0,-216.66665010982152,-92.30769936149669,-14.285714285714285,-56.862748031293606,-52.17391619835555,-15.38461961689801,32.203390926370936,3.0,8.0,-33.08752792735231
07-05,18.1818144873154,33.33333498901784,0.0,0.0,-216.66665010982152,-92.30769936149669,-14.285714285714285,-56.862748031293606,-52.17391619835555,-15.38461961689801,32.203390926370936,3.0,8.0,-33.08752792735231
07-06,18.1818144873154,33.33333498901784,0.0,0.0,-216.66665010982152,-92.30769936149669,-14.285714285714285,-56.862748031293606,-52.17391619835555,-15.38461961689801,32.203390926370936,3.0,8.0,-33.08752792735231
07-07,18.1818144873154,33.33333498901784,0.0,0.0,-216.66665010982152,-92.30769936149669,-14.285714285714285,-56.862748031293606,-52.17391619835555,-15.38461961689801,32.203390926370936,3.0,8.0,-33.08752792735231
07-08,18.1818144873154,33.33333498901784,0.0,0.0,-216.66665010982152,-92.30769936149669,-14.285714285714285,-78.43138336539518,-52.17391619835555,-15.38461961689801,32.203390926370936,3.0,8.0,-35.04831295772519
07-09,18.1818144873154,33.33333498901784,0.0,0.0,-216.66665010982152,-92.30769936149669,-14.285714285714285,-78.43138336539518,-52.17391619835555,-15.38461961689801,32.203390926370936,3.0,8.0,-35.04831295772519
07-10,18.1818144873154,90.47618990176926,0.0,0.0,-216.66665010982152,-92.30769936149669,-14.285714285714285,-78.43138336539518,-52.17391619835555,-15.38461961689801,15.254238657963674,3.0,8.0,-31.39433999005753
07-11,18.1818144873154,90.47618990176926,0.0,0.0,-216.66665010982152,-92.30769936149669,-14.285714285714285,-78.43138336539518,-30.43478531287619,-15.38461961689801,15.254238657963674,3.0,8.0,-29.41805536410487
07-12,18.1818144873154,90.47618990176926,0.0,0.0,50.0,-92.30769936149669,-14.285714285714285,-86.27451328716116,-30.43478531287619,-7.692309808449005,-25.0,3.0,8.0,-8.848819787873879
07-13,18.1818144873154,90.47618990176926,0.0,0.0,50.0,-92.30769936149669,-14.285714285714285,-86.27451328716116,-36.363633408034204,30.000001192092896,-25.0,4.0,7.0,-5.961232251020798
07-14,18.1818144873154,90.47618990176926,0.0,0.0,50.0,-92.30769936149669,-14.285714285714285,-86.27451328716116,-36.363633408034204,-27.272722346723675,-25.0,3.0,8.0,-11.167843481822304
07-15,18.1818144873154,90.47618990176926,0.0,0.0,50.0,-92.30769936149669,-14.285714285714285,-86.27451328716116,-36.363633408034204,-27.272722346723675,-25.0,3.0,8.0,-11.167843481822304
07-16,18.1818144873154,90.47618990176926,0.0,0.0,50.0,-92.30769936149669,-14.285714285714285,-86.27451328716116,-48.514852887473275,-27.272722346723675,-25.0,3.0,8.0,-12.272499798134946
07-17,18.1818144873154,90.47618990176926,0.0,0.0,-233.33332008785726,-92.30769936149669,-14.285714285714285,-86.27451328716116,-48.514852887473275,-27.272722346723675,-25.0,2.0,9.0,-38.030074351576516
07-18,18.1818144873154,90.47618990176926,0.0,0.0,-233.33332008785726,-92.30769936149669,-14.285714285714285,-86.27451328716116,-48.514852887473275,-27.272722346723675,-25.0,2.0,9.0,-38.030074351576516
07-19,18.1818144873154,90.47618990176926,0.0,0.0,-233.33332008785726,-147.52475481245546,-14.285714285714285,-86.27451328716116,-87.49999720603229,-27.272722346723675,-25.0,2.0,9.0,-46.59391069425996
07-20,18.1818144873154,90.47618990176926,0.0,0.0,-233.33332008785726,-147.52475481245546,-14.285714285714285,-94.11764320892713,-87.49999720603229,-27.272722346723675,-25.0,2.0,9.0,-47.30692250532959
07-21,18.1818144873154,90.47618990176926,0.0,0.0,-233.33332008785726,-147.52475481245546,-14.285714285714285,-94.11764320892713,-87.49999720603229,-38.61386033439504,-12.5,2.0,9.0,-47.20157141329971
07-22,18.1818144873154,90.47618990176926,0.0,0.0,-233.33332008785726,-147.52475481245546,-5.714287076677608,-58.82353986148351,-87.49999720603229,-38.61386033439504,-12.5,2.0,9.0,-43.21379590816513
07-23,18.1818144873154,90.47618990176926,0.0,0.0,-233.33332008785726,-147.52475481245546,-5.714287076677608,-58.82353986148351,-87.49999720603229,-38.61386033439504,-0.9999990463256836,2.0,9.0,-42.168341276012924
07-24,18.1818144873154,90.47618990176926,0.0,0.0,-233.33332008785726,-147.52475481245546,-5.714287076677608,-58.82353986148351,-74.99999441206461,-38.61386033439504,-0.9999990463256836,2.0,9.0,-41.031977385652226
07-25,18.1818144873154,90.47618990176926,0.0,0.0,-233.33332008785726,-147.52475481245546,-5.714287076677608,-56.862748031293606,-74.99999441206461,-38.61386033439504,-0.9999990463256836,2.0,9.0,-40.85372358290769
07-26,18.1818144873154,90.47618990176926,0.0,0.0,0.9900980750178164,-147.52475481245546,-5.714287076677608,-56.862748031293606,-74.99999441206461,-38.61386033439504,-0.9999990463256836,3.0,8.0,-19.55159465900996
07-27,18.1818144873154,90.47618990176926,0.0,0.0,0.9900980750178164,-147.52475481245546,-5.714287076677608,-56.862748031293606,-100.0,-38.61386033439504,-0.9999990463256836,3.0,8.0,-21.824322439731358
07-28,18.1818144873154,90.47618990176926,0.0,0.0,0.9900980750178164,-147.52475481245546,-5.714287076677608,-39.215687007823384,-100.0,-38.61386033439504,-0.9999990463256836,3.0,8.0,-20.22004416487043
07-29,18.1818144873154,90.47618990176926,0.0,0.0,0.9900980750178164,-147.52475481245546,-5.714287076677608,-39.215687007823384,-100.0,-38.61386033439504,-0.9999990463256836,3.0,8.0,-20.22004416487043
07-30,18.1818144873154,90.47618990176926,0.0,0.0,0.9900980750178164,-147.52475481245546,0.0,-39.215687007823384,-100.0,-38.61386033439504,-0.9999990463256836,3.0,8.0,-19.7005635215361
07-31,0.0,90.47618990176926,0.0,0.0,0.9900980750178164,-147.52475481245546,0.0,-39.215687007823384,-71.42858115994217,-38.61386033439504,37.5,3.0,8.0,-15.256054121620815
08-01,0.0,90.47618990176926,0.0,0.0,33.33333333333333,-147.52475481245546,0.0,-39.215687007823384,-71.42858115994217,-38.61386033439504,37.5,3.0,8.0,-12.315760007228494
08-02,0.0,90.47618990176926,0.0,0.0,33.33333333333333,-147.52475481245546,0.0,-39.215687007823384,-71.42858115994217,-38.61386033439504,37.5,3.0,8.0,-12.315760007228494
08-03,0.0,90.47618990176926,0.0,0.0,33.33333333333333,-147.52475481245546,0.0,-74.50979970501544,-71.42858115994217,-38.61386033439504,37.5,3.0,8.0,-15.524315706973228
08-04,0.0,90.47618990176926,0.0,0.0,33.33333333333333,-147.52475481245546,0.0,-74.50979970501544,-71.42858115994217,-38.61386033439504,37.5,3.0,8.0,-15.524315706973228
08-05,0.0,90.47618990176926,0.0,0.0,32.66666730244954,-147.52475481245546,0.0,-37.2549045273819,-71.42858115994217,-38.61386033439504,37.5,3.0,8.0,-12.198113057268705
08-06,0.0,90.47618990176926,0.0,0.0,33.33333333333333,-11.11111111111111,0.0,-37.2549045273819,-71.42858115994217,-38.61386033439504,0.0,2.0,9.0,-3.1453576270661485
08-07,0.0,90.47618990176926,0.0,0.0,10.891090628096048,-11.11111111111111,0.0,-37.2549045273819,-71.42858115994217,-38.61386033439504,0.0,2.0,9.0,-5.185561509360447
08-08,0.0,90.47618990176926,0.0,0.0,10.000002384185791,-11.11111111111111,0.0,-37.2549045273819,-71.42858115994217,-27.272722346723675,0.0,2.0,9.0,-4.235556987200346
08-09,0.0,90.47618990176926,0.0,0.0,10.000002384185791,-11.11111111111111,0.0,-37.2549045273819,-71.42858115994217,-18.18181128541315,0.0,2.0,9.0,-3.4091105270812068
08-10,0.0,90.47618990176926,0.0,0.0,10.000002384185791,-11.11111111111111,0.0,-55.55555555555556,-71.42858115994217,-18.18181128541315,0.0,2.0,9.0,-5.072806075096994
08-11,0.0,90.47618990176926,0.0,0.0,10.000002384185791,-11.11111111111111,0.0,-55.55555555555556,-71.42858115994217,-18.18181128541315,0.0,2.0,9.0,-5.072806075096994
08-12,0.0,90.47618990176926,0.0,0.0,10.000002384185791,-11.11111111111111,0.0,-55.55555555555556,-71.42858115994217,-18.18181128541315,-140.0,2.0,9.0,-17.800078802369722
08-13,0.0,90.47618990176926,0.0,0.0,10.000002384185791,-11.11111111111111,0.0,-55.55555555555556,-71.42858115994217,-18.18181128541315,-140.0,2.0,9.0,-17.800078802369722
08-14,0.0,90.47618990176926,0.0,0.0,10.000002384185791,-11.11111111111111,0.0,-55.55555555555556,-71.42858115994217,-18.18181128541315,-140.0,2.0,9.0,-17.800078802369722
08-15,0.0,-400.00001862645195,0.0,0.0,10.000002384185791,0.0,0.0,-55.55555555555556,-71.42858115994217,-18.18181128541315,-140.0,1.0,10.0,-61.378724022107
08-16,0.0,-400.00001862645195,0.0,57.14285828325213,-150.0,0.0,0.0,-16.666666666666664,-64.28571367750362,-18.18181128541315,-140.0,1.0,10.0,-66.54466836116211
08-17,0.0,-400.00001862645195,0.0,57.14285828325213,-150.0,0.0,0.0,-16.666666666666664,-64.28571367750362,-18.18181128541315,-140.0,1.0,10.0,-66.54466836116211
08-18,0.0,-400.00001862645195,0.0,57.14285828325213,-150.0,0.0,0.0,-16.666666666666664,-64.28571367750362,-18.18181128541315,-140.0,1.0,10.0,-66.54466836116211
08-19,0.0,-400.00001862645195,0.0,57.14285828325213,-150.0,0.0,0.0,-16.666666666666664,-64.28571367750362,-18.18181128541315,-140.0,1.0,10.0,-66.54466836116211
08-20,0.0,-400.00001862645195,0.0,57.14285828325213,-150.0,0.0,0.0,-16.666666666666664,-64.28571367750362,-18.18181128541315,-140.0,1.0,10.0,-66.54466836116211
08-21,0.0,-400.00001862645195,0.0,57.14285828325213,-150.0,0.0,0.0,-16.666666666666664,-64.28571367750362,-18.18181128541315,-140.0,1.0,10.0,-66.54466836116211
08-22,0.0,-400.00001862645195,0.0,57.14285828325213,-150.0,31.11111323038737,33.962266527490215,-16.666666666666664,-64.28571367750362,-18.18181128541315,-140.0,3.0,8.0,-60.62890656499143
08-23,0.0,-400.00001862645195,0.0,57.14285828325213,69.9999988079071,31.11111323038737,33.962266527490215,-16.666666666666664,-64.28571367750362,-29.999995231628418,-140.0,4.0,7.0,-41.70328703211035
08-24,0.0,-400.00001862645195,0.0,57.14285828325213,69.9999988079071,31.11111323038737,33.962266527490215,-13.333331214057075,-64.28571367750362,-29.999995231628418,-140.0,4.0,7.0,-41.400256536418574
08-25,0.0,-400.00001862645195,0.0,57.14285828325213,69.9999988079071,31.11111323038737,33.962266527490215,-13.333331214057075,-64.28571367750362,-29.999995231628418,-140.0,4.0,7.0,-41.400256536418574
08-26,0.0,-400.00001862645195,0.0,57.14285828325213,69.9999988079071,42.22222434149848,33.962266527490215,-13.333331214057075,-64.28571367750362,-29.999995231628418,-140.0,4.0,7.0,-40.39015552631756
08-27,0.0,-650.0000465661298,0.0,57.14285828325213,69.9999988079071,42.22222434149848,33.962266527490215,-13.333331214057075,-64.28571367750362,-29.999995231628418,-140.0,4.0,7.0,-63.11743079356099
08-28,0.0,-650.0000465661298,0.0,57.14285828325213,69.9999988079071,42.22222434149848,33.962266527490215,-27.49999761581421,-64.28571367750362,-29.999995231628418,-136.0000038146973,4.0,7.0,-64.04167354051138
08-29,0.0,-650.0000465661298,0.0,57.14285828325213,69.9999988079071,42.22222434149848,33.962266527490215,-27.49999761581421,-64.28571367750362,-29.999995231628418,-136.0000038146973,4.0,7.0,-64.04167354051138
08-30,0.0,-650.0000465661298,0.0,57.14285828325213,69.9999988079071,42.22222434149848,33.962266527490215,-27.49999761581421,-64.28571367750362,-29.999995231628418,-136.0000038146973,4.0,7.0,-64.04167354051138
08-31,0.0,-650.0000465661298,0.0,57.14285828325213,69.9999988079071,42.22222434149848,33.962266527490215,-27.49999761581421,-64.28571367750362,-29.999995231628418,-136.0000038146973,4.0,7.0,-64.04167354051138
09-01,0.0,-650.0000465661298,0.0,57.14285828325213,69.9999988079071,42.22222434149848,33.962266527490215,-27.49999761581421,-64.28571367750362,-29.999995231628418,-136.0000038146973,4.0,7.0,-64.04167354051138
09-02,0.0,-650.0000465661298,0.0,57.14285828325213,69.9999988079071,42.22222434149848,33.962266527490215,-27.49999761581421,-43.7499948777259,-29.999995231628418,-136.0000038146973,4.0,7.0,-62.17479001325887
09-03,0.0,-5149.999878928063,0.0,57.14285828325213,69.9999988079071,25.714288439069477,33.962266527490215,-29.11392007762666,-43.7499948777259,-29.999995231628418,-136.0000038146973,4.0,7.0,-472.91312553382016
09-04,0.0,-5149.999878928063,0.0,57.14285828325213,69.9999988079071,27.777778513637607,33.962266527490215,-29.11392007762666,-43.7499948777259,-29.999995231628418,-195.00000476837164,4.0,7.0,-478.0891719773753
09-05,0.0,-5149.999878928063,0.0,57.14285828325213,69.9999988079071,13.33333651224772,33.962266527490215,-29.11392007762666,-43.7499948777259,-29.999995231628418,-100.0,4.0,7.0,-470.76593899855874
09-06,0.0,-5149.999878928063,0.0,57.14285828325213,69.9999988079071,13.33333651224772,33.962266527490215,-29.11392007762666,-43.7499948777259,-29.999995231628418,-100.0,4.0,7.0,-470.76593899855874
09-07,0.0,-5149.999878928063,0.0,57.14285828325213,69.9999988079071,13.33333651224772,33.962266527490215,-29.11392007762666,-37.50000093132254,-100.0,-100.0,4.0,7.0,-476.5613945278286
09-08,0.0,-5149.999878928063,0.0,0.0,69.9999988079071,13.33333651224772,33.962266527490215,-29.11392007762666,-37.50000093132254,-100.0,-100.0,3.0,8.0,-481.7561998263061
09-09,0.0,-5149.999878928063,0.0,0.0,69.9999988079071,13.33333651224772,33.962266527490215,-29.11392007762666,-37.50000093132254,-100.0,-100.0,3.0,8.0,-481.7561998263061
09-10,0.0,-5149.999878928063,0.0,0.0,69.9999988079071,13.33333651224772,33.962266527490215,-1.9999980926513672,-37.50000093132254,-10.000002384185791,-100.0,3.0,8.0,-471.10947986259794
09-11,0.0,-5149.999878928063,0.0,0.0,69.9999988079071,13.33333651224772,33.962266527490215,-1.9999980926513672,-37.50000093132254,-10.000002384185791,-100.0,3.0,8.0,-471.10947986259794
09-12,0.0,-5149.999878928063,0.0,0.0,69.9999988079071,13.33333651224772,33.962266527490215,-1.9999980926513672,-26.249996926635532,-100.0,-100.0,3.0,8.0,-478.2685701908822
09-13,0.0,-5149.999878928063,0.0,0.0,69.9999988079071,13.33333651224772,33.962266527490215,-1.9999980926513672,0.0,-100.0,-100.0,3.0,8.0,-475.88220683391535
09-14,0.0,-5149.999878928063,0.0,0.0,69.9999988079071,13.33333651224772,33.962266527490215,-1.9999980926513672,0.0,-100.0,-100.0,3.0,8.0,-475.88220683391535
09-15,0.0,-5149.999878928063,0.0,0.0,69.9999988079071,32.66666730244954,33.962266527490215,-1.9999980926513672,0.0,-340.00000953674316,-100.0,3.0,8.0,-495.94281399269187
09-16,0.0,-5149.999878928063,0.0,0.0,69.9999988079071,32.66666730244954,33.962266527490215,-69.9999968210856,0.0,-340.00000953674316,-100.0,3.0,8.0,-502.1246320589131
09-17,0.0,-5149.999878928063,0.0,0.0,69.9999988079071,32.66666730244954,33.962266527490215,-69.9999968210856,0.0,-303.99999618530273,-100.0,3.0,8.0,-498.8519035724185
09-18,0.0,-5149.999878928063,0.0,0.0,69.9999988079071,32.66666730244954,33.962266527490215,-69.9999968210856,0.0,-303.99999618530273,-100.0,3.0,8.0,-498.8519035724185
09-19,0.0,-5149.999878928063,0.0,0.0,69.9999988079071,32.66666730244954,33.962266527490215,-69.9999968210856,0.0,-303.99999618530273,-100.0,3.0,8.0,-498.8519035724185
09-20,0.0,-5149.999878928063,0.0,0.0,-236.66665010982157,32.66666730244954,33.962266527490215,-69.9999968210856,0.0,-303.99999618530273,-100.0,2.0,9.0,-526.7306898376665
09-21,0.0,-5149.999878928063,0.0,0.0,-236.66665010982157,32.66666730244954,33.962266527490215,-69.9999968210856,12.500002793967694,-303.99999618530273,-100.0,3.0,8.0,-525.594325947306
09-22,0.0,-5149.999878928063,0.0,0.0,-14.772726810914424,32.66666730244954,33.962266527490215,-69.9999968210856,12.500002793967694,-303.99999618530273,-100.0,3.0,8.0,-505.4221511019507
09-23,0.0,-5149.999878928063,0.0,0.0,-14.772726810914424,32.66666730244954,33.962266527490215,-69.9999968210856,12.500002793967694,-303.99999618530273,-100.0,3.0,8.0,-505.4221511019507
09-24,0.0,-5149.999878928063,0.0,0.0,-14.772726810914424,32.66666730244954,33.962266527490215,-69.9999968210856,12.500002793967694,-303.99999618530273,-100.0,3.0,8.0,-505.4221511019507
09-25,0.0,-5149.999878928063,0.0,0.0,-14.772726810914424,32.66666730244954,33.962266527490215,-69.9999968210856,12.500002793967694,-303.99999618530273,-100.0,3.0,8.0,-505.4221511019507
09-26,0.0,-5149.999878928063,0.0,0.0,-70.45454637817116,32.66666730244954,33.962266527490215,-69.9999968210856,12.500002793967694,-303.99999618530273,-100.0,3.0,8.0,-510.48413469897406
09-27,56.00000023841858,-5149.999878928063,0.0,0.0,-70.45454637817116,32.66666730244954,33.962266527490215,-69.9999968210856,12.500002793967694,-303.99999618530273,-100.0,4.0,7.0,-505.39322558639054
09-28,56.00000023841858,-5149.999878928063,0.0,0.0,-70.45454637817116,32.66666730244954,33.962266527490215,-201.77513206836997,22.22222148636239,-303.99999618530273,-100.0,4.0,7.0,-516.4889452731987
09-29,56.00000023841858,-5149.999878928063,0.0,0.0,-70.45454637817116,32.66666730244954,33.962266527490215,-201.77513206836997,22.22222148636239,-303.99999618530273,-100.0,4.0,7.0,-516.4889452731987
09-30,97.80000001192093,-5149.999878928063,0.0,0.0,-70.45454637817116,32.66666730244954,33.962266527490215,-201.77513206836997,22.22222148636239,-303.99999618530273,-100.0,4.0,7.0,-512.6889452937894
10-01,97.80000001192093,-5149.999878928063,0.0,0.0,-70.45454637817116,-50.0,33.962266527490215,-201.77513206836997,22.22222148636239,-303.99999618530273,-25.0,3.0,8.0,-513.3859150485575
10-02,97.80000001192093,-5149.999878928063,0.0,0.0,-14.772726810914424,-50.0,33.962266527490215,-201.77513206836997,22.22222148636239,-303.99999618530273,-25.0,3.0,8.0,-508.3239314515342
10-03,97.80000001192093,-5149.999878928063,0.0,0.0,-13.636364252114102,-50.0,33.962266527490215,-201.77513206836997,22.22222148636239,-340.00000953674316,-25.0,3.0,8.0,-511.49335425086514
10-04,97.80000001192093,-5149.999878928063,0.0,0.0,-13.636364252114102,-50.0,33.962266527490215,-201.77513206836997,22.22222148636239,-340.00000953674316,-25.0,3.0,8.0,-511.49335425086514
10-05,97.80000001192093,-5149.999878928063,0.0,0.0,-13.636364252114102,-50.0,33.962266527490215,-166.27218033359978,22.22222148636239,-340.00000953674316,-25.0,3.0,8.0,-508.26581318406784
10-06,97.80000001192093,-5149.999878928063,0.0,0.0,-13.636364252114102,-50.0,33.962266527490215,-166.27218033359978,22.22222148636239,-340.00000953674316,-25.0,3.0,8.0,-508.26581318406784
10-07,97.80000001192093,-5149.999878928063,76.92307515962582,0.0,-13.636364252114102,-50.0,33.962266527490215,-166.27218033359978,22.22222148636239,-340.00000953674316,-25.0,4.0,7.0,-501.2728063513745
10-08,97.80000001192093,-5149.999878928063,76.92307515962582,0.0,-13.636364252114102,-50.0,33.962266527490215,-166.27218033359978,22.22222148636239,-340.00000953674316,-25.0,4.0,7.0,-501.2728063513745
10-09,97.80000001192093,-5149.999878928063,76.92307515962582,0.0,-13.636364252114102,-50.0,33.962266527490215,-166.27218033359978,22.22222148636239,-340.00000953674316,-25.0,4.0,7.0,-501.2728063513745
10-10,97.80000001192093,-5149.999878928063,76.92307515962582,0.0,-13.636364252114102,-50.0,33.962266527490215,-166.27218033359978,22.22222148636239,-340.00000953674316,-25.0,4.0,7.0,-501.2728063513745
10-11,97.80000001192093,-5149.999878928063,76.92307515962582,-133.33333954215064,0.0,-50.0,33.962266527490215,-166.27218033359978,22.22222148636239,-340.00000953674316,-25.0,4.0,7.0,-512.1543495595597
10-12,97.80000001192093,0.0,76.92307515962582,-133.33333954215064,0.0,-50.0,33.962266527490215,-155.68181956725672,22.22222148636239,-340.00000953674316,-25.0,4.0,7.0,-43.009782314613744
10-13,97.80000001192093,0.0,76.92307515962582,-133.33333954215064,0.0,-50.0,55.12820622546353,-155.68181956725672,22.22222148636239,-340.00000953674316,-25.0,4.0,7.0,-41.08560597843435
10-14,97.80000001192093,0.0,76.92307515962582,-133.33333954215064,0.0,-50.0,55.12820622546353,-155.68181956725672,22.22222148636239,-340.00000953674316,-25.0,4.0,7.0,-41.08560597843435
10-15,97.80000001192093,0.0,76.92307515962582,-133.33333954215064,0.0,-122.77227933120992,55.12820622546353,-155.68181956725672,22.22222148636239,-340.00000953674316,-25.0,4.0,7.0,-47.701267735817076
10-16,97.80000001192093,0.0,76.92307515962582,-133.33333954215064,0.0,-122.77227933120992,55.12820622546353,-155.68181956725672,22.22222148636239,-340.00000953674316,-25.0,4.0,7.0,-47.701267735817076
10-17,97.80000001192093,80.00000074505806,76.92307515962582,-133.33333954215064,0.0,-122.77227933120992,55.12820622546353,-155.68181956725672,22.22222148636239,-340.00000953674316,-25.0,5.0,6.0,-40.428540395357246
10-18,97.80000001192093,80.00000074505806,76.92307515962582,-133.33333954215064,0.0,-122.77227933120992,55.12820622546353,-155.68181956725672,22.22222148636239,-300.0,-25.0,5.0,6.0,-36.79217589201696
10-19,97.80000001192093,80.00000074505806,76.92307515962582,-133.33333954215064,-24.99999813735486,-122.77227933120992,32.05128126752606,-155.68181956725672,22.22222148636239,-300.0,-25.0,5.0,6.0,-41.16280526431626
10-20,97.80000001192093,80.00000074505806,76.92307515962582,-133.33333954215064,-24.99999813735486,-122.77227933120992,32.05128126752606,-155.68181956725672,22.22222148636239,-300.0,-25.0,5.0,6.0,-41.16280526431626
10-21,97.80000001192093,80.00000074505806,76.92307515962582,-133.33333954215064,-24.99999813735486,-122.77227933120992,3.6363601684570153,-155.68181956725672,-37.25490218994481,-300.0,-25.0,4.0,7.0,-49.15299115298683
10-22,97.80000001192093,80.00000074505806,76.92307515962582,-133.33333954215064,-24.99999813735486,-122.77227933120992,3.6363601684570153,-155.68181956725672,-37.25490218994481,-300.0,-25.0,4.0,7.0,-49.15299115298683
10-23,97.80000001192093,80.00000074505806,76.92307515962582,-133.33333954215064,-24.99999813735486,-122.77227933120992,3.6363601684570153,-155.68181956725672,-37.25490218994481,-300.0,-25.0,4.0,7.0,-49.15299115298683
10-24,97.80000001192093,80.00000074505806,76.92307515962582,-133.33333954215064,-24.99999813735486,-122.77227933120992,3.6363601684570153,-155.68181956725672,-37.25490218994481,-300.0,-25.0,4.0,7.0,-49.15299115298683
10-25,97.80000001192093,80.00000074505806,76.92307515962582,-133.33333954215064,-24.99999813735486,-122.77227933120992,3.6363601684570153,-127.2727285042282,-37.25490218994481,-300.0,-25.0,4.0,7.0,-46.57034651089332
10-26,97.80000001192093,80.00000074505806,76.92307515962582,-133.33333954215064,-24.99999813735486,-122.77227933120992,3.6363601684570153,-127.2727285042282,-37.25490218994481,-300.0,-25.0,4.0,7.0,-46.57034651089332
10-27,97.80000001192093,80.00000074505806,76.92307515962582,-133.33333954215064,-24.99999813735486,-122.77227933120992,3.6363601684570153,-127.2727285042282,-37.25490218994481,0.0,-25.0,4.0,7.0,-19.297619238166053
10-28,97.80000001192093,80.00000074505806,76.92307515962582,-133.33333954215064,-24.99999813735486,-122.77227933120992,3.6363601684570153,-127.2727285042282,-37.25490218994481,0.0,-25.0,4.0,7.0,-19.297619238166053
10-29,97.80000001192093,80.00000074505806,76.92307515962582,-133.33333954215064,-24.99999813735486,-73.26732836871882,3.6363601684570153,-136.68638251875535,-37.25490218994481,0.0,-25.0,4.0,7.0,-15.652955879260242
10-30,97.80000001192093,80.00000074505806,76.92307515962582,-133.33333954215064,-24.99999813735486,-78.2178187438079,3.6363601684570153,-136.68638251875535,-56.862750368730715,0.0,0.0,4.0,7.0,-15.61280483870342
10-31,97.80000001192093,80.00000074505806,76.92307515962582,-133.33333954215064,-24.99999813735486,33.33333333333333,3.6363601684570153,-133.72780555879248,-56.862750368730715,0.0,0.0,5.0,6.0,-5.20282947169396
11-01,97.80000001192093,80.00000074505806,76.92307515962582,-133.33333954215064,-24.99999813735486,33.33333333333333,3.6363601684570153,-133.72780555879248,-56.862750368730715,0.0,0.0,5.0,6.0,-5.20282947169396
11-02,97.80000001192093,80.00000074505806,76.92307515962582,-133.33333954215064,-24.99999813735486,33.33333333333333,3.6363601684570153,-133.72780555879248,-56.862750368730715,0.0,0.0,5.0,6.0,-5.20282947169396
11-03,97.80000001192093,80.00000074505806,76.92307515962582,-133.33333954215064,-24.99999813735486,33.33333333333333,3.6363601684570153,-133.72780555879248,-56.862750368730715,0.0,0.0,5.0,6.0,-5.20282947169396
11-04,97.80000001192093,80.00000074505806,79.9999992052714,-133.33333954215064,-24.99999813735486,33.33333333333333,3.6363601684570153,-133.72780555879248,-56.862750368730715,0.0,0.0,5.0,6.0,-4.923109103907999
11-05,97.80000001192093,80.00000074505806,79.9999992052714,0.0,-24.99999813735486,33.33333333333333,3.6363601684570153,-133.72780555879248,-56.862750368730715,0.0,0.0,5.0,6.0,7.198103581742057
11-06,97.80000001192093,80.00000074505806,79.9999992052714,0.0,-24.99999813735486,33.33333333333333,3.6363601684570153,-133.72780555879248,-56.862750368730715,0.0,0.0,5.0,6.0,7.198103581742057
11-07,97.80000001192093,80.00000074505806,79.9999992052714,0.0,-24.99999813735486,33.33333333333333,3.6363601684570153,-195.8579781484442,-56.862750368730715,44.999998807907104,0.0,6.0,5.0,5.640815056128909
11-08,97.80000001192093,80.00000074505806,79.9999992052714,0.0,-24.99999813735486,33.33333333333333,3.6363601684570153,-195.8579781484442,-56.862750368730715,44.999998807907104,0.0,6.0,5.0,5.640815056128909
11-09,97.80000001192093,80.00000074505806,79.9999992052714,0.0,-24.99999813735486,33.33333333333333,3.6363601684570153,-195.8579781484442,-56.862750368730715,44.999998807907104,0.0,6.0,5.0,5.640815056128909
11-10,97.80000001192093,80.00000074505806,79.9999992052714,0.0,-24.99999813735486,33.33333333333333,3.6363601684570153,-195.8579781484442,-6.6666682561238755,44.999998807907104,0.0,6.0,5.0,10.204095248184077
11-11,97.80000001192093,80.00000074505806,79.9999992052714,0.0,-24.99999813735486,33.33333333333333,3.6363601684570153,-77.51478688906653,-6.6666682561238755,44.999998807907104,0.0,6.0,5.0,20.962567180854776
11-12,97.80000001192093,80.00000074505806,79.9999992052714,0.0,-24.99999813735486,33.33333333333333,3.6363601684570153,-77.51478688906653,-6.6666682561238755,75.0,0.0,6.0,5.0,23.68984001649958
11-13,97.80000001192093,80.00000074505806,79.9999992052714,0.0,-24.99999813735486,33.33333333333333,3.6363601684570153,-77.51478688906653,-6.6666682561238755,75.0,0.0,6.0,5.0,23.68984001649958
11-14,97.80000001192093,80.00000074505806,79.9999992052714,0.0,-24.99999813735486,33.33333333333333,3.6363601684570153,-77.51478688906653,-6.6666682561238755,-66.66666004392862,0.0,5.0,6.0,10.8110527397788
11-15,97.80000001192093,80.00000074505806,79.9999992052714,0.0,62.49999906867745,33.33333333333333,3.6363601684570153,-77.51478688906653,-6.6666682561238755,-66.66666004392862,0.0,6.0,5.0,18.76559794032719
11-16,97.80000001192093,80.00000074505806,79.9999992052714,0.0,62.49999906867745,33.33333333333333,3.6363601684570153,-77.51478688906653,-6.6666682561238755,-66.66666004392862,0.0,6.0,5.0,18.76559794032719
11-17,97.80000001192093,80.00000074505806,79.9999992052714,0.0,62.49999906867745,33.33333333333333,3.6363601684570153,-77.51478688906653,-6.6666682561238755,-66.66666004392862,0.0,6.0,5.0,18.76559794032719
11-18,97.80000001192093,80.00000074505806,79.9999992052714,0.0,62.49999906867745,33.33333333333333,3.6363601684570153,-24.999995032946444,-6.6666682561238755,-66.66666004392862,0.0,6.0,5.0,23.5396699272472
11-19,97.80000001192093,80.00000074505806,79.9999992052714,0.0,-9.999997764825839,33.33333333333333,3.6363601684570153,-24.999995032946444,-6.6666682561238755,-66.66666004392862,0.0,5.0,5.0,16.94876112420145
11-20,90.17857152360435,33.33333333333333,79.9999992052714,0.0,-9.999997764825839,33.33333333333333,3.6363601684570153,-24.999995032946444,-6.6666682561238755,-66.66666004392862,0.0,5.0,5.0,12.01347967874315
11-21,90.17857152360435,33.33333333333333,79.9999992052714,0.0,-9.999997764825839,33.33333333333333,3.6363601684570153,-24.999995032946444,-6.6666682561238755,-66.66666004392862,0.0,5.0,5.0,12.01347967874315
11-22,90.17857152360435,33.33333333333333,79.9999992052714,0.0,-9.999997764825839,33.33333333333333,3.6363601684570153,29.583333747254475,-19.99999682108561,-66.66666004392862,0.0,6.0,4.0,15.76347969831035
11-23,77.67857152360435,33.33333333333333,79.9999992052714,0.0,-9.999997764825839,33.33333333333333,3.6363601684570153,29.583333747254475,-19.99999682108561,75.0,0.0,7.0,3.0,27.505903338667498
11-24,-346.4285695279131,33.33333333333333,79.9999992052714,0.0,-9.999997764825839,33.33333333333333,3.6363601684570153,29.583333747254475,-19.99999682108561,75.0,0.0,6.0,4.0,-11.04929130237955
11-25,-346.4285695279131,33.33333333333333,79.9999992052714,0.0,-9.999997764825839,33.33333333333333,3.6363601684570153,29.583333747254475,-19.99999682108561,75.0,0.0,6.0,4.0,-11.04929130237955
11-26,-346.4285695279131,33.33333333333333,79.9999992052714,0.0,-9.999997764825839,33.33333333333333,3.6363601684570153,29.583333747254475,-19.99999682108561,75.0,0.0,6.0,4.0,-11.04929130237955
11-27,-346.4285695279131,33.33333333333333,79.9999992052714,0.0,-9.999997764825839,33.33333333333333,3.6363601684570153,29.583333747254475,-19.99999682108561,75.0,0.0,6.0,4.0,-11.04929130237955
11-28,-346.4285695279131,33.33333333333333,79.9999992052714,0.0,-9.999997764825839,33.33333333333333,3.6363601684570153,29.583333747254475,-19.99999682108561,75.0,0.0,6.0,4.0,-11.04929130237955
11-29,-346.4285695279131,33.33333333333333,79.9999992052714,0.0,-9.999997764825839,33.33333333333333,3.6363601684570153,29.583333747254475,-19.99999682108561,75.0,0.0,6.0,4.0,-11.04929130237955
11-30,-346.4285695279131,33.33333333333333,79.9999992052714,0.0,-9.999997764825839,51.61290173724088,3.6363601684570153,29.583333747254475,-19.99999682108561,75.0,0.0,6.0,4.0,-9.387512356569772
12-01,-346.4285695279131,33.33333333333333,79.9999992052714,0.0,-9.999997764825839,51.61290173724088,3.6363601684570153,29.583333747254475,0.0,75.0,0.0,6.0,4.0,-7.569330827380171
12-02,-346.4285695279131,33.33333333333333,79.9999992052714,0.0,-9.999997764825839,51.61290173724088,3.6363601684570153,29.583333747254475,-1.1235944521335182,75.0,0.0,6.0,4.0,-7.671475777574128
12-03,-346.4285695279131,33.33333333333333,79.9999992052714,0.0,-9.999997764825839,51.61290173724088,3.6363601684570153,29.583333747254475,-1.1235944521335182,75.0,0.0,6.0,4.0,-7.671475777574128
12-04,-346.4285695279131,33.33333333333333,13.33333651224772,0.0,-9.999997764825839,50.0,3.6363601684570153,29.583333747254475,-1.1235944521335182,75.0,0.0,6.0,4.0,-13.878708907598174
12-05,-346.4285695279131,33.33333333333333,13.33333651224772,79.31034469469832,-9.999997764825839,50.0,3.6363601684570153,29.583333747254475,-1.1235944521335182,75.0,0.0,7.0,3.0,-6.668677571716511
12-06,-346.4285695279131,33.33333333333333,13.33333651224772,79.31034469469832,-24.99999813735486,50.0,3.6363601684570153,29.583333747254475,-1.1235944521335182,75.0,0.0,7.0,3.0,-8.03231396921915
12-07,-346.4285695279131,33.33333333333333,13.33333651224772,79.31034469469832,50.0,50.0,3.6363601684570153,26.6666699780357,-1.1235944521335182,75.0,0.0,8.0,2.0,-1.4792835721158688
12-08,-346.4285695279131,33.33333333333333,13.33333651224772,79.31034469469832,50.0,50.0,-41.818185286088436,26.6666699780357,10.000002384185791,75.0,0.0,8.0,2.0,-4.600278901045519
12-09,-346.4285695279131,33.33333333333333,13.33333651224772,88.11881203456738,50.0,50.0,-41.818185286088436,26.6666699780357,10.000002384185791,75.0,0.0,8.0,2.0,-3.7995091428756016
12-10,-346.4285695279131,33.33333333333333,13.33333651224772,88.11881203456738,50.0,66.33333365122476,-41.818185286088436,26.6666699780357,10.000002384185791,75.0,0.0,8.0,2.0,-2.314660629127896
12-11,-346.4285695279131,33.33333333333333,13.33333651224772,88.11881203456738,50.0,66.33333365122476,-41.818185286088436,26.6666699780357,10.000002384185791,75.0,0.0,8.0,2.0,-2.314660629127896
12-12,-346.4285695279131,33.33333333333333,13.33333651224772,88.11881203456738,50.0,66.33333365122476,-41.818185286088436,26.6666699780357,10.000002384185791,75.0,0.0,8.0,2.0,-2.314660629127896
12-13,-346.4285695279131,33.33333333333333,13.33333651224772,88.11881203456738,50.0,66.33333365122476,-41.818185286088436,26.6666699780357,28.000001907348633,75.0,0.0,8.0,2.0,-0.6782970361130922
12-14,-346.4285695279131,-233.33334575096796,13.33333651224772,88.11881203456738,50.0,66.33333365122476,-41.818185286088436,26.6666699780357,28.000001907348633,75.0,0.0,7.0,3.0,-24.920722407413212
12-15,-346.4285695279131,-233.33334575096796,13.33333651224772,88.11881203456738,50.0,66.33333365122476,-41.818185286088436,26.6666699780357,28.000001907348633,75.0,0.0,7.0,3.0,-24.920722407413212
12-16,-346.4285695279131,-233.33334575096796,13.33333651224772,88.11881203456738,59.99999940395355,66.33333365122476,0.0,26.6666699780357,28.000001907348633,75.0,0.0,7.0,3.0,-20.209978344682124
12-17,-346.4285695279131,-233.33334575096796,13.33333651224772,88.11881203456738,59.99999940395355,66.33333365122476,0.0,26.6666699780357,28.000001907348633,75.0,0.0,7.0,3.0,-20.209978344682124
12-18,-346.4285695279131,-233.33334575096796,13.33333651224772,88.11881203456738,59.99999940395355,66.33333365122476,0.0,26.6666699780357,59.20000076293945,75.0,0.0,7.0,3.0,-17.373614812355687
12-19,-346.4285695279131,-233.33334575096796,13.33333651224772,88.11881203456738,59.99999940395355,66.33333365122476,0.0,26.6666699780357,59.20000076293945,75.0,0.0,7.0,3.0,-17.373614812355687
12-20,-346.4285695279131,-233.33334575096796,13.33333651224772,84.00000035762787,59.99999940395355,66.33333365122476,0.0,26.6666699780357,59.20000076293945,75.0,0.0,7.0,3.0,-17.748052237532008
12-21,-346.4285695279131,-233.33334575096796,13.33333651224772,84.00000035762787,59.99999940395355,66.33333365122476,0.0,26.6666699780357,36.2500021420419,0.0,0.0,6.0,4.0,-26.65259756670451
12-22,-346.4285695279131,-233.33334575096796,13.33333651224772,88.11881203456738,59.99999940395355,66.33333365122476,0.0,26.6666699780357,59.20000076293945,16.66666997803569,0.0,7.0,3.0,-22.676644814352443
12-23,-346.4285695279131,-233.33334575096796,13.33333651224772,88.11881203456738,59.99999940395355,66.33333365122476,0.0,54.324323366470296,59.20000076293945,16.66666997803569,0.0,7.0,3.0,-20.162312688131117
12-24,-346.4285695279131,-233.33334575096796,13.33333651224772,88.11881203456738,59.99999940395355,66.33333365122476,0.0,54.324323366470296,66.00000063578287,16.66666997803569,0.0,7.0,3.0,-19.544130881508988
12-26,-346.4285695279131,-233.33334575096796,13.33333651224772,88.11881203456738,59.99999940395355,25.0,0.0,54.324323366470296,66.00000063578287,16.66666997803569,0.0,7.0,3.0,-23.301706667983957
12-27,-346.4285695279131,-233.33334575096796,13.33333651224772,88.11881203456738,59.99999940395355,25.0,0.0,54.324323366470296,66.00000063578287,16.66666997803569,0.0,7.0,3.0,-23.301706667983957
12-28,-346.4285695279131,-233.33334575096796,13.33333651224772,88.11881203456738,59.99999940395355,25.0,0.0,54.324323366470296,66.00000063578287,16.66666997803569,0.0,7.0,3.0,-23.301706667983957
12-29,-346.4285695279131,-233.33334575096796,0.0,88.11881203456738,59.99999940395355,25.0,0.0,54.324323366470296,66.00000063578287,16.66666997803569,0.0,6.0,4.0,-24.513828169097394
12-30,-346.4285695279131,-233.33334575096796,0.0,88.11881203456738,59.99999940395355,25.0,8.333333333333332,54.324323366470296,66.00000063578287,16.66666997803569,0.0,7.0,3.0,-23.756252411521633
12-31,-346.4285695279131,-233.33334575096796,0.0,88.11881203456738,59.99999940395355,25.0,8.333333333333332,54.324323366470296,66.00000063578287,16.66666997803569,0.0,7.0,3.0,-23.756252411521633
