,2009,2010,2011,2012,2013,2014,2015,2016,2017,2018,2019,2020,ups,downs,avg
01-02,23.23232493513931,-10.526312157057626,0.0,6.571429116385323,-2.4163589530783383,0.0,0.0,-18.14849242532583,-4.160253733216287,3.141030210323095,13.988434851693146,0.7020292880679856,5.0,7.0,1.0319859277442316
01-03,23.23232493513931,-10.526312157057626,0.0,6.571429116385323,-0.37174684946251235,0.0,0.0,-18.14849242532583,-7.5576832617634855,3.141030210323095,13.988434851693146,0.7020292880679856,5.0,7.0,0.9192511423332839
01-04,23.23232493513931,-10.526312157057626,0.0,6.571429116385323,-0.37174684946251235,0.0,0.0,-18.14849242532583,-7.5576832617634855,3.141030210323095,13.988434851693146,0.7020292880679856,5.0,7.0,0.9192511423332839
01-05,23.23232493513931,-10.526312157057626,0.0,-1.1428560529436511,-0.37174684946251235,0.0,1.382036937227425,-18.14849242532583,-7.5576832617634855,3.141030210323095,-1.6185011502525735,0.7020292880679856,4.0,8.0,-0.9090142105039886
01-06,23.23232493513931,-10.526312157057626,0.0,-1.1428560529436511,-0.37174684946251235,0.0,1.382036937227425,-18.14849242532583,-7.5576832617634855,3.141030210323095,-1.6185011502525735,0.7020292880679856,4.0,8.0,-0.9090142105039886
01-07,14.141412560227785,-10.526312157057626,0.0,-1.1428560529436511,-0.37174684946251235,0.0,1.382036937227425,-9.349225224834608,-5.542545003040814,3.141030210323095,-1.6185011502525735,0.7020292880679856,4.0,8.0,-0.7653897868121247
01-08,14.141412560227785,-10.526312157057626,0.0,-1.1428560529436511,-0.37174684946251235,2.502715481372581,1.382036937227425,-8.065995662224113,-4.643965773426175,3.141030210323095,-4.5086746881154305,-1.9500780495410757,4.0,8.0,-0.8368695036349747
01-09,14.141412560227785,-10.526312157057626,24.40678023634475,4.3243265883429425,-0.37174684946251235,2.502715481372581,1.382036937227425,7.890626670559856,-4.643965773426175,3.141030210323095,-4.5086746881154305,-1.1700512930990596,7.0,5.0,3.0473481602698027
01-10,14.141412560227785,-10.526312157057626,24.40678023634475,4.3243265883429425,-0.37174684946251235,2.502715481372581,1.382036937227425,7.890626670559856,-1.5479861306820204,3.141030210323095,-4.5086746881154305,-1.24804876147309,7.0,5.0,3.298846674800646
01-11,14.141412560227785,-10.526312157057626,24.66216248870331,4.3243265883429425,-0.37174684946251235,5.185182867810746,1.382036937227425,7.890626670559856,-2.78637503522765,3.141030210323095,-4.5086746881154305,-3.343941947355813,7.0,5.0,3.2658106371646767
01-12,14.141412560227785,-10.526312157057626,24.66216248870331,4.3243265883429425,-0.37174684946251235,6.860705356170099,1.382036937227425,7.890626670559856,-2.78637503522765,3.141030210323095,-4.5086746881154305,-3.343941947355813,7.0,5.0,3.4054375111946236
01-13,14.141412560227785,-10.526312157057626,24.66216248870331,4.3243265883429425,-0.37174684946251235,9.67741966495651,1.382036937227425,10.78125073341653,-1.8575833568184243,3.141030210323095,-0.22172398086899814,-3.343941947355813,7.0,5.0,4.315694240969518
01-14,14.141412560227785,-10.526312157057626,24.66216248870331,4.3243265883429425,-0.37174684946251235,9.67741966495651,1.382036937227425,11.093750430736698,-2.1671805829548147,3.141030210323095,-0.22172398086899814,-3.343941947355813,7.0,5.0,4.315936113568166
01-15,14.141412560227785,-10.526312157057626,25.66666603088379,3.8043506077308673,-0.37174684946251235,9.94974663412864,1.382036937227425,14.062501280568531,-2.883865064374861,3.141030210323095,-0.556175661933797,-3.343941947355813,7.0,5.0,4.538808548408793
01-16,14.141412560227785,0.0,25.66666603088379,5.093835288173903,-0.37174684946251235,9.94974663412864,1.382036937227425,13.437501885928182,-0.6865000377177839,3.141030210323095,-3.0033422095414535,-4.0605036478421175,7.0,5.0,5.390844733527413
01-17,14.141412560227785,0.0,25.66666603088379,5.093835288173903,-0.37174684946251235,9.94974663412864,1.382036937227425,13.437501885928182,-0.6097555213709049,3.141030210323095,-3.0033422095414535,-4.0605036478421175,7.0,5.0,5.397240109889652
01-18,14.141412560227785,0.0,26.88524413320265,5.093835288173903,0.0,9.94974663412864,2.4414063045696834,13.437501885928182,-0.5331279071904075,3.141030210323095,-3.0033422095414535,-4.0605036478421175,7.0,5.0,5.624433604331664
01-19,14.141412560227785,-9.826587006380509,26.88524413320265,5.093835288173903,0.0,9.94974663412864,2.4414063045696834,13.437501885928182,-0.5331279071904075,3.141030210323095,-3.0033422095414535,-4.0605036478421175,7.0,5.0,4.805551353799955
01-20,14.141412560227785,-9.826587006380509,26.88524413320265,5.093835288173903,0.0,9.94974663412864,2.4414063045696834,14.76562746218403,-0.5331279071904075,3.141030210323095,-3.0033422095414535,-4.0605036478421175,7.0,5.0,4.916228485154609
01-21,9.090912374911527,-9.826587006380509,26.88524413320265,5.093835288173903,0.0,6.276154342405177,2.4414063045696834,14.76562746218403,-0.5331279071904075,3.141030210323095,-3.0033422095414535,-4.0605036478421175,7.0,5.0,4.189220778734632
01-22,9.090912374911527,-9.826587006380509,26.88524413320265,5.093835288173903,0.0,6.276154342405177,2.4414063045696834,14.76562746218403,-0.07581674905211448,3.141030210323095,-1.2021925129788305,-4.0605036478421175,7.0,5.0,4.377425849959708
01-23,10.101012411974777,-9.826587006380509,26.88524413320265,5.093835288173903,0.0,6.276154342405177,2.4414063045696834,14.76562746218403,0.22675535910201694,3.141030210323095,-1.2021925129788305,-4.0605036478421175,8.0,4.0,4.486815195394489
01-24,10.101012411974777,-9.826587006380509,26.88524413320265,5.093835288173903,0.0,6.276154342405177,2.4414063045696834,14.76562746218403,3.048777606854606,3.141030210323095,5.464481102134895,-2.0700578544682555,9.0,3.0,5.443410333414504
01-25,-18.66666475931803,-9.826587006380509,28.064513300757664,5.093835288173903,0.0,6.276154342405177,2.4414063045696834,14.76562746218403,0.6859767787570653,3.141030210323095,5.464481102134895,-2.0700578544682555,8.0,4.0,2.9474762640948935
01-26,-25.352114449652248,-9.826587006380509,28.064513300757664,5.093835288173903,0.0,6.276154342405177,2.4414063045696834,14.76562746218403,1.0670757968286986,3.141030210323095,5.464481102134895,-2.0700578544682555,8.0,4.0,2.4221137080730117
01-27,-27.142857264499277,-9.826587006380509,28.064513300757664,6.166220318964427,0.0,6.276154342405177,2.4414063045696834,14.76562746218403,1.0670757968286986,-2.0512800448667075,5.464481102134895,-2.0700578544682555,7.0,5.0,1.929558038135819
01-28,-41.42857519947759,-9.826587006380509,28.064513300757664,6.166220318964427,7.56013821722719,6.276154342405177,2.4414063045696834,14.76562746218403,1.0670757968286986,-2.0512800448667075,5.464481102134895,-2.0700578544682555,8.0,4.0,1.3690930616565582
01-29,-41.42857519947759,-9.826587006380509,28.064513300757664,6.166220318964427,7.56013821722719,6.276154342405177,2.4414063045696834,14.76562746218403,1.0670757968286986,-2.0512800448667075,5.464481102134895,-2.0700578544682555,8.0,4.0,1.3690930616565582
01-30,-41.42857519947759,-9.826587006380509,28.064513300757664,6.166220318964427,7.56013821722719,6.276154342405177,2.4414063045696834,14.76562746218403,1.0670757968286986,0.0,5.464481102134895,-2.0700578544682555,8.0,4.0,1.5400330653954504
01-31,-45.58823516521487,-9.826587006380509,28.064513300757664,6.166220318964427,7.56013821722719,6.276154342405177,1.0742154212493171,14.76562746218403,4.192074661069438,0.0,5.464481102134895,-2.0700578544682555,8.0,4.0,1.3398787333273754
02-01,-45.58823516521487,-9.826587006380509,25.167785073812954,6.166220318964427,7.56013821722719,6.276154342405177,1.0742154212493171,14.76562746218403,4.192074661069438,0.0,5.464481102134895,-2.0700578544682555,8.0,4.0,1.0984847144153165
02-02,-45.58823516521487,-9.826587006380509,21.478870194763637,6.166220318964427,7.56013821722719,6.276154342405177,1.0742154212493171,14.76562746218403,2.3628008280975132,0.0,5.464481102134895,-17.939280862879635,8.0,4.0,-0.6837995956207351
02-03,-86.79246471292376,-3.825132874384094,21.478870194763637,6.166220318964427,7.56013821722719,6.276154342405177,1.0742154212493171,14.964926638435527,1.524388803427296,0.0,9.233999360948161,-17.939280862879635,8.0,4.0,-3.356497096063896
02-04,-64.99999503294647,-3.825132874384094,-3.8732442548886246,0.8042887730928727,7.56013821722719,6.276154342405177,1.0742154212493171,0.23382488814952346,1.524388803427296,0.0,10.64050262575693,-17.939280862879635,7.0,5.0,-5.21034499614921
02-05,-64.99999503294647,-3.825132874384094,-3.8732442548886246,0.8042887730928727,8.967846813114026,3.870301495742333,1.0742154212493171,0.23382488814952346,1.524388803427296,0.0,10.64050262575693,-17.939280862879635,7.0,5.0,-5.293523683713878
02-06,-64.99999503294647,-3.825132874384094,-1.7241362300696461,0.8042887730928727,8.967846813114026,1.1506339489886015,1.0742154212493171,0.23382488814952346,1.524388803427296,0.0,10.64050262575693,-15.547383181694435,7.0,5.0,-5.14174550377634
02-07,-64.99999503294647,-3.825132874384094,-5.357146354354233,0.8042887730928727,8.967846813114026,-0.6276094488371209,3.43183664949568,0.23382488814952346,1.524388803427296,0.0,10.64050262575693,-15.547383181694435,6.0,6.0,-5.396214861598335
02-08,-64.99999503294647,-3.825132874384094,-5.714288876981205,0.8042887730928727,8.967846813114026,-3.7656866200396903,2.6897188960170673,0.4665588456001707,1.524388803427296,0.0,6.818180026907784,-15.547383181694435,6.0,6.0,-6.048458702323891
02-09,-64.99999503294647,-3.825132874384094,-5.714288876981205,0.8042887730928727,8.967846813114026,-3.7656866200396903,1.7458806774953868,0.4665588456001707,1.524388803427296,0.0,1.8498273164506338,-15.547383181694435,6.0,6.0,-6.541141279738793
02-10,-64.99999503294647,-3.825132874384094,-7.142858967489158,1.3404812884881532,8.967846813114026,-3.7656866200396903,1.7458806774953868,0.4665588456001707,2.210365582184375,0.0,1.8498273164506338,-15.547383181694435,6.0,6.0,-6.558341346101759
02-11,-64.99999503294647,-3.825132874384094,-7.142858967489158,0.0,6.108200758595489,-3.7656866200396903,1.7458806774953868,0.4665588456001707,0.07622125738617394,0.0,1.8498273164506338,-15.547383181694435,5.0,7.0,-7.086197318418833
02-12,-64.99999503294647,-3.825132874384094,-7.142858967489158,0.0,6.108200758595489,-4.07949134445827,0.6789587356887578,0.4665588456001707,0.07622125738617394,0.0,2.1762765875642733,-15.547383181694435,5.0,7.0,-7.174053768011464
02-13,-64.99999503294647,5.464482049003083,-7.142858967489158,0.0,6.920416623664702,-4.07949134445827,0.6789587356887578,0.4665588456001707,0.07622125738617394,0.0,2.1762765875642733,-15.547383181694435,6.0,6.0,-6.332234535640098
02-14,-141.46341906637755,5.464482049003083,-7.142858967489158,0.0,6.920416623664702,-4.07949134445827,0.6789587356887578,2.2900777251825057,0.0,0.0,2.1762765875642733,-15.547383181694435,5.0,7.0,-12.55857840324301
02-15,-141.46341906637755,5.464482049003083,-8.928571580624082,0.0,6.920416623664702,1.5447952414107191,0.6789587356887578,2.2900777251825057,-0.0762212573861604,0.0,2.1762765875642733,-15.547383181694435,6.0,6.0,-12.245049010297349
02-16,-106.25000659686836,5.464482049003083,-8.928571580624082,0.0,6.920416623664702,1.5447952414107191,0.6789587356887578,2.7355597329132006,-0.5335342639847581,0.0,0.4352553175128547,-43.871719108925156,6.0,6.0,-11.817030320850755
02-17,-106.25000659686836,5.464482049003083,-8.928571580624082,0.0,10.48253062309999,1.9487136449569311,0.6789587356887578,2.7355597329132006,-0.8384120246702172,0.0,0.4352553175128547,-47.59107029151055,6.0,6.0,-11.821880032541534
02-18,-120.00000794728618,5.464482049003083,-8.928571580624082,0.0,10.48253062309999,1.9487136449569311,-3.121847496629025,2.7355597329132006,-4.375498839203056,0.0,-1.7797536316534166,-67.69026439825441,4.0,8.0,-15.43872148697308
02-19,-120.00000794728618,5.464482049003083,-10.714284193759035,0.0,10.48253062309999,0.31282307084318334,-3.121847496629025,2.7355597329132006,-4.876096287104295,0.0,-1.3289024264411136,-128.36364399303088,4.0,8.0,-20.784115572365923
02-20,-66.66667108182565,5.464482049003083,-6.8965449202785685,0.0,10.48253062309999,0.31282307084318334,-3.121847496629025,5.185183772334333,-4.876096287104295,0.0,-0.43907753414358314,-128.36364399303088,4.0,8.0,-15.743238483144287
02-21,-57.77777718908991,5.464482049003083,-6.8965449202785685,0.0,10.48253062309999,0.31282307084318334,-3.121847496629025,5.185183772334333,-8.609271261766391,0.0,-0.43907753414358314,-128.36364399303088,4.0,8.0,-15.313595239971482
02-22,-41.999995708465576,5.464482049003083,-6.8965449202785685,0.0,10.48253062309999,0.31282307084318334,0.09756320860327744,5.185183772334333,-8.609271261766391,0.0,-0.43907753414358314,-128.36364399303088,5.0,7.0,-13.730495891150094
02-23,-41.999995708465576,5.464482049003083,-6.8965449202785685,0.0,3.1613985022394533,0.31282307084318334,0.09756320860327744,5.185183772334333,-8.609271261766391,0.0,-1.3289024264411136,-64.61337131365198,5.0,7.0,-9.102219585631692
02-24,-39.99999761581421,5.464482049003083,-6.8965449202785685,0.0,3.1613985022394533,-1.3785801721508693,0.09756320860327744,5.185183772334333,-8.609271261766391,0.0,-1.7797536316534166,-64.61337131365198,4.0,8.0,-9.114074281927941
02-25,-39.99999761581421,5.464482049003083,-6.8965449202785685,6.982548474477937,3.1613985022394533,-1.3785801721508693,0.09756320860327744,5.185183772334333,-8.609271261766391,0.0,-1.7797536316534166,-125.08961633237361,5.0,7.0,-13.57188232728158
02-26,-36.000001430511475,5.464482049003083,-6.8965449202785685,6.982548474477937,3.960392300071251,-2.795701328488805,0.09756320860327744,5.185183772334333,-8.609271261766391,0.0,-1.7797536316534166,-125.08961633237361,5.0,7.0,-13.290059925048531
02-27,-36.000001430511475,5.464482049003083,-6.8965449202785685,6.982548474477937,3.960392300071251,-2.795701328488805,0.09756320860327744,5.185183772334333,-8.609271261766391,-8.258157853286372,-1.7797536316534166,-125.08961633237361,5.0,7.0,-13.97823974615573
02-28,-36.000001430511475,5.464482049003083,-6.8965449202785685,7.213929433556597,3.960392300071251,-2.795701328488805,0.09756320860327744,5.185183772334333,-6.148869336507325,-8.258157853286372,-1.7797536316534166,-94.80286799609095,5.0,7.0,-11.23002881110403
02-29,0.0,0.0,0.0,7.213929433556597,0.0,0.0,0.0,5.185183772334333,0.0,0.0,0.0,-94.80286799609095,2.0,1.0,-6.866979565850002
03-01,-36.000001430511475,5.464482049003083,-2.7586179681114182,7.213929433556597,3.960392300071251,-2.795701328488805,0.09756320860327744,5.185183772334333,-6.148869336507325,-8.258157853286372,-6.00667381091451,-75.32258419290923,5.0,7.0,-9.614087929763384
03-02,-36.000001430511475,5.464482049003083,2.068971697413634,7.213929433556597,3.960392300071251,-2.795701328488805,-0.19568985877503864,4.962963528103299,-6.148869336507325,-8.258157853286372,-7.6752007967158615,-75.88997067142765,5.0,7.0,-9.441071022297054
03-03,-5.999994277954102,0.0,2.068971697413634,7.213929433556597,3.960392300071251,-2.795701328488805,-0.19568985877503864,4.962963528103299,-6.148869336507325,-8.258157853286372,-7.6752007967158615,-61.03703534161603,4.0,8.0,-6.158699319516562
03-04,-20.000004768371582,0.0,0.0,7.213929433556597,3.960392300071251,-2.795701328488805,-0.19568985877503864,4.962963528103299,-6.148869336507325,-8.258157853286372,-7.6752007967158615,-61.03703534161603,3.0,9.0,-7.497781168502489
03-05,-20.000004768371582,0.0,3.4482806814693503,7.213929433556597,2.4752491218445782,-2.795701328488805,-2.6418737478942593,4.7407432838722645,-6.148869336507325,-10.63829758452564,-7.6752007967158615,-61.03703534161603,4.0,8.0,-7.7548983652813925
03-06,-20.000004768371582,4.188477754141906,3.4482806814693503,7.213929433556597,2.4752491218445782,-2.795701328488805,-1.8590956498921882,4.7407432838722645,-7.36497216746054,-10.63829758452564,-7.6752007967158615,-61.03703534161603,5.0,7.0,-7.441968946848829
03-07,-20.000004768371582,6.632652688850644,3.4482806814693503,7.213929433556597,2.4752491218445782,-2.795701328488805,-0.8806276931150957,4.7407432838722645,-7.36497216746054,-10.63829758452564,-2.224692039566771,-61.03703534161603,5.0,7.0,-6.702539642795919
03-08,-20.000004768371582,10.73170314723,3.4482806814693503,7.213929433556597,2.4752491218445782,2.746688770955386,-0.8806276931150957,4.7407432838722645,-7.36497216746054,-10.63829758452564,-2.224692039566771,-61.03703534161603,6.0,6.0,-5.899086262977291
03-09,-20.000004768371582,10.294113865910614,3.4482806814693503,7.213929433556597,5.445543346898013,2.746688770955386,-0.8806276931150957,4.7407432838722645,-7.36497216746054,-10.63829758452564,-2.224692039566771,-61.03703534161603,6.0,6.0,-5.688027517666119
03-10,-20.000004768371582,10.73170314723,3.4482806814693503,7.213929433556597,5.445543346898013,2.647650542642663,-0.8806276931150957,4.7407432838722645,-7.36497216746054,-10.63829758452564,-2.224692039566771,-48.497262713751844,6.0,6.0,-4.614833877593549
03-11,-20.000004768371582,10.73170314723,3.4482806814693503,7.213929433556597,5.445543346898013,2.3493313905263222,0.19360604295321326,2.962960137261285,-7.36497216746054,-10.63829758452564,4.469857695333965,-48.497262713751844,8.0,4.0,-4.140443779906739
03-12,18.000000715255737,10.73170314723,3.4482806814693503,7.213929433556597,5.445543346898013,2.3493313905263222,0.19360604295321326,3.5346063691680323,-7.36497216746054,-10.63829758452564,4.469857695333965,-48.497262713751844,9.0,3.0,-0.9261394702788994
03-13,18.000000715255737,10.73170314723,3.4482806814693503,7.213929433556597,4.620457683416477,0.8171595916013926,0.19360604295321326,3.5346063691680323,-7.36497216746054,-10.63829758452564,4.469857695333965,-19.262286031544303,9.0,3.0,1.3136704647045236
03-14,4.000002145767201,10.73170314723,3.4482806814693503,7.213929433556597,4.620457683416477,0.8171595916013926,0.19360604295321326,2.891025917460865,-7.36497216746054,-10.63829758452564,4.469857695333965,-13.31557882187828,9.0,3.0,0.5889311470770503
03-15,27.272731788230477,10.73170314723,3.4482806814693503,7.213929433556597,0.8250777948814915,0.4085797958006963,0.19360604295321326,2.4462559622319513,-7.36497216746054,-10.63829758452564,4.469857695333965,0.0,9.0,3.0,3.2505627158084636
03-16,27.272731788230477,10.73170314723,3.4482806814693503,7.213929433556597,0.8250777948814915,0.4085797958006963,0.19360604295321326,2.4462559622319513,-2.864152374364172,-10.63829758452564,6.548857816377245,0.0,9.0,3.0,3.7988810419867676
03-17,27.272731788230477,10.73170314723,3.4482806814693503,7.213929433556597,2.117257987469137,0.4085797958006963,0.19360604295321326,-0.07413068236847742,-2.373158392111396,-10.63829758452564,6.548857816377245,11.985903999178786,9.0,3.0,4.736272002771667
03-18,31.818186333685034,10.73170314723,0.0,7.213929433556597,2.117257987469137,0.4085797958006963,3.8722131799084325,-0.07413068236847742,-2.373158392111396,-10.63829758452564,6.548857816377245,35.37015449971771,8.0,4.0,7.0829412945616115
03-19,31.818186333685034,10.73170314723,0.0,7.213929433556597,2.117257987469137,2.0428989790034815,3.8722131799084325,-0.07413068236847742,-2.373158392111396,-10.63829758452564,6.133057792168571,35.37015449971771,8.0,4.0,7.18448455781112
03-20,24.242427252759718,18.303569860528334,0.0,1.8421035295047585,2.117257987469137,2.0428989790034815,0.7744426359816969,-0.07413068236847742,-0.16013177045784158,-10.63829758452564,5.301457743751277,10.340776624826775,8.0,4.0,4.507697881372768
03-21,24.242427252759718,17.93721850838069,0.0,-0.2688169458695616,2.117257987469137,2.0428989790034815,0.7744426359816969,-0.07413068236847742,3.2826249393550166,-10.63829758452564,6.133057792168571,5.91861359502189,8.0,4.0,4.28894137311471
03-22,24.242427252759718,17.93721850838069,0.0,-7.795704248420389,2.117257987469137,3.6772181622062847,0.7744426359816969,-0.07413068236847742,3.2826249393550166,-10.63829758452564,6.548857816377245,4.265993534518733,8.0,4.0,3.6948256934778345
03-23,24.242427252759718,17.93721850838069,0.0,-7.795704248420389,2.117257987469137,3.6772181622062847,0.7744426359816969,-0.07413068236847742,3.2826249393550166,-10.63829758452564,6.548857816377245,4.265993534518733,8.0,4.0,3.6948256934778345
03-24,24.242427252759718,17.93721850838069,0.0,-7.795704248420389,-5.253943760606703,3.6772181622062847,0.7744426359816969,-0.07413068236847742,3.2826249393550166,-10.63829758452564,6.548857816377245,29.987452062757512,7.0,5.0,5.224013758491412
03-25,24.242427252759718,17.93721850838069,0.0,-7.795704248420389,-5.438604034912496,3.6772181622062847,0.7744426359816969,-0.07413068236847742,3.2826249393550166,-10.63829758452564,6.548857816377245,29.987452062757512,7.0,5.0,5.208625402299263
03-26,24.242427252759718,17.93721850838069,0.0,-7.795704248420389,-6.315792027382819,5.005104933886211,0.7744426359816969,-0.07413068236847742,3.2826249393550166,-10.63829758452564,6.74274428480513,29.987452062757512,7.0,5.0,5.262340839602387
03-27,24.242427252759718,17.93721850838069,0.0,-8.064514785188386,-6.315792027382819,5.005104933886211,0.7744426359816969,-0.07413068236847742,3.2826249393550166,-2.198577713159393,6.74274428480513,22.208281399264006,7.0,5.0,5.294985728861115
03-28,24.242427252759718,17.93721850838069,4.290424991743857,-8.064514785188386,-6.315792027382819,5.005104933886211,1.0648563164537321,-0.07413068236847742,1.0408336014667638,-2.198577713159393,6.74274428480513,22.459222195412192,8.0,4.0,5.510818073067434
03-29,24.242427252759718,21.794867092335554,4.290424991743857,-8.064514785188386,-6.315792027382819,2.105261150159334,1.0648563164537321,-0.07413068236847742,1.0408336014667638,-2.198577713159393,6.74274428480513,22.459222195412192,8.0,4.0,5.5906351397531004
03-30,24.242427252759718,21.794867092335554,4.290424991743857,-8.064514785188386,-2.711861776709755,2.105261150159334,1.0648563164537321,-0.07413068236847742,1.0408336014667638,0.0,6.74274428480513,22.459222195412192,8.0,4.0,6.074177470072471
03-31,24.242427252759718,18.37606680855628,4.290424991743857,-8.064514785188386,-2.711861776709755,3.4267904442824944,1.0648563164537321,-0.07413068236847742,1.0408336014667638,0.0,6.74274428480513,15.940221364086856,8.0,4.0,5.3561548183240175
04-01,24.242427252759718,16.23931153677998,4.290424991743857,-8.064514785188386,-2.711861776709755,4.713115034421192,1.0648563164537321,-0.07413068236847742,2.161725452659361,0.0,6.8393769274845795,19.73840520250329,8.0,4.0,5.70326128921159
04-02,24.242427252759718,12.39316121752833,4.290424991743857,-8.064514785188386,-2.711861776709755,4.713115034421192,1.0648563164537321,-0.07413068236847742,2.161725452659361,0.0,6.8393769274845795,19.73840520250329,8.0,4.0,5.382748762607286
04-03,24.242427252759718,12.39316121752833,4.290424991743857,-8.064514785188386,-2.711861776709755,-0.7172099711337826,1.0648563164537321,-0.07413068236847742,2.161725452659361,0.0,6.256521083660408,19.73840520250329,7.0,5.0,4.881650358492358
04-04,24.242427252759718,12.39316121752833,4.290424991743857,-8.064514785188386,-2.711861776709755,-0.7172099711337826,1.0648563164537321,-0.07413068236847742,2.161725452659361,0.1416395485230104,6.256521083660408,19.73840520250329,8.0,4.0,4.893453654202609
04-05,24.242427252759718,12.39316121752833,4.290424991743857,-8.064514785188386,-2.711861776709755,-0.614748612042384,1.0648563164537321,-0.07413068236847742,2.161725452659361,0.1416395485230104,6.256521083660408,19.73840520250329,8.0,4.0,4.901992100793559
04-06,24.242427252759718,12.820511253000719,-4.693144957980678,-8.064514785188386,-2.711861776709755,-0.614748612042384,1.0648563164537321,-0.07413068236847742,2.161725452659361,0.1416395485230104,-0.31282307084318334,19.73840520250329,6.0,6.0,3.641528428397247
04-07,24.242427252759718,3.75587595428992,-4.693144957980678,-8.064514785188386,-2.711861776709755,-0.614748612042384,1.0648563164537321,-0.667162002334346,2.161725452659361,0.1416395485230104,-0.31282307084318334,12.960757378445653,6.0,6.0,2.2719188915027217
04-08,24.242427252759718,3.75587595428992,-4.693144957980678,-8.064514785188386,-1.8487417990016561,-0.3073743060211829,0.0,-0.667162002334346,2.161725452659361,0.1416395485230104,-0.31282307084318334,8.969694195371686,5.0,7.0,1.9481334568528552
04-09,0.0,3.75587595428992,-4.693144957980678,-11.049726740686197,-1.8487417990016561,-0.3073743060211829,0.0,0.0,2.161725452659361,0.1416395485230104,-0.31282307084318334,-3.1515179258404356,3.0,9.0,-1.2753406537417535
04-10,0.0,-5.128200112166756,-4.693144957980678,-11.049726740686197,-1.8487417990016561,-0.3073743060211829,0.0,0.0,3.246237875669729,0.1416395485230104,-0.31282307084318334,-3.1515179258404356,2.0,10.0,-1.9253042906956128
04-11,0.0,-3.015072487035241,-4.693144957980678,-11.049726740686197,-1.8487417990016561,-0.3073743060211829,0.0,0.0,3.246237875669729,0.1416395485230104,-0.31282307084318334,-3.1515179258404356,2.0,10.0,-1.7492103219346529
04-12,0.0,-3.015072487035241,12.650597780739497,-11.049726740686197,-3.1932783749773797,3.5467947803664477,0.0,-5.390621641418001,3.246237875669729,0.1416395485230104,-0.31282307084318334,-3.1515179258404356,4.0,8.0,-0.5439808546251461
04-13,0.0,-3.015072487035241,12.650597780739497,-11.049726740686197,-3.5413160915016264,3.5467947803664477,0.0,-5.390621641418001,3.246237875669729,0.1416395485230104,-5.7142800251770005,-3.1515179258404356,4.0,8.0,-1.0231054105299846
04-14,0.0,-3.015072487035241,12.650597780739497,-11.049726740686197,-1.8242065149238706,3.5467947803664477,0.0,-5.390621641418001,1.108474600587533,-1.9522809779692267,-5.7142800251770005,-3.1515179258404356,3.0,9.0,-1.232653262613041
04-15,0.0,-12.562814010146568,12.650597780739497,-11.049726740686197,-1.8242065149238706,3.5467947803664477,0.0,-5.390621641418001,1.108474600587533,-1.9522809779692267,-2.6680896803990004,-2.7777838566198993,3.0,9.0,-1.7433046883724403
04-16,0.0,-12.060301928974027,9.657318974939741,-11.049726740686197,-1.8242065149238706,3.5467947803664477,0.0,-5.390621641418001,1.108474600587533,-1.9522809779692267,-5.251635932234869,2.0531410842563225,4.0,8.0,-1.7635870246713454
04-17,0.0,-12.060301928974027,9.657318974939741,-4.972377691923657,-1.8242065149238706,3.5467947803664477,0.0,-5.390621641418001,1.108474600587533,-1.9522809779692267,-5.251635932234869,3.743960782330856,4.0,8.0,-1.1162396291015897
04-18,0.0,-12.060301928974027,9.657318974939741,-2.7624349782459507,-1.8242065149238706,3.5467947803664477,0.0,-5.390621641418001,1.108474600587533,-1.9522809779692267,-5.251635932234869,3.743960782330856,4.0,8.0,-0.9320777362951141
04-19,0.0,-12.060301928974027,9.657318974939741,-2.7624349782459507,5.306801998793753,3.5467947803664477,0.0,-5.390621641418001,1.108474600587533,-1.9522809779692267,-5.251635932234869,3.743960782330856,5.0,7.0,-0.33782702681864524
04-20,0.0,-10.39604159058714,9.657318974939741,-2.7624349782459507,5.47264326801243,3.5467947803664477,0.0,-5.390621641418001,1.108474600587533,-1.9522809779692267,-5.251635932234869,3.743960782330856,5.0,7.0,-0.18531855951818169
04-21,0.0,-10.39604159058714,9.657318974939741,-2.7624349782459507,5.47264326801243,3.5467947803664477,14.131337049043038,-5.390621641418001,1.108474600587533,-1.9522809779692267,-5.251635932234869,3.743960782330856,6.0,6.0,0.9922928612354046
04-22,0.0,-10.39604159058714,5.6074786485395265,-2.7624349782459507,5.47264326801243,7.203793508452041,14.131337049043038,-5.390621641418001,1.108474600587533,-1.9522809779692267,-5.251635932234869,3.743960782330856,6.0,6.0,0.959556061375853
04-23,0.0,-10.39604159058714,5.6074786485395265,-2.7624349782459507,5.47264326801243,7.203793508452041,14.131337049043038,-5.390621641418001,1.108474600587533,-1.9522809779692267,-5.470459313114534,3.743960782330856,6.0,6.0,0.941320779635881
04-24,0.0,-15.841581003185132,5.6074786485395265,-2.7624349782459507,12.710572341123584,9.952608263049948,14.131337049043038,-5.390621641418001,1.108474600587533,-1.9522809779692267,-5.470459313114534,3.743960782330856,6.0,6.0,1.319754480895137
04-25,0.0,-15.841581003185132,5.6074786485395265,-2.7624349782459507,9.647780921884642,9.952608263049948,14.131337049043038,-5.390621641418001,1.108474600587533,-1.9522809779692267,-5.470459313114534,3.743960782330856,6.0,6.0,1.0645218626252253
04-26,0.0,-15.841581003185132,5.6074786485395265,-2.7624349782459507,9.647780921884642,8.720379712427876,10.329865336555942,-5.390621641418001,1.108474600587533,-1.9522809779692267,-5.470459313114534,3.743960782330856,6.0,6.0,0.6450468406994606
04-27,0.0,-40.119758940250804,5.6074786485395265,-2.7624349782459507,9.647780921884642,8.720379712427876,10.329865336555942,-5.390621641418001,1.108474600587533,-1.9522809779692267,-5.579860569481275,12.513720191526284,6.0,6.0,-0.656438141320288
04-28,0.0,-33.714280809674946,5.6074786485395265,-2.7624349782459507,7.668228190240269,8.720379712427876,10.329865336555942,-5.390621641418001,1.108474600587533,-1.9522809779692267,-5.695503806915319,22.114457748298257,6.0,6.0,0.5028135018688301
04-29,0.0,-33.714280809674946,5.6074786485395265,8.823527005579482,7.668228190240269,11.754069994690983,10.794473300824938,-5.390621641418001,1.108474600587533,-1.9522809779692267,-5.695503806915319,15.136226267366768,7.0,5.0,1.1783158976543338
04-30,0.0,-33.714280809674946,5.6074786485395265,8.823527005579482,15.834523498888093,13.55181344677412,10.794473300824938,-5.390621641418001,1.108474600587533,-1.9522809779692267,-7.341489034654552,15.136226267366768,7.0,5.0,1.8714870254036444
05-01,0.0,-33.714280809674946,5.6074786485395265,8.823527005579482,15.834523498888093,13.55181344677412,10.794473300824938,-5.390621641418001,1.108474600587533,0.5641743440361738,-9.22551758828575,15.136226267366768,8.0,4.0,1.9241892561014946
05-02,0.0,-33.714280809674946,5.6074786485395265,8.823527005579482,15.834523498888093,13.55181344677412,10.794473300824938,-5.390621641418001,11.918198150113971,0.42313412077147106,-9.22551758828575,17.87109340439199,8.0,4.0,3.0411517947087408
05-03,0.0,-23.809520205312456,5.6074786485395265,8.823527005579482,15.834523498888093,13.55181344677412,10.794473300824938,-5.390621641418001,11.918198150113971,0.42313412077147106,-9.22551758828575,17.87109340439199,8.0,4.0,3.8665485117389484
05-04,0.0,-23.809520205312456,13.707166728709963,8.823527005579482,15.121260841752909,13.55181344677412,10.794473300824938,-5.390621641418001,11.918198150113971,0.42313412077147106,-9.22551758828575,17.87109340439199,8.0,4.0,4.482083963658552
05-05,0.0,-19.66292970094142,13.707166728709963,11.274510949724084,15.121260841752909,13.55181344677412,10.794473300824938,-5.390621641418001,11.918198150113971,0.42313412077147106,-9.22551758828575,17.87109340439199,8.0,4.0,5.031881834368189
05-06,0.0,-9.550566237437328,13.707166728709963,11.274510949724084,15.121260841752909,13.55181344677412,10.794473300824938,-5.390621641418001,10.930889685306303,0.42313412077147106,-9.22551758828575,19.433591949200448,8.0,4.0,5.92251129632693
05-07,0.0,-11.797755141704352,13.707166728709963,11.274510949724084,15.121260841752909,5.7004843559639475,10.794473300824938,-5.390621641418001,10.993654066762447,0.42313412077147106,-9.22551758828575,19.433591949200448,8.0,4.0,5.086198495191842
05-08,0.0,-11.797755141704352,10.645159156711921,11.274510949724084,15.121260841752909,1.9323744499326532,10.794473300824938,-5.390621641418001,10.993654066762447,0.42313412077147106,-3.2292808607829517,19.433591949200448,8.0,4.0,5.016708432647964
05-09,0.0,-11.797755141704352,10.645159156711921,11.274510949724084,15.406567265055346,1.9323744499326532,10.794473300824938,-5.390621641418001,10.993654066762447,0.42313412077147106,2.045205394655379,19.433591949200448,9.0,3.0,5.480024489209694
05-10,0.0,-11.797755141704352,-7.09677533478201,11.274510949724084,13.980028346301582,1.8375293158004833,17.293834163287052,0.0,9.136687330525552,2.4682677992748188,2.045205394655379,28.879312683654234,8.0,4.0,5.6684037922280694
05-11,0.0,-11.797755141704352,-14.482752553915068,11.274510949724084,13.980028346301582,1.8375293158004833,18.01587610348061,0.0,9.136687330525552,2.4682677992748188,-0.8611401941286716,27.120139377988668,7.0,5.0,4.724282611112309
05-12,0.0,-11.797755141704352,-10.689652847761833,11.274510949724084,13.980028346301582,1.8375293158004833,18.01587610348061,0.0,9.136687330525552,2.4682677992748188,-0.8611401941286716,27.120139377988668,7.0,5.0,5.040374253291745
05-13,0.0,-11.797755141704352,-10.689652847761833,11.274510949724084,13.980028346301582,1.8375293158004833,18.01587610348061,0.0,9.136687330525552,2.4682677992748188,0.10661224690648086,26.855124061911333,8.0,4.0,5.0989356803715635
05-14,0.0,-11.797755141704352,-10.689652847761833,11.274510949724084,17.959179754441177,1.8375293158004833,18.01587610348061,0.0,9.136687330525552,0.07225598823397435,3.6880867885855735,26.855124061911333,8.0,4.0,5.529320191936383
05-15,0.0,-11.797755141704352,-10.689652847761833,11.274510949724084,17.959179754441177,1.8375293158004833,18.01587610348061,0.0,9.136687330525552,0.0,3.6880867885855735,26.855124061911333,7.0,5.0,5.523298859583552
05-16,43.103444377817425,-11.797755141704352,-10.689652847761833,11.274510949724084,17.959179754441177,1.8375293158004833,18.01587610348061,0.0,9.136687330525552,1.1436729809132886,3.6880867885855735,18.423644885120293,9.0,3.0,8.507935374745193
05-17,43.103444377817425,-11.797755141704352,-10.689652847761833,11.274510949724084,17.959179754441177,1.8375293158004833,18.01587610348061,-4.149717090844826,9.136687330525552,1.1436729809132886,3.6880867885855735,18.423644885120293,9.0,3.0,8.162125617174791
05-18,43.103444377817425,-13.48314681990463,-10.689652847761833,11.274510949724084,17.959179754441177,1.8375293158004833,20.53846212533803,-4.149717090844826,9.136687330525552,1.1436729809132886,1.9313235772038455,21.14285968598865,9.0,3.0,8.312096111603436
05-19,43.103444377817425,-13.48314681990463,-10.689652847761833,11.274510949724084,17.959179754441177,1.8375293158004833,8.58662710898989,-4.149717090844826,9.136687330525552,0.4319684530860691,1.9313235772038455,21.14285968598865,9.0,3.0,7.256801149588824
05-20,43.103444377817425,-13.48314681990463,-10.689652847761833,11.274510949724084,17.959179754441177,-2.0309481145840595,8.58662710898989,-4.149717090844826,9.136687330525552,0.4319684530860691,1.9313235772038455,21.14285968598865,8.0,4.0,6.934428030390112
05-21,43.103444377817425,-13.48314681990463,-10.689652847761833,11.274510949724084,17.959179754441177,-2.0309481145840595,12.46200158559227,-4.149717090844826,9.136687330525552,0.4319684530860691,1.9313235772038455,21.14285968598865,8.0,4.0,7.25737590344031
05-22,43.103444377817425,-13.48314681990463,-10.689652847761833,11.274510949724084,11.1564585777394,-2.0309481145840595,12.46200158559227,-4.149717090844826,9.136687330525552,0.4319684530860691,1.9313235772038455,13.238098507835753,8.0,4.0,6.031752373869089
05-23,43.103444377817425,-13.48314681990463,-10.689652847761833,11.274510949724084,13.061225178273823,-2.0309481145840595,12.46200158559227,-4.149717090844826,9.136687330525552,0.4319684530860691,2.0386221738699963,11.349954272013989,8.0,4.0,6.042079120650655
05-24,43.103444377817425,-13.48314681990463,-10.689652847761833,0.0,13.061225178273823,-6.963251996167593,12.46200158559227,-4.149717090844826,9.136687330525552,0.4319684530860691,2.0386221738699963,11.197237515100857,7.0,5.0,4.67878482163226
05-25,43.103444377817425,6.179776183885556,-10.689652847761833,0.0,4.625845988602477,-6.963251996167593,11.656437948895197,-4.149717090844826,9.136687330525552,0.4319684530860691,3.540771829523975,11.197237515100857,8.0,4.0,5.672462307721905
05-26,43.103444377817425,1.6853916782002771,-10.689652847761833,0.0,4.625845988602477,-6.963251996167593,11.656437948895197,-4.149717090844826,9.136687330525552,-2.0878326471203685,3.540771829523975,11.197237515100857,7.0,5.0,5.087946840564262
05-27,43.103444377817425,1.6853916782002771,-10.689652847761833,0.0,4.625845988602477,-6.963251996167593,11.196319343696546,-4.149717090844826,-2.0143934843871034,-2.0878326471203685,5.4679331782183604,14.64254831641977,6.0,6.0,4.568052901389427
05-28,43.103444377817425,-6.179776183885556,-10.689652847761833,0.0,4.625845988602477,-9.18761890953523,11.196319343696546,-4.149717090844826,-2.0143934843871034,-2.0878326471203685,5.4679331782183604,11.80017162852502,5.0,7.0,3.490393612777076
05-29,43.103444377817425,-6.179776183885556,-10.689652847761833,0.0,2.2315180712635456,-9.18761890953523,11.196319343696546,-4.149717090844826,-2.0143934843871034,-2.0878326471203685,7.676135418941797,11.80017162852502,5.0,7.0,3.4748831397257844
05-30,43.103444377817425,-6.179776183885556,-10.689652847761833,0.0,2.2315180712635456,-9.18761890953523,11.196319343696546,-4.149717090844826,-2.0143934843871034,-2.0878326471203685,7.676135418941797,11.80017162852502,5.0,7.0,3.4748831397257844
05-31,43.103444377817425,-6.179776183885556,-14.642860457605304,0.0,2.2315180712635456,-9.18761890953523,11.196319343696546,-4.149717090844826,-2.0143934843871034,-2.0878326471203685,7.676135418941797,11.80017162852502,5.0,7.0,3.1454491722388287
06-01,43.103444377817425,-6.179776183885556,-14.642860457605304,0.0,2.2315180712635456,-9.18761890953523,14.852944125766076,-4.149717090844826,-2.0143934843871034,-2.0878326471203685,7.676135418941797,12.478633008103204,5.0,7.0,3.5067063523761384
06-02,43.103444377817425,0.0,-14.642860457605304,0.0,2.2315180712635456,-7.523809160505023,14.852944125766076,-4.149717090844826,-2.0863307180701254,-2.0878326471203685,7.676135418941797,12.478633008103204,5.0,7.0,4.154343743978867
06-03,43.103444377817425,0.0,-10.714284193759035,0.0,2.2315180712635456,-7.523809160505023,14.852944125766076,-4.149717090844826,-2.0863307180701254,-2.0878326471203685,7.676135418941797,12.478633008103204,5.0,7.0,4.481725099299389
06-04,43.103444377817425,0.0,-10.714284193759035,0.0,2.2315180712635456,1.4285677955264138,14.852944125766076,-4.149717090844826,-2.0863307180701254,-2.0878326471203685,7.676135418941797,12.478633008103204,6.0,6.0,5.227756512302009
06-05,43.103444377817425,0.0,-10.714284193759035,0.0,2.2315180712635456,1.5238080705915178,8.161768964830035,-7.023412624654457,-2.0863307180701254,-2.0878326471203685,3.229170909358227,0.8546959779966803,6.0,6.0,3.0993788490211203
06-06,43.103444377817425,0.0,-10.714284193759035,0.0,2.2315180712635456,1.5238080705915178,7.352940970226149,-7.023412624654457,-2.0863307180701254,-2.0878326471203685,3.229170909358227,3.2478642789378114,6.0,6.0,3.2314072078825578
06-07,43.103444377817425,0.0,-7.266428792581536,0.0,2.2315180712635456,1.5238080705915178,7.352940970226149,-7.023412624654457,0.0,-2.0878326471203685,3.229170909358227,3.2478642789378114,6.0,6.0,3.692589384486526
06-08,43.103444377817425,0.0,-0.3460204186943742,0.0,2.2315180712635456,1.5238080705915178,7.352940970226149,-7.023412624654457,0.0,-2.0878326471203685,2.2916693571539977,3.2478642789378114,6.0,6.0,4.191164952960103
06-09,43.103444377817425,0.0,-0.3460204186943742,0.0,2.2315180712635456,1.5238080705915178,5.61797736755893,-7.023412624654457,0.0,0.3599725665874537,2.2916693571539977,6.754535628572301,7.0,5.0,4.5427910330163614
06-10,43.103444377817425,0.0,-0.3460204186943742,0.0,2.2315180712635456,1.5238080705915178,5.61797736755893,-7.023412624654457,0.0,0.3599725665874537,2.0876806978905265,6.754535628572301,7.0,5.0,4.525791978077739
06-11,0.0,0.0,-0.3460204186943742,0.0,-2.510457830171476,1.5238080705915178,5.61797736755893,-4.234531507093574,0.0,0.3599725665874537,0.9394588027624485,16.39209776371236,5.0,7.0,1.478525401271107
06-12,0.0,0.0,-0.3460204186943742,0.0,-2.510457830171476,1.5238080705915178,5.61797736755893,-4.234531507093574,0.0,0.4319684530860691,0.9394588027624485,16.39209776371236,5.0,7.0,1.484525058479325
06-13,0.0,0.0,-0.3460204186943742,0.0,-2.510457830171476,1.5238080705915178,2.621725628978554,-4.234531507093574,0.0,-0.7199382672692332,2.7139898846810633,13.509063401507964,4.0,8.0,1.0464699135442035
06-14,0.0,0.0,4.290424991743857,0.0,-2.510457830171476,1.5238080705915178,2.621725628978554,-0.08143509038509211,3.606105790654865,0.0,2.7139898846810633,13.509063401507964,6.0,6.0,2.1394354039667713
06-15,0.0,0.0,4.290424991743857,0.0,-2.510457830171476,1.5238080705915178,2.621725628978554,4.876161847683449,3.606105790654865,0.0,2.7139898846810633,20.87415495259513,7.0,5.0,3.166326111396413
06-16,0.0,0.0,4.290424991743857,0.0,-2.510457830171476,1.5238080705915178,1.5706809270342132,4.876161847683449,3.606105790654865,0.0,2.7139898846810633,20.87415495259513,7.0,5.0,3.0787390529010517
06-17,0.0,0.0,4.290424991743857,0.0,-2.510457830171476,1.5238080705915178,1.5706809270342132,4.876161847683449,3.606105790654865,0.0,2.7139898846810633,20.87415495259513,7.0,5.0,3.0787390529010517
06-18,0.0,0.0,4.290424991743857,0.0,-2.510457830171476,1.5238080705915178,1.5706809270342132,4.876161847683449,3.606105790654865,0.0,2.7139898846810633,12.358706004137812,7.0,5.0,2.3691183071962754
06-19,0.0,0.0,4.290424991743857,0.0,-2.510457830171476,1.5238080705915178,1.5706809270342132,4.876161847683449,3.606105790654865,0.0,2.7139898846810633,12.509425349079297,7.0,5.0,2.3816782526080655
06-20,-9.433965022643061,0.0,4.290424991743857,14.822547887292798,-2.510457830171476,1.5238080705915178,2.468211866347786,4.876161847683449,3.606105790654865,0.0,2.7139898846810633,12.509425349079297,8.0,4.0,2.905521069605008
06-21,-9.433965022643061,0.0,4.290424991743857,14.822547887292798,-2.510457830171476,1.5238080705915178,2.468211866347786,4.876161847683449,3.606105790654865,0.0,2.7139898846810633,12.377361081681174,8.0,4.0,2.8945157139884974
06-22,-9.433965022643061,0.0,4.290424991743857,14.822547887292798,-2.510457830171476,1.5238080705915178,2.468211866347786,4.876161847683449,3.606105790654865,0.0,0.7306857555499948,12.377361081681174,8.0,4.0,2.7292403698942422
06-23,-11.53846242018713,0.0,4.290424991743857,8.10811101069606,-2.510457830171476,1.5238080705915178,2.468211866347786,4.876161847683449,3.606105790654865,-6.928410993552471,0.7306857555499948,10.139322073382447,8.0,4.0,1.2304583468949082
06-24,-10.476192314338356,0.0,4.290424991743857,8.928573519295547,-2.510457830171476,1.5238080705915178,2.468211866347786,4.876161847683449,3.606105790654865,-6.928410993552471,4.995004880792619,11.102608854142835,8.0,4.0,1.8229865569325145
06-25,-10.476192314338356,0.0,4.290424991743857,8.928573519295547,4.545453419510837,1.5238080705915178,2.468211866347786,4.876161847683449,3.606105790654865,-8.009336812934583,4.995004880792619,11.102608854142835,9.0,3.0,2.3209020094575314
06-26,-10.476192314338356,0.0,4.290424991743857,12.068964631322137,6.883113585710253,1.5238080705915178,2.468211866347786,4.876161847683449,3.606105790654865,-8.515626065200179,4.995004880792619,11.102608854142835,9.0,3.0,2.7352155116208987
06-27,-10.476192314338356,0.0,4.290424991743857,13.1914874621244,6.883113585710253,1.5238080705915178,-1.7202729833907309,4.876161847683449,3.606105790654865,-8.515626065200179,4.995004880792619,10.413480602257739,8.0,4.0,2.422291322385786
06-28,-10.476192314338356,-18.66666475931803,7.59075977706997,13.1914874621244,6.883113585710253,0.0,-1.7202729833907309,9.698748920809912,3.606105790654865,-8.515626065200179,4.995004880792619,10.413480602257739,7.0,5.0,1.416662074764372
06-29,-9.433965022643061,-18.66666475931803,3.4482806814693503,13.1914874621244,6.883113585710253,0.0,-1.7202729833907309,9.698748920809912,3.606105790654865,-8.515626065200179,4.995004880792619,10.138253472268016,7.0,5.0,1.1353721636064509
06-30,-3.571425150243638,-18.66666475931803,3.4482806814693503,17.408909383662866,6.883113585710253,0.0,-1.7202729833907309,12.123436151012394,3.606105790654865,-10.063395160699805,4.995004880792619,10.138253472268016,7.0,5.0,2.0484454909931795
07-01,-3.571425150243638,-18.66666475931803,3.4482806814693503,17.408909383662866,6.883113585710253,-6.815870615402238,-1.7202729833907309,12.123436151012394,3.606105790654865,-10.063395160699805,4.995004880792619,12.686566101944386,7.0,5.0,1.6928156588493575
07-02,-3.571425150243638,-18.66666475931803,0.3448272460139445,17.408909383662866,7.6030945255900555,-6.815870615402238,-1.7202729833907309,16.070175170898438,3.606105790654865,-10.063395160699805,4.0959024778954305,12.686566101944386,7.0,5.0,1.7481626689671288
07-03,-3.571425150243638,-18.66666475931803,-1.4035158459685424,17.408909383662866,7.6030945255900555,-6.815870615402238,-1.7202729833907309,16.070175170898438,3.606105790654865,-10.063395160699805,1.4373654305780892,12.686566101944386,6.0,6.0,1.3809226573588098
07-05,-3.571425150243638,-18.66666475931803,-1.4035158459685424,17.408909383662866,7.6030945255900555,-6.815870615402238,-6.1670564869245,16.070175170898438,3.606105790654865,-10.063395160699805,1.4373654305780892,8.235295613606784,6.0,6.0,0.6394181580361952
07-06,-3.571425150243638,-18.66666475931803,-1.4035158459685424,17.408909383662866,11.590624169871159,-10.294112343630477,-6.1670564869245,16.070175170898438,3.606105790654865,-10.063395160699805,1.642708944270739,8.235295613606784,6.0,6.0,0.6989707771816547
07-07,-3.571425150243638,-18.66666475931803,-1.4035158459685424,17.408909383662866,11.590624169871159,-10.294112343630477,-4.215456238596948,13.824563277395136,3.606105790654865,-10.063395160699805,1.642708944270739,4.7843110327627,6.0,6.0,0.3868877583466686
07-08,-3.571425150243638,-18.66666475931803,-1.4035158459685424,17.408909383662866,11.590624169871159,-10.294112343630477,-1.9083968909926992,13.824563277395136,3.606105790654865,-10.063395160699805,1.642708944270739,7.469508771223329,6.0,6.0,0.8029091821854083
07-09,-3.571425150243638,-18.66666475931803,-1.4035158459685424,17.408909383662866,11.590624169871159,-10.294112343630477,-1.9083968909926992,13.824563277395136,3.606105790654865,-10.063395160699805,1.642708944270739,7.469508771223329,6.0,6.0,0.8029091821854083
07-10,-3.571425150243638,-18.66666475931803,-1.4035158459685424,25.137613458812364,11.590624169871159,-10.294112343630477,-1.9083968909926992,13.824563277395136,3.606105790654865,-10.063395160699805,1.642708944270739,7.469508771223329,6.0,6.0,1.446967855114533
07-11,-3.571425150243638,-18.66666475931803,-1.4035158459685424,25.137613458812364,11.590624169871159,-10.294112343630477,-1.9083968909926992,13.824563277395136,4.137933665308459,-10.063395160699805,1.642708944270739,-0.07541650610272439,5.0,7.0,0.8625430715584951
07-12,-3.571425150243638,-18.66666475931803,-6.315792027382836,25.137613458812364,11.590624169871159,-10.294112343630477,-1.9083968909926992,13.824563277395136,0.5517236117658945,-10.063395160699805,1.642708944270739,-0.07541650610272439,5.0,7.0,0.1543358853120899
07-13,-3.571425150243638,-18.66666475931803,-6.315792027382836,25.137613458812364,18.057141985212052,-10.294112343630477,-1.9083968909926992,9.333332797937226,0.5517236117658945,-10.063395160699805,1.642708944270739,-0.07541650610272439,5.0,7.0,0.31894316330233846
07-14,-3.571425150243638,-18.66666475931803,-6.315792027382836,26.486490387564622,18.057141985212052,-10.294112343630477,-0.22488555193435747,9.333332797937226,0.5517236117658945,-10.063395160699805,1.642708944270739,-0.07541650610272439,5.0,7.0,0.5716421856198887
07-15,-3.571425150243638,-18.66666475931803,-6.315792027382836,26.486490387564622,18.057141985212052,-10.294112343630477,-0.22488555193435747,9.333332797937226,0.5517236117658945,-10.063395160699805,-2.4598880518994832,-0.07541650610272439,4.0,8.0,0.22975910260570356
07-16,5.357148369051969,-18.66666475931803,-6.315792027382836,26.486490387564622,18.057141985212052,-10.294112343630477,-0.22488555193435747,9.333332797937226,0.5517236117658945,-10.063395160699805,-0.7360640708675454,-0.07541650610272439,5.0,7.0,1.1174588942996657
07-17,5.357148369051969,-18.66666475931803,-6.315792027382836,26.486490387564622,18.057141985212052,-10.294112343630477,-0.22488555193435747,9.333332797937226,0.5517236117658945,-10.063395160699805,-0.7360640708675454,0.07541650610272439,6.0,6.0,1.130028311983453
07-18,5.357148369051969,-18.66666475931803,-6.315792027382836,13.693697347084344,18.057141985212052,-10.294112343630477,-4.371580387185804,9.333332797937226,0.5517236117658945,-10.063395160699805,-0.7360640708675454,0.07541650610272439,6.0,6.0,-0.2815956776608573
07-19,5.357148369051969,-18.66666475931803,-6.315792027382836,20.00000171833204,18.057141985212052,-10.294112343630477,-4.371580387185804,9.333332797937226,0.5517236117658945,-2.9318533194478755,-0.7360640708675454,0.07541650610272439,6.0,6.0,0.8382248400474448
07-20,5.357148369051969,-18.66666475931803,-6.315792027382836,19.27928170971289,18.057141985212052,-10.294112343630477,-4.371580387185804,9.333332797937226,0.5517236117658945,-2.9318533194478755,-5.25762342761572,18.910649472047304,6.0,6.0,1.9709709734288827
07-21,7.142860944173777,-18.66666475931803,-6.315792027382836,19.27928170971289,18.057141985212052,-10.294112343630477,2.8343047735141362,9.333332797937226,0.5517236117658945,-1.9017414682609561,-5.25762342761572,20.930232829601863,7.0,5.0,2.9744120521424846
07-22,6.2500046566128535,-18.66666475931803,-6.315792027382836,19.27928170971289,18.057141985212052,-10.294112343630477,2.8343047735141362,9.333332797937226,0.5517236117658945,-1.9017414682609561,-5.25762342761572,20.0734375908296,7.0,5.0,2.828607758281386
07-23,6.2500046566128535,-18.66666475931803,-6.315792027382836,19.27928170971289,12.000002179827,-10.294112343630477,2.8343047735141362,9.333332797937226,0.5517236117658945,-1.9017414682609561,-5.25762342761572,20.0734375908296,7.0,5.0,2.3238461078326313
07-24,6.2500046566128535,0.0,-6.315792027382836,16.39640167523626,12.000002179827,-10.294112343630477,2.8343047735141362,9.333332797937226,0.5517236117658945,-1.4263098796201676,-5.25762342761572,20.0734375908296,7.0,5.0,3.678780800622814
07-25,5.357148369051969,0.0,-6.315792027382836,15.315321662307543,12.000002179827,-10.294112343630477,2.8343047735141362,9.333332797937226,0.5517236117658945,-1.4263098796201676,-5.25762342761572,20.318235396701663,7.0,5.0,3.5346859260713526
07-26,5.357148369051969,0.0,-6.315792027382836,10.99099301893241,12.000002179827,-5.8467733794891386,-2.8461529658390923,4.4912304794579345,0.5517236117658945,0.0,-5.25762342761572,18.267418654515822,6.0,6.0,2.616014542768687
07-27,5.357148369051969,0.0,-1.7543927160695791,10.99099301893241,12.000002179827,-4.063427564041734,-2.8461529658390923,4.4912304794579345,0.5517236117658945,0.0,-5.25762342761572,18.267418654515822,6.0,6.0,3.1447433033320755
07-28,0.0,0.0,-1.7543927160695791,10.99099301893241,12.000002179827,-4.063427564041734,-3.8850039195496047,0.0,0.5517236117658945,0.0,-5.25762342761572,21.376806294342853,4.0,8.0,2.4965897897992932
07-29,0.0,0.0,0.0,10.99099301893241,12.000002179827,-0.924026228981731,-3.8850039195496047,0.0,0.5517236117658945,0.0,-5.25762342761572,19.082125297836086,4.0,8.0,2.713182544351195
07-30,0.0,0.0,0.0,10.99099301893241,11.314283098493304,-4.574471517297947,0.4661963207140805,0.0,0.5517236117658945,0.0,-5.25762342761572,19.082125297836086,5.0,7.0,2.7144355335690094
07-31,0.0,0.0,0.0,10.99099301893241,11.314283098493304,-4.574471517297947,0.4661963207140805,0.0,0.5517236117658945,0.0,-2.41850196320522,23.007243893806304,5.0,7.0,3.2781222052674024
08-01,0.0,0.0,0.0,10.99099301893241,7.314289637974331,-1.2766047245027552,0.4661963207140805,0.0,0.5517236117658945,0.0,-2.41850196320522,25.0,5.0,7.0,3.3856746584732282
08-02,0.0,0.0,0.0,10.99099301893241,7.314289637974331,-1.2766047245027552,0.4661963207140805,0.0,0.5517236117658945,0.0,-2.41850196320522,26.25795647847643,5.0,7.0,3.490504365012931
08-03,0.0,0.0,0.0,10.99099301893241,7.314289637974331,-1.2766047245027552,0.4661963207140805,0.0,0.5517236117658945,0.0,-2.41850196320522,26.25795647847643,5.0,7.0,3.490504365012931
08-04,0.0,0.0,0.0,10.99099301893241,7.314289637974331,-1.2766047245027552,0.4661963207140805,0.0,0.5517236117658945,0.0,-2.41850196320522,26.25795647847643,5.0,7.0,3.490504365012931
08-05,0.0,0.0,0.0,10.99099301893241,7.314289637974331,-1.2766047245027552,-1.787105656222414,0.0,0.5517236117658945,0.0,-2.41850196320522,24.117991955821015,4.0,8.0,3.1243988233802718
08-06,0.0,0.0,0.0,10.99099301893241,7.314289637974331,-1.2766047245027552,-1.787105656222414,0.0,0.5517236117658945,0.0,-2.41850196320522,23.308273413833973,4.0,8.0,3.056922278214685
08-07,0.0,0.0,0.0,-13.541658181283548,7.314289637974331,-1.2766047245027552,-1.787105656222414,0.0,0.5517236117658945,2.018635299469652,-2.41850196320522,23.308273413833973,4.0,8.0,1.180754286485826
08-08,0.0,0.0,0.0,-13.541658181283548,0.0,-1.2766047245027552,-1.787105656222414,0.0,0.0,2.018635299469652,-2.41850196320522,23.308273413833973,2.0,10.0,0.5252531823408072
08-09,0.0,0.0,0.0,-15.624999379118309,0.0,-1.2766047245027552,-1.787105656222414,0.0,0.0,2.018635299469652,-2.41850196320522,20.21660914974145,2.0,10.0,0.09400272718020049
08-10,0.0,0.0,-9.615384968074835,-15.624999379118309,0.0,-1.2766047245027552,0.22848235117832524,0.0,0.0,2.018635299469652,1.6824378923376935,20.21660914974145,4.0,8.0,-0.1975686982473981
08-11,0.0,0.0,-9.615384968074835,-15.624999379118309,0.0,-1.2766047245027552,-1.5993909848942494,0.0,0.0,2.018635299469652,1.6824378923376935,20.21660914974145,3.0,9.0,-0.34989147625344597
08-12,0.0,0.0,-9.615384968074835,-15.624999379118309,0.0,-1.2766047245027552,-1.5993909848942494,0.0,0.0,2.018635299469652,1.6824378923376935,20.21660914974145,3.0,9.0,-0.34989147625344597
08-13,0.0,0.0,-9.615384968074835,-7.5581464119296715,0.0,-1.0615751662400297,2.437164448096766,0.0,0.0,2.018635299469652,0.0,20.21660914974145,3.0,9.0,0.5364418625886113
08-14,0.0,0.0,-9.615384968074835,-7.5581464119296715,0.0,-1.0615751662400297,2.437164448096766,0.0,0.0,2.018635299469652,-6.256988062021865,20.21660914974145,3.0,9.0,0.015026190753455756
08-15,0.0,0.0,-3.6363601684570312,-5.714289347330729,0.0,-1.0615751662400297,2.437164448096766,0.0,0.0,3.5168198840221203,-6.256988062021865,1.6847212545533568,3.0,9.0,-0.7525422631147842
08-16,0.0,0.0,-3.6363601684570312,-5.714289347330729,0.0,-1.0615751662400297,2.437164448096766,0.0,0.0,3.5168198840221203,-6.256988062021865,1.6847212545533568,3.0,9.0,-0.7525422631147842
08-17,0.0,0.0,-3.6363601684570312,-5.714289347330729,0.0,-1.0615751662400297,2.437164448096766,0.0,0.0,3.5168198840221203,-6.256988062021865,1.6847212545533568,3.0,9.0,-0.7525422631147842
08-18,0.0,0.0,-3.6363601684570312,-5.714289347330729,0.0,-1.0615751662400297,-4.798172954682748,0.0,0.0,3.5168198840221203,-6.256988062021865,1.6847212545533568,2.0,10.0,-1.3554870466797437
08-19,0.0,0.0,-3.6363601684570312,-5.714289347330729,0.0,-1.0615751662400297,-4.798172954682748,0.0,0.0,5.326331899554699,-6.256988062021865,1.6847212545533568,2.0,10.0,-1.2046943787186957
08-20,0.0,0.0,-3.6363601684570312,-5.714289347330729,0.0,-1.0615751662400297,-4.798172954682748,0.0,0.0,5.326331899554699,-6.256988062021865,1.6847212545533568,2.0,10.0,-1.2046943787186957
08-21,0.0,0.0,-3.6363601684570312,-5.714289347330729,0.0,-5.307855583337873,0.9900998728700579,0.0,0.0,5.326331899554699,-6.256988062021865,4.1516275524415,3.0,9.0,-0.8706194863567701
08-22,0.0,0.0,-3.6363601684570312,-5.714289347330729,0.0,-7.112527291587256,0.9900998728700579,0.3496516787969049,0.0,5.326331899554699,-6.256988062021865,4.1516275524415,4.0,8.0,-0.9918711554778099
08-23,0.0,0.0,-3.6363601684570312,-5.714289347330729,0.0,-7.112527291587256,0.9900998728700579,0.3496516787969049,8.517352359486472,5.326331899554699,-6.256988062021865,4.1516275524415,5.0,7.0,-0.2820917921872706
08-24,0.0,0.0,-3.6363601684570312,-5.714289347330729,0.0,-7.112527291587256,0.9900998728700579,0.3496516787969049,8.517352359486472,5.326331899554699,-6.256988062021865,4.1516275524415,5.0,7.0,-0.2820917921872706
08-25,0.0,0.0,-3.6363601684570312,-5.714289347330729,0.0,-7.112527291587256,1.9801997457401157,0.3496516787969049,8.517352359486472,4.538580706130158,-6.256988062021865,0.36101907497727415,5.0,7.0,-0.581113442022163
08-26,0.0,0.0,-3.6363601684570312,-5.714289347330729,0.0,-3.397024333678309,1.9801997457401157,0.3496516787969049,8.517352359486472,4.538580706130158,-6.256988062021865,0.36101907497727415,5.0,7.0,-0.27148819552975073
08-27,0.0,0.0,-3.6363601684570312,-5.714289347330729,0.0,0.21231908282041928,1.9801997457401157,0.3496516787969049,8.517352359486472,4.538580706130158,-6.256988062021865,-2.2863967603994744,5.0,7.0,-0.19132756376958573
08-28,0.0,0.0,-3.6363601684570312,-3.7383231713539757,0.0,0.21231908282041928,1.9801997457401157,0.3496516787969049,10.659270431488576,2.8483440498723955,-6.256988062021865,-4.031287860782377,5.0,7.0,-0.13443118949140312
08-29,0.0,23.076924957937468,-3.6363601684570312,-3.7383231713539757,0.0,0.21231908282041928,1.9801997457401157,0.3496516787969049,10.659270431488576,2.8483440498723955,-6.256988062021865,-4.031287860782377,6.0,6.0,1.788645890336719
08-30,21.67831847204696,23.076924957937468,-3.6363601684570312,-3.7383231713539757,0.0,0.21231908282041928,-4.1262155586413805,0.3496516787969049,10.659270431488576,2.8483440498723955,-6.256988062021865,-4.031287860782377,6.0,6.0,3.0863044876421757
08-31,21.67831847204696,23.076924957937468,-3.6363601684570312,-3.7383231713539757,0.0,0.21231908282041928,-4.1262155586413805,0.3496516787969049,10.659270431488576,2.8483440498723955,-6.256988062021865,-0.9340441482753052,6.0,6.0,3.3444081303510984
09-01,21.67831847204696,23.076924957937468,-3.6363601684570312,9.090909090909092,-21.191139255805112,1.3641145654092193,-12.598421189291098,0.3496516787969049,10.659270431488576,0.8468026067392106,-6.256988062021865,-0.9340441482753052,7.0,5.0,1.870753248289752
09-02,21.67831847204696,23.076924957937468,-3.6363601684570312,9.090909090909092,-21.191139255805112,1.3641145654092193,-12.598421189291098,0.3496516787969049,10.659270431488576,0.8468026067392106,-6.256988062021865,-0.9340441482753052,7.0,5.0,1.870753248289752
09-03,21.67831847204696,23.076924957937468,-12.648218848279932,9.090909090909092,-21.191139255805112,1.3641145654092193,-12.598421189291098,0.3496516787969049,10.659270431488576,0.8468026067392106,-6.256988062021865,2.9772232721485588,8.0,4.0,1.4457039766731656
09-04,21.67831847204696,23.076924957937468,-12.648218848279932,2.040814340536656,-21.191139255805112,1.3641145654092193,-14.873138791565365,0.3496516787969049,10.659270431488576,0.8468026067392106,-11.228070371124327,2.9772232721485588,8.0,4.0,0.2543794215274019
09-05,21.67831847204696,23.076924957937468,-12.648218848279932,2.040814340536656,-21.191139255805112,1.3641145654092193,-14.873138791565365,0.3496516787969049,10.659270431488576,0.8468026067392106,-11.228070371124327,10.210693496909856,8.0,4.0,0.8571686069241767
09-06,21.67831847204696,23.076924957937468,-12.648218848279932,2.040814340536656,-21.191139255805112,1.3641145654092193,-14.873138791565365,0.3496516787969049,10.659270431488576,0.8468026067392106,-11.228070371124327,10.210693496909856,8.0,4.0,0.8571686069241767
09-07,21.67831847204696,23.076924957937468,-2.7667958116357503,2.040814340536656,-21.191139255805112,1.3641145654092193,-14.873138791565365,0.7660143405790102,10.659270431488576,0.8468026067392106,-11.228070371124327,10.210693496909856,8.0,4.0,1.7153174151263668
09-08,21.67831847204696,23.076924957937468,-2.7667958116357503,-5.306117285395287,-21.191139255805112,1.3641145654092193,-14.873138791565365,0.7660143405790102,10.659270431488576,-1.7377588442371101,-11.228070371124327,10.210693496909856,6.0,6.0,0.8876929920506788
09-09,21.67831847204696,23.076924957937468,-2.7667958116357503,-5.521472153342996,-21.191139255805112,1.3641145654092193,-14.873138791565365,0.7660143405790102,10.659270431488576,-1.7377588442371101,-11.228070371124327,10.210693496909856,6.0,6.0,0.8697467530550362
09-10,21.67831847204696,23.076924957937468,-8.695653403086004,-5.521472153342996,-21.191139255805112,1.1542461674650517,-14.873138791565365,0.7660143405790102,10.659270431488576,-1.7377588442371101,-11.228070371124327,10.210693496909856,6.0,6.0,0.3581862539388346
09-11,21.67831847204696,23.076924957937468,-8.695653403086004,-6.3917515231997815,-21.191139255805112,1.1542461674650517,-14.873138791565365,0.7660143405790102,10.659270431488576,-1.7377588442371101,-4.678358007099597,10.210693496909856,6.0,6.0,0.8314723367861633
09-12,21.67831847204696,23.076924957937468,-8.695653403086004,-8.247424808923482,-21.191139255805112,1.1542461674650517,-14.873138791565365,0.7660143405790102,10.659270431488576,-3.3175361876469496,-4.678358007099597,11.830236058926022,6.0,6.0,0.6801466645263822
09-13,21.67831847204696,23.076924957937468,-8.695653403086004,-8.247424808923482,-21.191139255805112,1.1542461674650517,-14.873138791565365,0.7660143405790102,10.659270431488576,-3.3175361876469496,-4.678358007099597,11.830236058926022,6.0,6.0,0.6801466645263822
09-14,21.67831847204696,23.076924957937468,-8.695653403086004,-8.247424808923482,-21.191139255805112,1.1542461674650517,-14.873138791565365,0.7660143405790102,10.659270431488576,-5.292259750152392,-4.678358007099597,11.830236058926022,6.0,6.0,0.5155863676509286
09-15,21.67831847204696,23.076924957937468,-8.695653403086004,-8.247424808923482,-21.191139255805112,1.1542461674650517,-14.873138791565365,0.7660143405790102,10.659270431488576,-5.292259750152392,-5.41813958242768,11.830236058926022,6.0,6.0,0.453937903040255
09-16,21.67831847204696,23.076924957937468,-8.695653403086004,-8.247424808923482,-21.191139255805112,1.1542461674650517,-14.873138791565365,0.7660143405790102,10.659270431488576,-16.82734532839997,-5.41813958242768,11.830236058926022,6.0,6.0,-0.5073192284803767
09-17,21.67831847204696,23.076924957937468,-8.695653403086004,-8.247424808923482,-7.891496552602431,1.1542461674650517,-14.873138791565365,0.41782358897536714,10.659270431488576,-17.444929301226466,-6.8019055732703535,11.830236058926022,6.0,6.0,0.4051892705137788
09-18,21.67831847204696,27.184463996826025,-8.695653403086004,-8.247424808923482,-7.891496552602431,1.1542461674650517,-14.873138791565365,0.41782358897536714,10.659270431488576,-17.444929301226466,-2.285712105887277,11.830236058926022,6.0,6.0,1.1238336460364147
09-19,21.67831847204696,27.184463996826025,-8.695653403086004,-8.247424808923482,-7.891496552602431,1.1542461674650517,-14.873138791565365,0.5563276986744533,12.38670290974979,-17.444929301226466,-2.285712105887277,16.0605985876757,6.0,6.0,1.6318585724289127
09-20,21.67831847204696,27.184463996826025,-8.695653403086004,-8.247424808923482,-7.891496552602431,1.1542461674650517,-14.873138791565365,0.5563276986744533,4.229600530876806,-16.47576936307496,-2.285712105887277,16.0605985876757,6.0,6.0,1.0328633690354563
09-21,21.67831847204696,27.184463996826025,-8.695653403086004,-8.247424808923482,-7.099142206729976,1.1542461674650517,-14.873138791565365,0.5563276986744533,4.229600530876806,-16.47576936307496,-2.285712105887277,16.0605985876757,6.0,6.0,1.0988928978581611
09-22,21.67831847204696,27.184463996826025,-8.695653403086004,-8.247424808923482,-7.099142206729976,1.1542461674650517,0.9056595136534493,0.5563276986744533,4.229600530876806,-16.47576936307496,-2.285712105887277,16.0605985876757,7.0,5.0,2.4137927566263957
09-23,18.84057908417722,27.184463996826025,-8.695653403086004,-10.294112343630477,-7.099142206729976,1.1542461674650517,0.9056595136534493,0.5563276986744533,1.9335329883740469,-16.47576936307496,-2.285712105887277,13.437499068677445,7.0,5.0,1.5968265912865836
09-24,18.84057908417722,5.3398008811302695,-8.695653403086004,-10.294112343630477,-7.099142206729976,1.1542461674650517,0.9056595136534493,0.5563276986744533,1.9335329883740469,-16.47576936307496,-2.285712105887277,13.437499068677445,7.0,5.0,-0.22356200168806284
09-25,-3.6231849629747175,5.3398008811302695,-8.695653403086004,-12.394950575229874,-9.375,1.1542461674650517,6.716983723190609,0.5563276986744533,5.087724092545446,-14.449333343864362,-2.285712105887277,13.437499068677445,6.0,6.0,-1.544271063279913
09-26,-3.6231849629747175,5.3398008811302695,-8.695653403086004,-12.394950575229874,-9.375,1.1542461674650517,6.716983723190609,0.5563276986744533,5.143197175474285,-14.449333343864362,-2.285712105887277,10.781257916241588,6.0,6.0,-1.761001735738832
09-27,-3.6231849629747175,5.3398008811302695,-8.695653403086004,-10.924368821903734,9.75000262260437,0.0,6.716983723190609,0.5563276986744533,5.143197175474285,-14.449333343864362,-2.285712105887277,10.781257916241588,6.0,6.0,-0.14089021836671037
09-28,-3.6231849629747175,5.3398008811302695,-8.695653403086004,-10.924368821903734,9.75000262260437,0.0,6.716983723190609,0.5563276986744533,5.143197175474285,-14.449333343864362,-2.285712105887277,6.699354077861377,6.0,6.0,-0.4810488715650612
09-29,-3.6231849629747175,5.3398008811302695,0.0,-10.924368821903734,9.75000262260437,0.0,13.735846753390343,0.5563276986744533,5.143197175474285,-14.449333343864362,-2.285712105887277,6.699354077861377,6.0,6.0,0.8284941645420837
09-30,-3.6231849629747175,5.3398008811302695,0.0,-10.924368821903734,9.75000262260437,0.0,13.735846753390343,0.5563276986744533,5.143197175474285,-14.449333343864362,-2.285712105887277,6.699354077861377,6.0,6.0,0.8284941645420837
10-01,-3.6231849629747175,5.3398008811302695,0.0,-10.924368821903734,9.75000262260437,0.0,13.735846753390343,0.5563276986744533,5.143197175474285,-14.449333343864362,-2.285712105887277,-0.8169913591708118,5.0,7.0,0.20213204478940136
10-02,-3.6231849629747175,5.3398008811302695,0.0,-2.9411735242391543,9.75000262260437,0.0,13.735846753390343,0.5563276986744533,4.021291018993402,-40.12944044936885,2.285712105887297,-0.8169913591708118,6.0,6.0,-0.9851507679227834
10-03,-3.6231849629747175,5.3398008811302695,0.0,-4.4776126990375715,9.75000262260437,0.0,13.735846753390343,0.5563276986744533,4.021291018993402,-40.12944044936885,2.285712105887297,-0.8169913591708118,6.0,6.0,-1.1131873658226514
10-04,-3.6231849629747175,5.3398008811302695,0.0,-4.4776126990375715,9.75000262260437,0.0,13.735846753390343,0.5563276986744533,4.021291018993402,-36.56957089801755,2.285712105887297,-0.8169913591708118,6.0,6.0,-0.81653156987671
10-05,-3.6231849629747175,5.3398008811302695,0.0,-4.26438820522463,9.75000262260437,0.0,13.735846753390343,0.13908524064327696,4.021291018993402,-36.56957089801755,2.285712105887297,0.2156280853036071,7.0,5.0,-0.7474814465220277
10-06,-3.6231849629747175,5.3398008811302695,0.0,-4.26438820522463,9.75000262260437,0.0,13.735846753390343,0.13908524064327696,4.021291018993402,-36.56957089801755,2.285712105887297,0.2156280853036071,7.0,5.0,-0.7474814465220277
10-07,-3.6231849629747175,5.3398008811302695,0.0,-4.26438820522463,9.75000262260437,-11.723329792551814,13.735846753390343,0.13908524064327696,4.021291018993402,-36.56957089801755,2.285712105887297,4.587625810045554,7.0,5.0,-1.3600924521728501
10-08,-3.6231849629747175,5.3398008811302695,0.0,-4.26438820522463,9.75000262260437,-11.723329792551814,13.735846753390343,0.13908524064327696,4.021291018993402,-36.56957089801755,2.285712105887297,2.8350476694608013,7.0,5.0,-1.5061406305549128
10-09,-3.6231849629747175,5.3398008811302695,0.0,3.000001907348633,11.083745173051371,-11.723329792551814,13.735846753390343,0.13908524064327696,4.021291018993402,-36.56957089801755,2.285712105887297,2.8350476694608013,8.0,4.0,-0.789629575303224
10-10,-3.6231849629747175,5.3398008811302695,0.0,3.000001907348633,11.083745173051371,-11.723329792551814,13.735846753390343,0.13908524064327696,1.2172900744039874,-36.56957089801755,2.285712105887297,2.8350476694608013,8.0,4.0,-1.0232963206856753
10-11,-3.6231849629747175,5.3398008811302695,0.0,3.000001907348633,11.083745173051371,-11.723329792551814,13.735846753390343,0.13908524064327696,1.2172900744039874,-36.56957089801755,2.971431187220982,2.8350476694608013,8.0,4.0,-0.9661530639078681
10-12,-3.6231849629747175,5.3398008811302695,0.0,3.000001907348633,11.083745173051371,-11.723329792551814,13.735846753390343,-4.588493339004892,1.2172900744039874,-23.08521341933891,2.971431187220982,2.8350476694608013,7.0,5.0,-0.23642148898866225
10-13,-3.6231849629747175,5.3398008811302695,0.0,3.000001907348633,10.421843494953533,1.038425548092846,13.735846753390343,-4.588493339004892,1.2172900744039874,-22.437970021501393,2.971431187220982,2.8350476694608013,8.0,4.0,0.8258365993766996
10-14,-3.6231849629747175,0.0,0.0,3.000001907348633,10.421843494953533,1.038425548092846,13.735846753390343,-4.588493339004892,1.2172900744039874,-22.437970021501393,13.894522649717441,2.8350476694608013,7.0,5.0,1.2911108144905483
10-15,-3.6231849629747175,0.0,0.0,3.000001907348633,-0.6203378964950829,1.038425548092846,13.735846753390343,-4.734163101790741,1.2172900744039874,-22.437970021501393,15.010137867845302,-2.061853744307326,5.0,7.0,0.04368270200098756
10-16,-3.6231849629747175,0.0,0.0,3.000001907348633,-0.6203378964950829,1.038425548092846,13.735846753390343,-4.734163101790741,0.4294460006173725,-22.437970021501393,11.257603400883976,-2.061853744307326,5.0,7.0,-0.33468217639467407
10-17,-3.6231849629747175,0.0,0.0,3.000001907348633,-1.3647599373509143,1.038425548092846,13.735846753390343,-4.734163101790741,-1.5337424030768458,-22.437970021501393,11.257603400883976,-2.061853744307326,4.0,8.0,-0.5603163801071781
10-18,-3.6231849629747175,0.0,0.0,3.000001907348633,-1.3647599373509143,1.038425548092846,13.735846753390343,-4.734163101790741,-1.5337424030768458,-22.437970021501393,11.257603400883976,-2.061853744307326,4.0,8.0,-0.5603163801071781
10-19,-3.6231849629747175,0.0,0.0,4.799995422363281,-1.3647599373509143,0.31381470009086976,13.735846753390343,-4.734163101790741,-1.5337424030768458,-22.437970021501393,11.257603400883976,-2.061853744307326,4.0,8.0,-0.47070115785612215
10-20,-3.6231849629747175,0.0,0.0,4.799995422363281,2.853742871256027,0.31381470009086976,0.0,-4.734163101790741,-1.5337424030768458,-22.437970021501393,11.257603400883976,-2.061853744307326,4.0,8.0,-1.263813153254739
10-21,27.368420392192284,0.0,0.0,4.799995422363281,2.853742871256027,0.31381470009086976,0.0,-4.734163101790741,-4.907982710761448,-22.437970021501393,11.257603400883976,1.0309219563065746,6.0,6.0,1.2953652424199527
10-22,27.368420392192284,0.0,0.0,4.799995422363281,2.853742871256027,0.31381470009086976,0.0,-6.914500508283615,-4.907982710761448,-22.437970021501393,11.257603400883976,1.0309219563065746,6.0,6.0,1.1136704585455464
10-23,27.368420392192284,0.0,0.0,4.799995422363281,4.87514690667057,0.31381470009086976,0.0,-6.914500508283615,-4.907982710761448,-22.437970021501393,24.111012986596215,1.0309219563065746,6.0,6.0,2.3532382603061115
10-24,27.368420392192284,8.849559669366176,0.0,4.799995422363281,4.87514690667057,0.31381470009086976,0.0,-6.914500508283615,-4.969333811067631,-25.831483430808287,24.111012986596215,5.360819735199066,7.0,5.0,3.163621005193244
10-25,27.368420392192284,8.849559669366176,0.0,4.799995422363281,4.87514690667057,0.31381470009086976,0.0,-6.914500508283615,-4.969333811067631,-25.831483430808287,24.111012986596215,5.360819735199066,7.0,5.0,3.163621005193244
10-26,27.368420392192284,8.849559669366176,11.228068208797128,4.799995422363281,-0.37641418567249685,0.31381470009086976,0.0,-6.914500508283615,-4.969333811067631,-25.831483430808287,23.44707116028869,5.360819735199066,7.0,5.0,3.6063347793721228
10-27,27.368420392192284,8.849559669366176,11.228068208797128,6.19999885559082,-0.37641418567249685,7.65503861641813,0.0,-6.914500508283615,-4.969333811067631,-26.532887888410965,23.44707116028869,5.360819735199066,7.0,5.0,4.276320020368133
10-28,27.368420392192284,8.849559669366176,11.228068208797128,6.19999885559082,-0.37641418567249685,7.65503861641813,0.0,-6.914500508283615,-3.742335207995793,-26.532887888410965,23.44707116028869,5.360819735199066,7.0,5.0,4.378569903957453
10-29,27.368420392192284,8.849559669366176,11.228068208797128,6.19999885559082,-0.37641418567249685,7.65503861641813,0.0,-6.914500508283615,-3.742335207995793,-26.532887888410965,23.44707116028869,5.360819735199066,7.0,5.0,4.378569903957453
10-30,27.368420392192284,10.43478323967111,11.228068208797128,6.19999885559082,-0.37641418567249685,7.65503861641813,0.0,-6.914500508283615,-3.742335207995793,-3.344483632153049,23.44707116028869,5.360819735199066,7.0,5.0,6.443038889504357
10-31,27.368420392192284,10.43478323967111,11.228068208797128,6.19999885559082,-0.37641418567249685,7.65503861641813,0.0,-6.914500508283615,-3.742335207995793,-3.344483632153049,23.44707116028869,4.381445351461929,7.0,5.0,6.3614243575262615
11-01,27.368420392192284,10.43478323967111,11.228068208797128,6.19999885559082,-0.37641418567249685,7.65503861641813,0.0,-6.914500508283615,-3.742335207995793,-3.344483632153049,23.44707116028869,4.381445351461929,7.0,5.0,6.3614243575262615
11-02,27.368420392192284,10.43478323967111,11.228068208797128,6.19999885559082,-0.37641418567249685,7.65503861641813,0.0,-6.914500508283615,-3.742335207995793,-3.344483632153049,25.784562949016603,4.381445351461929,7.0,5.0,6.5562153399202545
11-03,19.76744347227268,6.363640994079741,11.228068208797128,-1.295895060399715,-0.37641418567249685,7.65503861641813,0.0,-6.914500508283615,-3.742335207995793,-3.344483632153049,25.784562949016603,4.381445351461929,6.0,6.0,4.958880916461795
11-04,23.333331567269738,6.363640994079741,11.228068208797128,-0.4282651092028549,-3.4928846088007606,17.344961383581882,0.0,-6.914500508283615,-3.742335207995793,-3.344483632153049,25.784562949016603,0.0,5.0,7.0,5.511008003025752
11-05,23.333331567269738,6.363640994079741,11.228068208797128,-0.4282651092028549,-3.4928846088007606,17.344961383581882,0.0,-6.914500508283615,-3.742335207995793,-3.344483632153049,25.784562949016603,0.0,5.0,7.0,5.511008003025752
11-06,23.333331567269738,7.623321741700094,11.228068208797128,-7.066379407169915,-5.045276397455183,17.344961383581882,0.0,-6.914500508283615,-3.742335207995793,-3.344483632153049,25.784562949016603,0.0,5.0,7.0,4.9334392247756576
11-07,23.333331567269738,7.623321741700094,11.228068208797128,-7.066379407169915,-5.045276397455183,17.344961383581882,0.0,-6.914500508283615,-0.7975526024544435,-3.5754263164035716,25.784562949016603,0.0,5.0,7.0,5.159592551549893
11-08,23.333331567269738,7.623321741700094,11.228068208797128,-7.066379407169915,-4.269086671784619,6.686042643289586,0.0,-6.914500508283615,-0.7975526024544435,-3.5754263164035716,25.784562949016603,0.0,5.0,7.0,4.3360318003314156
11-09,23.333331567269738,7.623321741700094,11.228068208797128,-7.066379407169915,-4.269086671784619,4.653467814626115,0.07541650610272439,-2.081782430794633,-0.7975526024544435,-3.5754263164035716,16.369807560817364,0.0,6.0,6.0,3.791098830892165
11-10,23.333331567269738,7.623321741700094,11.228068208797128,-7.066379407169915,-4.269086671784619,4.653467814626115,-1.0678897558281024,-2.081782430794633,-0.7975526024544435,-3.5754263164035716,16.369807560817364,0.0,5.0,7.0,3.6958233090645964
11-11,23.333331567269738,7.623321741700094,11.228068208797128,-7.066379407169915,-4.269086671784619,4.653467814626115,-1.0678897558281024,-2.081782430794633,-5.775466570156393,-3.5754263164035716,16.369807560817364,0.0,5.0,7.0,3.2809971450894344
11-12,23.333331567269738,7.623321741700094,11.228068208797128,-7.066379407169915,-4.269086671784619,4.653467814626115,-1.0678897558281024,-3.779289624340249,-5.775466570156393,-3.5754263164035716,16.369807560817364,0.0,5.0,7.0,3.139538212293966
11-13,23.333331567269738,7.623321741700094,11.228068208797128,-4.384134442993471,-4.269086671784619,4.653467814626115,-1.0678897558281024,-3.779289624340249,-5.775466570156393,-3.5754263164035716,16.369807560817364,0.0,5.0,7.0,3.3630586259753357
11-14,23.333331567269738,7.623321741700094,11.228068208797128,-4.384134442993471,-4.269086671784619,5.346534073837806,-1.0678897558281024,-1.5532476136276105,-5.093481602325317,-3.5754263164035716,16.369807560817364,0.0,5.0,7.0,3.6631497291216193
11-15,23.333331567269738,7.623321741700094,11.228068208797128,-4.384134442993471,-8.796892971031703,5.346534073837806,-1.0678897558281024,-1.5532476136276105,-5.093481602325317,-3.5754263164035716,16.369807560817364,0.0,5.0,7.0,3.2858325375176958
11-16,23.333331567269738,7.623321741700094,11.228068208797128,-4.384134442993471,-8.796892971031703,5.346534073837806,-1.0678897558281024,-1.5532476136276105,-5.093481602325317,-3.5754263164035716,16.369807560817364,0.0,5.0,7.0,3.2858325375176958
11-17,23.333331567269738,7.623321741700094,11.228068208797128,-4.384134442993471,-8.796892971031703,5.346534073837806,-1.0678897558281024,0.5177562583464266,-5.093481602325317,-3.5754263164035716,16.369807560817364,0.0,6.0,6.0,3.458416193515532
11-18,5.000001192092906,7.623321741700094,11.228068208797128,-4.384134442993471,-6.590620909074052,5.346534073837806,-1.0678897558281024,0.5177562583464266,-7.51978496782796,-3.5754263164035716,16.369807560817364,0.0,6.0,5.0,1.9123027202887142
11-19,5.000001192092906,-1.3452901853442496,11.228068208797128,-4.384134442993471,-6.725884838502905,5.346534073837806,-1.0678897558281024,0.5177562583464266,-7.875576488563526,-3.5754263164035716,22.362206261735533,0.0,5.0,6.0,1.6233636639311646
11-20,5.000001192092906,-1.3452901853442496,11.228068208797128,-4.384134442993471,-6.725884838502905,5.346534073837806,-1.0678897558281024,0.5177562583464266,-7.875576488563526,-0.7821301674897214,9.212599164295908,0.0,5.0,6.0,0.7603377515540166
11-21,5.000001192092906,-1.3452901853442496,11.228068208797128,-4.384134442993471,-1.1421278482699344,5.346534073837806,-1.0678897558281024,0.5177562583464266,-7.875576488563526,-12.406018115151154,9.999996245376652,0.0,5.0,6.0,0.32260992852504006
11-22,9.523806550335056,-1.3452901853442496,0.0,-4.384134442993471,-1.1421278482699344,-2.1782109410423627,-2.792859946382627,0.5177562583464266,-7.875576488563526,-12.406018115151154,9.999996245376652,0.0,3.0,8.0,-1.0068882428074326
11-23,9.523806550335056,-1.3452901853442496,0.0,-4.384134442993471,7.001165997647975,-6.172833449713686,-2.792859946382627,0.5177562583464266,-7.875576488563526,-12.406018115151154,9.999996245376652,0.0,4.0,7.0,-0.6611656313702169
11-24,9.523806550335056,-3.1390104324699157,0.0,-4.384134442993471,8.49598443988934,-6.063722305708224,-2.792859946382627,0.5177562583464266,-7.875576488563526,-14.55939149975336,9.999996245376652,0.0,4.0,7.0,-0.8564293018269707
11-25,9.523806550335056,-3.1390104324699157,0.0,-4.384134442993471,8.49598443988934,-6.063722305708224,-2.792859946382627,0.5177562583464266,-7.875576488563526,-14.55939149975336,9.999996245376652,0.0,4.0,7.0,-0.8564293018269707
11-26,9.523806550335056,-3.1390104324699157,0.0,-4.8218033541545555,10.650227331578659,-6.172833449713686,-2.792859946382627,0.5177562583464266,-7.875576488563526,-15.147629152171286,9.999996245376652,0.0,4.0,7.0,-0.7714938698182334
11-27,9.523806550335056,-3.1390104324699157,0.0,-4.8218033541545555,10.650227331578659,-6.172833449713686,-2.792859946382627,0.5177562583464266,-7.875576488563526,-15.147629152171286,7.384128940967482,0.0,4.0,7.0,-0.9894828118523309
11-28,9.523806550335056,-3.1390104324699157,12.844039105313499,-4.8218033541545555,10.650227331578659,-6.172833449713686,-2.792859946382627,0.5177562583464266,-7.875576488563526,-15.147629152171286,7.384128940967482,0.0,5.0,6.0,0.08085378025712735
11-29,9.523806550335056,-3.1390104324699157,12.844039105313499,2.935007694872201,10.650227331578659,-6.172833449713686,-2.792859946382627,0.5177562583464266,-7.875576488563526,-15.147629152171286,7.384128940967482,0.0,6.0,5.0,0.7272547010093571
11-30,9.523806550335056,-3.1390104324699157,12.844039105313499,2.096434067765858,13.340807702267158,-6.172833449713686,-2.792859946382627,0.5177562583464266,-7.875576488563526,-15.147629152171286,7.384128940967482,0.0,6.0,5.0,0.8815885963078703
12-01,18.095233013299897,1.3452901853442496,12.844039105313499,4.303279369308612,13.631282862472169,-6.172833449713686,-2.792859946382627,0.5177562583464266,-7.875576488563526,-20.56451879087685,7.384128940967482,0.0,7.0,4.0,1.726268421626304
12-02,14.285712663819117,0.0,12.844039105313499,4.303279369308612,13.631282862472169,-6.172833449713686,-2.792859946382627,0.5177562583464266,-7.875576488563526,-20.56451879087685,7.384128940967482,0.0,6.0,5.0,1.2967008770575514
12-03,14.285712663819117,0.0,12.844039105313499,4.303279369308612,13.631282862472169,-6.172833449713686,-2.792859946382627,0.5177562583464266,-7.875576488563526,-20.56451879087685,7.384128940967482,0.0,6.0,5.0,1.2967008770575514
12-04,14.285712663819117,0.0,12.844039105313499,4.303279369308612,13.631282862472169,-6.172833449713686,-2.792859946382627,0.5177562583464266,-7.875576488563526,-20.29569543590575,7.384128940967482,0.0,6.0,5.0,1.3191028233051432
12-05,14.285712663819117,0.0,12.844039105313499,15.24501121043247,13.631282862472169,-3.9094660905506076,-2.8704412389775196,0.5177562583464266,-7.875576488563526,-20.29569543590575,7.384128940967482,0.0,6.0,5.0,2.413062648946147
12-06,14.285712663819117,0.0,12.844039105313499,15.24501121043247,13.631282862472169,-2.43408451469824,-2.8704412389775196,0.5177562583464266,-7.875576488563526,-20.29569543590575,7.384128940967482,0.0,6.0,5.0,2.536011113600511
12-07,14.285712663819117,0.0,12.844039105313499,15.24501121043247,13.727678725857059,-1.1011072359539236,-2.8704412389775196,0.5177562583464266,-1.9854414133112988,-20.29569543590575,7.384128940967482,0.0,6.0,5.0,3.14597013171563
12-08,14.285712663819117,0.0,12.844039105313499,13.518518632985598,13.727678725857059,-1.1011072359539236,-1.7067440457319467,2.144977113227942,-1.9854414133112988,-20.29569543590575,7.384128940967482,0.0,6.0,5.0,3.234672254272315
12-09,14.285712663819117,0.0,12.844039105313499,13.518518632985598,13.727678725857059,-1.1011072359539236,-1.7067440457319467,2.144977113227942,-1.9854414133112988,-20.29569543590575,7.384128940967482,0.0,6.0,5.0,3.234672254272315
12-10,14.285712663819117,0.0,19.491527250166296,13.518518632985598,13.727678725857059,-1.1011072359539236,-1.7067440457319467,0.0,-1.9854414133112988,-1.8202485563877029,7.384128940967482,0.0,5.0,6.0,5.14950208020089
12-11,14.285712663819117,0.0,19.491527250166296,11.296298569285455,13.727678725857059,-1.1011072359539236,-1.7067440457319467,0.0,-1.9854414133112988,0.9955769133592154,9.79341823150982,0.0,6.0,5.0,5.39974330491665
12-12,14.285712663819117,0.0,19.491527250166296,11.296298569285455,13.727678725857059,-1.1011072359539236,-9.891025325368409,0.0,-2.6472573215964816,0.9955769133592154,9.79341823150982,0.0,6.0,5.0,4.662568539256512
12-13,14.285712663819117,0.0,19.491527250166296,11.296298569285455,13.727678725857059,-1.1011072359539236,-11.195926200976453,-3.0487848757137748,-2.6472573215964816,0.9955769133592154,9.79341823150982,0.0,6.0,5.0,4.299761393313027
12-14,14.285712663819117,0.0,19.491527250166296,11.296298569285455,11.94196615073524,-1.1011072359539236,-11.195926200976453,-1.8072344097764697,-0.3309079541426033,0.9955769133592154,9.097920438563694,0.0,6.0,5.0,4.389485515423297
12-15,14.285712663819117,0.0,19.491527250166296,11.296298569285455,11.94196615073524,-1.1011072359539236,-11.195926200976453,-1.8072344097764697,0.0,0.9955769133592154,9.16794778390474,0.0,6.0,5.0,4.422896790380268
12-16,4.7619004368509765,0.0,19.491527250166296,11.296298569285455,11.94196615073524,-1.1011072359539236,-14.798595175944543,-1.8072344097764697,0.0,0.9955769133592154,9.16794778390474,0.0,6.0,5.0,3.329023356885582
12-17,4.7619004368509765,0.0,19.491527250166296,11.296298569285455,12.053570525758731,-1.1011072359539236,-14.798595175944543,-1.8072344097764697,0.0,0.9955769133592154,2.157162887872891,0.0,6.0,5.0,2.754091646801552
12-18,0.0,0.0,19.491527250166296,11.296298569285455,12.053570525758731,-1.1011072359539236,-12.872156367847062,-1.8072344097764697,0.0,0.9955769133592154,2.157162887872891,0.0,5.0,6.0,2.517803177738761
12-19,0.0,0.0,19.491527250166296,11.296298569285455,4.3526823846243,2.70269780055397,-12.872156367847062,-2.7355669796786204,0.0,13.822896092551309,2.157162887872891,0.0,6.0,5.0,3.1846284697940455
12-20,0.0,0.0,19.491527250166296,11.296298569285455,2.790178559549457,2.6026049533405997,-13.268894672203805,-2.4242473721395594,0.0,15.442767492765567,2.157162887872891,0.0,6.0,5.0,3.173949805719742
12-21,0.0,0.0,19.491527250166296,11.666668579902144,0.44642814378045226,2.6026049533405997,-17.181821302934143,-2.4242473721395594,0.0,15.874732512898806,2.157162887872891,0.0,6.0,5.0,2.719421304407291
12-22,-10.526312157057626,0.0,19.491527250166296,11.666668579902144,0.44642814378045226,2.6026049533405997,-16.335743971840095,-2.4242473721395594,0.0,15.874732512898806,2.8309096725197875,0.0,6.0,5.0,1.9688806342975667
12-23,-10.526312157057626,0.0,7.62711818745844,11.666668579902144,0.44642814378045226,2.70269780055397,-18.14849242532583,-2.4242473721395594,0.0,15.874732512898806,2.8309096725197875,0.0,6.0,5.0,0.8374585785492153
12-24,-10.526312157057626,0.0,7.62711818745844,11.33829220332265,0.44642814378045226,2.70269780055397,-18.14849242532583,-2.4242473721395594,0.0,15.874732512898806,2.6013784279010657,0.0,6.0,5.0,0.7909662767826976
12-26,-10.526312157057626,0.0,7.62711818745844,11.33829220332265,0.44642814378045226,2.70269780055397,-18.14849242532583,-2.4242473721395594,0.0,15.874732512898806,2.6013784279010657,0.0,6.0,5.0,0.7909662767826976
12-27,-10.526312157057626,0.0,7.62711818745844,9.293680099706824,0.11160969686674349,2.70269780055397,-18.14849242532583,-6.289309543558151,0.0,19.654429013779254,2.6013784279010657,0.0,6.0,5.0,0.5855665916937243
12-28,-10.526312157057626,0.0,7.62711818745844,9.293680099706824,0.11160969686674349,2.70269780055397,-18.14849242532583,-3.7605582105468334,0.0,19.654429013779254,2.6013784279010657,0.0,6.0,5.0,0.7962958694446675
12-29,-10.526312157057626,0.0,7.62711818745844,9.293680099706824,0.11160969686674349,2.70269780055397,-18.14849242532583,-3.7605582105468334,0.0,13.988434851693146,0.7020292880679856,0.0,6.0,5.0,0.16585059428473506
12-30,-10.526312157057626,0.0,7.62711818745844,9.293680099706824,0.11160969686674349,2.70269780055397,-18.14849242532583,-3.7605582105468334,0.0,13.988434851693146,0.7020292880679856,0.0,6.0,5.0,0.16585059428473506
12-31,-10.526312157057626,0.0,7.62711818745844,9.293680099706824,0.11160969686674349,1.3013024766702999,-18.14849242532583,-4.160253733216287,0.0,13.988434851693146,0.7020292880679856,0.0,6.0,5.0,0.01575969040530816
