,2009,2010,2011,2012,2013,2014,2015,2016,2017,2018,2019,ups,downs,avg
01-02,0.0,-8.000004291534424,0.0,0.0,0.0,-14.285711244660995,0.0,0.0,0.0,16.666663562258005,0.0,1.0,10.0,-0.510822906721583
01-03,0.0,-8.000004291534424,0.0,0.0,0.0,-14.285711244660995,0.0,0.0,0.0,16.666663562258005,0.0,1.0,10.0,-0.510822906721583
01-04,0.0,-8.000004291534424,0.0,0.0,0.0,-14.285711244660995,0.0,0.0,0.0,16.666663562258005,0.0,1.0,10.0,-0.510822906721583
01-05,0.0,-8.000004291534424,0.0,0.0,0.0,-14.285711244660995,0.0,0.0,0.0,16.666663562258005,0.0,1.0,10.0,-0.510822906721583
01-06,0.0,-8.000004291534424,0.0,0.0,0.0,-14.285711244660995,0.0,0.0,0.0,16.666663562258005,0.0,1.0,10.0,-0.510822906721583
01-07,0.0,-8.000004291534424,0.0,0.0,0.0,20.000002980232196,0.0,0.0,0.0,16.666663562258005,0.0,2.0,9.0,2.6060602046323433
01-08,0.0,-8.000004291534424,0.0,0.0,0.0,20.000002980232196,0.0,0.0,0.0,16.666663562258005,0.0,2.0,9.0,2.6060602046323433
01-09,0.0,0.0,0.0,0.0,0.0,20.000002980232196,0.0,0.0,0.0,16.666663562258005,0.0,2.0,9.0,3.333333322044564
01-10,0.0,0.0,0.0,0.0,0.0,20.000002980232196,0.0,0.0,0.0,16.666663562258005,0.0,2.0,9.0,3.333333322044564
01-11,0.0,0.0,0.0,0.0,-63.63637102536918,20.000002980232196,0.0,0.0,0.0,16.666663562258005,0.0,2.0,9.0,-2.4517913166253615
01-12,0.0,0.0,0.0,0.0,-50.00000931322591,20.000002980232196,0.0,0.0,0.0,16.666663562258005,0.0,2.0,9.0,-1.2121220700668827
01-13,0.0,10.000002384185791,0.0,0.0,-50.00000931322591,20.000002980232196,0.0,0.0,0.0,16.666663562258005,0.0,3.0,8.0,-0.30303094423181065
01-14,0.0,10.000002384185791,0.0,0.0,-50.00000931322591,30.00000074505805,0.0,0.0,0.0,16.666663562258005,0.0,3.0,8.0,0.6060597616614487
01-15,0.0,4.000002145767201,-11.764703304297399,0.0,-50.00000931322591,30.00000074505805,0.0,0.0,0.0,16.666663562258005,0.0,3.0,8.0,-1.0089132876763685
01-16,0.0,4.000002145767201,-11.764703304297399,-22.22221670327387,-50.00000931322591,30.00000074505805,0.0,0.0,0.0,16.666663562258005,0.0,3.0,8.0,-3.029114806155811
01-17,0.0,4.000002145767201,-5.555550036607201,-22.22221670327387,-50.00000931322591,30.00000074505805,0.0,0.0,0.0,16.666663562258005,0.0,3.0,8.0,-2.464646327274884
01-18,33.33333498901784,4.000002145767201,-5.555550036607201,-22.22221670327387,-50.00000931322591,30.00000074505805,0.0,0.0,0.0,16.666663562258005,0.0,4.0,7.0,0.5656568535449196
01-19,33.33333498901784,4.000002145767201,-5.555550036607201,-22.22221670327387,-50.00000931322591,30.00000074505805,0.0,0.0,0.0,33.33333333333333,0.0,4.0,7.0,2.0808086509154036
01-20,33.33333498901784,0.0,-5.555550036607201,-22.22221670327387,-50.00000931322591,30.00000074505805,0.0,0.0,0.0,33.33333333333333,0.0,3.0,8.0,1.7171720922092946
01-21,33.33333498901784,0.0,-5.555550036607201,-22.22221670327387,-50.00000931322591,30.00000074505805,0.0,0.0,0.0,33.33333333333333,0.0,3.0,8.0,1.7171720922092946
01-22,33.33333498901784,0.0,-5.555550036607201,-22.22221670327387,-50.00000931322591,30.00000074505805,0.0,0.0,0.0,33.33333333333333,0.0,3.0,8.0,1.7171720922092946
01-23,33.33333498901784,0.0,-5.555550036607201,-22.22221670327387,-50.00000931322591,30.00000074505805,0.0,0.0,0.0,33.33333333333333,0.0,3.0,8.0,1.7171720922092946
01-24,33.33333498901784,0.0,-5.555550036607201,-22.22221670327387,-50.00000931322591,30.00000074505805,0.0,0.0,0.0,33.33333333333333,0.0,3.0,8.0,1.7171720922092946
01-25,33.33333498901784,0.0,-5.555550036607201,-22.22221670327387,-50.00000931322591,30.00000074505805,0.0,0.0,0.0,33.33333333333333,0.0,3.0,8.0,1.7171720922092946
01-26,33.33333498901784,0.0,-5.555550036607201,-22.22221670327387,-50.00000931322591,30.00000074505805,0.0,0.0,0.0,33.33333333333333,0.0,3.0,8.0,1.7171720922092946
01-27,0.0,0.0,-5.555550036607201,-22.22221670327387,-50.00000931322591,30.00000074505805,0.0,0.0,0.0,33.33333333333333,0.0,2.0,9.0,-1.3131310886105092
01-28,0.0,0.0,-5.555550036607201,-22.22221670327387,-50.00000931322591,30.00000074505805,0.0,0.0,0.0,33.33333333333333,0.0,2.0,9.0,-1.3131310886105092
01-29,0.0,0.0,-5.555550036607201,-22.22221670327387,-50.00000931322591,30.00000074505805,0.0,0.0,0.0,33.33333333333333,0.0,2.0,9.0,-1.3131310886105092
01-30,9.090907243657705,0.0,-5.555550036607201,-22.22221670327387,-50.00000931322591,30.00000074505805,0.0,0.0,0.0,33.33333333333333,0.0,3.0,8.0,-0.4866849755507174
01-31,9.090907243657705,0.0,-5.555550036607201,-22.22221670327387,-50.00000931322591,30.00000074505805,0.0,0.0,0.0,0.0,0.0,2.0,9.0,-3.5169880058537473
02-01,9.090907243657705,0.0,-5.555550036607201,-22.22221670327387,-50.00000931322591,30.00000074505805,0.0,0.0,0.0,0.0,0.0,2.0,9.0,-3.5169880058537473
02-02,9.090907243657705,0.0,-5.555550036607201,-22.22221670327387,-50.00000931322591,30.00000074505805,0.0,0.0,0.0,0.0,0.0,2.0,9.0,-3.5169880058537473
02-03,9.090907243657705,0.0,-5.555550036607201,-22.22221670327387,-50.00000931322591,30.00000074505805,0.0,0.0,0.0,0.0,0.0,2.0,9.0,-3.5169880058537473
02-04,9.090907243657705,0.0,-5.555550036607201,-22.22221670327387,-50.00000931322591,30.00000074505805,0.0,0.0,0.0,0.0,0.0,2.0,9.0,-3.5169880058537473
02-05,9.090907243657705,0.0,-5.555550036607201,-22.22221670327387,-50.00000931322591,30.00000074505805,0.0,0.0,0.0,0.0,0.0,2.0,9.0,-3.5169880058537473
02-06,9.090907243657705,0.0,-5.555550036607201,-22.22221670327387,-50.00000931322591,30.00000074505805,0.0,0.0,0.0,0.0,0.0,2.0,9.0,-3.5169880058537473
02-07,9.090907243657705,0.0,-5.555550036607201,-22.22221670327387,-50.00000931322591,30.00000074505805,0.0,0.0,0.0,0.0,0.0,2.0,9.0,-3.5169880058537473
02-08,9.090907243657705,0.0,-5.555550036607201,-22.22221670327387,-50.00000931322591,30.00000074505805,0.0,0.0,0.0,0.0,0.0,2.0,9.0,-3.5169880058537473
02-09,9.090907243657705,0.0,-5.555550036607201,-22.22221670327387,-50.00000931322591,30.00000074505805,0.0,0.0,0.0,0.0,0.0,2.0,9.0,-3.5169880058537473
02-10,9.090907243657705,0.0,-5.555550036607201,-22.22221670327387,-50.00000931322591,30.00000074505805,0.0,0.0,0.0,0.0,0.0,2.0,9.0,-3.5169880058537473
02-11,9.090907243657705,0.0,-5.555550036607201,-22.22221670327387,-50.00000931322591,30.00000074505805,0.0,0.0,0.0,0.0,0.0,2.0,9.0,-3.5169880058537473
02-12,9.090907243657705,0.0,-5.555550036607201,-22.22221670327387,-50.00000931322591,30.00000074505805,0.0,0.0,0.0,0.0,0.0,2.0,9.0,-3.5169880058537473
02-13,9.090907243657705,0.0,-5.555550036607201,-22.22221670327387,-50.00000931322591,30.00000074505805,0.0,0.0,0.0,0.0,0.0,2.0,9.0,-3.5169880058537473
02-14,9.090907243657705,0.0,-5.555550036607201,-22.22221670327387,-50.00000931322591,30.00000074505805,0.0,0.0,0.0,0.0,0.0,2.0,9.0,-3.5169880058537473
02-15,9.090907243657705,0.0,-5.555550036607201,-22.22221670327387,-50.00000931322591,30.00000074505805,0.0,0.0,0.0,0.0,0.0,2.0,9.0,-3.5169880058537473
02-16,9.090907243657705,0.0,-5.555550036607201,-22.22221670327387,-50.00000931322591,30.00000074505805,0.0,0.0,0.0,0.0,0.0,2.0,9.0,-3.5169880058537473
02-17,9.090907243657705,0.0,-5.555550036607201,-22.22221670327387,-50.00000931322591,30.00000074505805,0.0,0.0,0.0,0.0,0.0,2.0,9.0,-3.5169880058537473
02-18,9.090907243657705,0.0,-5.555550036607201,-22.22221670327387,-50.00000931322591,30.00000074505805,0.0,0.0,0.0,0.0,0.0,2.0,9.0,-3.5169880058537473
02-19,9.090907243657705,0.0,-5.555550036607201,-22.22221670327387,-50.00000931322591,0.0,0.0,0.0,0.0,0.0,0.0,1.0,10.0,-6.244260800859024
02-20,9.090907243657705,0.0,-5.555550036607201,-22.22221670327387,-50.00000931322591,0.0,0.0,0.0,0.0,0.0,0.0,1.0,10.0,-6.244260800859024
02-21,9.090907243657705,0.0,-5.555550036607201,-22.22221670327387,8.333331781129006,0.0,0.0,0.0,0.0,0.0,0.0,2.0,9.0,-0.9412297922813052
02-22,9.090907243657705,0.0,-5.555550036607201,-22.22221670327387,0.0,0.0,0.0,0.0,0.0,0.0,0.0,1.0,10.0,-1.6988054087475783
02-23,9.090907243657705,0.0,-5.555550036607201,-22.22221670327387,0.0,0.0,0.0,0.0,0.0,0.0,0.0,1.0,10.0,-1.6988054087475783
02-24,9.090907243657705,0.0,-5.555550036607201,-22.22221670327387,0.0,0.0,0.0,0.0,0.0,0.0,0.0,1.0,10.0,-1.6988054087475783
02-25,9.090907243657705,0.0,5.555558315029726,-22.22221670327387,0.0,0.0,0.0,0.0,0.0,0.0,0.0,2.0,9.0,-0.6887046495078581
02-26,9.090907243657705,0.0,5.555558315029726,-22.22221670327387,0.0,0.0,0.0,0.0,0.0,0.0,0.0,2.0,9.0,-0.6887046495078581
02-27,9.090907243657705,0.0,5.555558315029726,-22.22221670327387,0.0,0.0,0.0,0.0,0.0,0.0,0.0,2.0,9.0,-0.6887046495078581
02-28,-36.363642521141,0.0,5.555558315029726,0.0,0.0,0.0,0.0,0.0,0.0,0.0,0.0,1.0,10.0,-2.8007349278282976
02-29,0.0,0.0,0.0,0.0,0.0,0.0,0.0,0.0,0.0,0.0,0.0,0.0,2.0,0.0
03-01,-36.363642521141,0.0,0.0,0.0,14.285716566504245,0.0,0.0,0.0,0.0,0.0,0.0,1.0,10.0,-2.0070841776942507
03-02,-36.363642521141,0.0,0.0,0.0,14.285716566504245,0.0,0.0,0.0,0.0,0.0,0.0,1.0,10.0,-2.0070841776942507
03-03,-36.363642521141,0.0,0.0,0.0,14.285716566504245,0.0,0.0,0.0,0.0,0.0,0.0,1.0,10.0,-2.0070841776942507
03-04,-36.363642521141,0.0,0.0,0.0,14.285716566504245,0.0,0.0,0.0,0.0,0.0,0.0,1.0,10.0,-2.0070841776942507
03-05,-36.363642521141,-100.0,0.0,0.0,14.285716566504245,0.0,0.0,0.0,0.0,0.0,0.0,1.0,10.0,-11.097993268603341
03-06,-36.363642521141,-100.0,0.0,0.0,14.285716566504245,0.0,0.0,0.0,0.0,0.0,0.0,1.0,10.0,-11.097993268603341
03-07,-36.363642521141,-100.0,0.0,0.0,14.285716566504245,0.0,0.0,0.0,0.0,0.0,0.0,1.0,10.0,-11.097993268603341
03-08,-36.363642521141,-100.0,0.0,0.0,14.285716566504245,0.0,0.0,0.0,0.0,0.0,0.0,1.0,10.0,-11.097993268603341
03-09,-36.363642521141,-100.0,0.0,0.0,14.285716566504245,0.0,0.0,0.0,0.0,0.0,0.0,1.0,10.0,-11.097993268603341
03-10,-36.363642521141,-100.0,0.0,0.0,14.285716566504245,0.0,0.0,0.0,0.0,0.0,0.0,1.0,10.0,-11.097993268603341
03-11,9.090907243657705,-100.0,0.0,0.0,14.285716566504245,0.0,0.0,0.0,0.0,0.0,0.0,2.0,9.0,-6.965761471803458
03-12,0.0,-100.0,0.0,0.0,14.285716566504245,0.0,0.0,0.0,0.0,0.0,0.0,1.0,10.0,-7.79220758486325
03-13,0.0,-100.0,0.0,0.0,14.285716566504245,0.0,0.0,0.0,0.0,0.0,0.0,1.0,10.0,-7.79220758486325
03-14,0.0,-100.0,0.0,0.0,14.285716566504245,0.0,0.0,0.0,0.0,0.0,0.0,1.0,10.0,-7.79220758486325
03-15,0.0,-100.0,0.0,0.0,14.285716566504245,0.0,0.0,0.0,0.0,0.0,0.0,1.0,10.0,-7.79220758486325
03-16,0.0,-100.0,0.0,0.0,14.285716566504245,0.0,0.0,0.0,0.0,0.0,0.0,1.0,10.0,-7.79220758486325
03-17,0.0,-100.0,0.0,0.0,14.285716566504245,0.0,-49.999999999999986,0.0,0.0,0.0,0.0,1.0,10.0,-12.337662130317794
03-18,0.0,-100.0,0.0,0.0,14.285716566504245,0.0,-49.999999999999986,0.0,0.0,0.0,0.0,1.0,10.0,-12.337662130317794
03-19,0.0,-100.0,0.0,0.0,14.285716566504245,0.0,-49.999999999999986,0.0,0.0,0.0,0.0,1.0,10.0,-12.337662130317794
03-20,0.0,-100.0,0.0,0.0,14.285716566504245,0.0,-49.999999999999986,0.0,0.0,0.0,0.0,1.0,10.0,-12.337662130317794
03-21,0.0,-100.0,0.0,0.0,14.285716566504245,0.0,-49.999999999999986,0.0,0.0,0.0,0.0,1.0,10.0,-12.337662130317794
03-22,0.0,-100.0,0.0,0.0,14.285716566504245,0.0,-49.999999999999986,0.0,0.0,0.0,0.0,1.0,10.0,-12.337662130317794
03-23,0.0,-100.0,0.0,0.0,14.285716566504245,0.0,-49.999999999999986,0.0,0.0,0.0,0.0,1.0,10.0,-12.337662130317794
03-24,0.0,-100.0,0.0,0.0,14.285716566504245,0.0,-49.999999999999986,0.0,0.0,0.0,0.0,1.0,10.0,-12.337662130317794
03-25,0.0,-100.0,0.0,0.0,14.285716566504245,0.0,-49.999999999999986,0.0,0.0,0.0,0.0,1.0,10.0,-12.337662130317794
03-26,0.0,-100.0,0.0,0.0,14.285716566504245,0.0,-49.999999999999986,0.0,0.0,0.0,0.0,1.0,10.0,-12.337662130317794
03-27,0.0,-100.0,0.0,0.0,14.285716566504245,0.0,-49.999999999999986,0.0,0.0,0.0,0.0,1.0,10.0,-12.337662130317794
03-28,0.0,-100.0,0.0,0.0,14.285716566504245,0.0,-49.999999999999986,0.0,0.0,0.0,0.0,1.0,10.0,-12.337662130317794
03-29,0.0,-100.0,0.0,0.0,14.285716566504245,0.0,-49.999999999999986,0.0,0.0,0.0,0.0,1.0,10.0,-12.337662130317794
03-30,0.0,-100.0,0.0,0.0,14.285716566504245,0.0,-49.999999999999986,0.0,0.0,0.0,0.0,1.0,10.0,-12.337662130317794
03-31,0.0,-100.0,0.0,0.0,14.285716566504245,0.0,-49.999999999999986,0.0,0.0,0.0,0.0,1.0,10.0,-12.337662130317794
04-01,0.0,-100.0,0.0,0.0,14.285716566504245,0.0,-49.999999999999986,0.0,0.0,0.0,0.0,1.0,10.0,-12.337662130317794
04-02,0.0,-100.0,0.0,0.0,14.285716566504245,0.0,-49.999999999999986,0.0,0.0,0.0,0.0,1.0,10.0,-12.337662130317794
04-03,0.0,-100.0,0.0,0.0,14.285716566504245,0.0,-49.999999999999986,0.0,0.0,0.0,0.0,1.0,10.0,-12.337662130317794
04-04,0.0,-100.0,0.0,0.0,14.285716566504245,0.0,-49.999999999999986,0.0,0.0,0.0,0.0,1.0,10.0,-12.337662130317794
04-05,0.0,-100.0,0.0,0.0,14.285716566504245,0.0,-49.999999999999986,0.0,0.0,0.0,0.0,1.0,10.0,-12.337662130317794
04-06,0.0,-100.0,0.0,0.0,14.285716566504245,0.0,-49.999999999999986,0.0,0.0,25.00000000000001,0.0,2.0,9.0,-10.064934857590519
04-07,0.0,-100.0,0.0,0.0,14.285716566504245,0.0,-49.999999999999986,0.0,0.0,25.00000000000001,0.0,2.0,9.0,-10.064934857590519
04-08,0.0,-100.0,0.0,0.0,-19.999995529651724,0.0,-49.999999999999986,0.0,0.0,25.00000000000001,0.0,1.0,10.0,-13.181817775422882
04-09,0.0,-100.0,0.0,0.0,-19.999995529651724,0.0,-49.999999999999986,0.0,0.0,25.00000000000001,0.0,1.0,10.0,-13.181817775422882
04-10,0.0,-100.0,0.0,0.0,-19.999995529651724,0.0,-49.999999999999986,0.0,0.0,25.00000000000001,0.0,1.0,10.0,-13.181817775422882
04-11,0.0,-100.0,14.2857082036075,0.0,-39.9999985098839,0.0,-49.999999999999986,0.0,0.0,25.00000000000001,0.0,2.0,9.0,-13.701299118752399
04-12,0.0,-100.0,14.2857082036075,0.0,-39.9999985098839,0.0,-49.999999999999986,0.0,0.0,25.00000000000001,0.0,2.0,9.0,-13.701299118752399
04-13,0.0,-100.0,14.2857082036075,0.0,-39.9999985098839,0.0,-49.999999999999986,0.0,0.0,25.00000000000001,0.0,2.0,9.0,-13.701299118752399
04-14,0.0,-100.0,14.2857082036075,0.0,-39.9999985098839,0.0,-49.999999999999986,0.0,0.0,25.00000000000001,0.0,2.0,9.0,-13.701299118752399
04-15,0.0,0.0,14.2857082036075,0.0,-39.9999985098839,0.0,-49.999999999999986,0.0,0.0,25.00000000000001,0.0,2.0,9.0,-4.610390027843306
04-16,0.0,0.0,14.2857082036075,0.0,-39.9999985098839,0.0,-49.999999999999986,0.0,0.0,25.00000000000001,0.0,2.0,9.0,-4.610390027843306
04-17,0.0,0.0,14.2857082036075,0.0,-39.9999985098839,0.0,-49.999999999999986,0.0,0.0,25.00000000000001,0.0,2.0,9.0,-4.610390027843306
04-18,0.0,0.0,14.2857082036075,0.0,-39.9999985098839,0.0,-49.999999999999986,0.0,0.0,25.00000000000001,0.0,2.0,9.0,-4.610390027843306
04-19,0.0,0.0,14.2857082036075,0.0,-39.9999985098839,-100.0,-49.999999999999986,0.0,0.0,25.00000000000001,0.0,2.0,9.0,-13.701299118752399
04-20,0.0,0.0,14.2857082036075,0.0,-39.9999985098839,-100.0,-49.999999999999986,0.0,0.0,33.33333747254462,0.0,2.0,9.0,-12.943722984884705
04-21,0.0,0.0,14.2857082036075,0.0,-39.9999985098839,-100.0,-49.999999999999986,0.0,0.0,33.33333747254462,0.0,2.0,9.0,-12.943722984884705
04-22,0.0,0.0,14.2857082036075,0.0,-39.9999985098839,-100.0,-49.999999999999986,0.0,0.0,33.33333747254462,0.0,2.0,9.0,-12.943722984884705
04-23,0.0,0.0,14.2857082036075,0.0,-39.9999985098839,-100.0,-49.999999999999986,0.0,0.0,33.33333747254462,0.0,2.0,9.0,-12.943722984884705
04-24,0.0,0.0,14.2857082036075,0.0,-39.9999985098839,-100.0,-49.999999999999986,0.0,0.0,33.33333747254462,0.0,2.0,9.0,-12.943722984884705
04-25,0.0,0.0,14.2857082036075,0.0,-39.9999985098839,-100.0,-49.999999999999986,0.0,0.0,33.33333747254462,0.0,2.0,9.0,-12.943722984884705
04-26,0.0,0.0,14.2857082036075,0.0,-39.9999985098839,-100.0,-49.999999999999986,0.0,0.0,33.33333747254462,0.0,2.0,9.0,-12.943722984884705
04-27,0.0,0.0,14.2857082036075,0.0,-39.9999985098839,-100.0,-49.999999999999986,0.0,0.0,33.33333747254462,0.0,2.0,9.0,-12.943722984884705
04-28,0.0,0.0,14.2857082036075,0.0,-39.9999985098839,-100.0,-49.999999999999986,0.0,0.0,33.33333747254462,0.0,2.0,9.0,-12.943722984884705
04-29,0.0,0.0,14.2857082036075,0.0,-39.9999985098839,-100.0,0.0,0.0,0.0,33.33333747254462,0.0,2.0,9.0,-8.398268439430161
04-30,0.0,0.0,14.2857082036075,0.0,-39.9999985098839,-100.0,0.0,0.0,0.0,33.33333747254462,0.0,2.0,9.0,-8.398268439430161
05-01,0.0,0.0,14.2857082036075,0.0,-39.9999985098839,-100.0,0.0,0.0,0.0,33.33333747254462,0.0,2.0,9.0,-8.398268439430161
05-02,0.0,0.0,14.2857082036075,0.0,-39.9999985098839,-100.0,0.0,0.0,0.0,33.33333747254462,0.0,2.0,9.0,-8.398268439430161
05-03,0.0,0.0,14.2857082036075,0.0,-39.9999985098839,-100.0,0.0,0.0,0.0,33.33333747254462,0.0,2.0,9.0,-8.398268439430161
05-04,0.0,0.0,14.2857082036075,0.0,-39.9999985098839,-100.0,0.0,0.0,0.0,33.33333747254462,0.0,2.0,9.0,-8.398268439430161
05-05,0.0,0.0,14.2857082036075,0.0,-39.9999985098839,-100.0,0.0,0.0,0.0,33.33333747254462,0.0,2.0,9.0,-8.398268439430161
05-06,0.0,0.0,14.2857082036075,0.0,-39.9999985098839,-100.0,0.0,0.0,0.0,33.33333747254462,0.0,2.0,9.0,-8.398268439430161
05-07,0.0,0.0,14.2857082036075,0.0,-39.9999985098839,-100.0,0.0,0.0,0.0,33.33333747254462,0.0,2.0,9.0,-8.398268439430161
05-08,0.0,0.0,14.2857082036075,0.0,-39.9999985098839,-100.0,0.0,0.0,0.0,33.33333747254462,0.0,2.0,9.0,-8.398268439430161
05-09,0.0,0.0,14.2857082036075,0.0,-39.9999985098839,-100.0,0.0,0.0,0.0,33.33333747254462,0.0,2.0,9.0,-8.398268439430161
05-10,0.0,0.0,14.2857082036075,0.0,-39.9999985098839,-100.0,0.0,0.0,0.0,33.33333747254462,0.0,2.0,9.0,-8.398268439430161
05-11,0.0,0.0,14.2857082036075,0.0,-39.9999985098839,-100.0,0.0,0.0,0.0,33.33333747254462,0.0,2.0,9.0,-8.398268439430161
05-12,0.0,0.0,14.2857082036075,0.0,-39.9999985098839,-100.0,0.0,0.0,0.0,33.33333747254462,0.0,2.0,9.0,-8.398268439430161
05-13,0.0,0.0,14.2857082036075,0.0,-39.9999985098839,-100.0,0.0,0.0,0.0,33.33333747254462,0.0,2.0,9.0,-8.398268439430161
05-14,0.0,0.0,14.2857082036075,0.0,-39.9999985098839,-100.0,0.0,0.0,0.0,33.33333747254462,0.0,2.0,9.0,-8.398268439430161
05-15,0.0,0.0,14.2857082036075,0.0,-39.9999985098839,-100.0,0.0,0.0,0.0,33.33333747254462,0.0,2.0,9.0,-8.398268439430161
05-16,0.0,0.0,18.1818144873154,0.0,-39.9999985098839,-100.0,0.0,0.0,0.0,33.33333747254462,0.0,2.0,9.0,-8.044076959093081
05-17,0.0,0.0,18.1818144873154,0.0,-39.9999985098839,-100.0,0.0,0.0,0.0,11.111116630059483,0.0,2.0,9.0,-10.064278853864458
05-18,0.0,0.0,18.1818144873154,0.0,-39.9999985098839,-100.0,0.0,0.0,0.0,11.111116630059483,0.0,2.0,9.0,-10.064278853864458
05-19,0.0,0.0,18.1818144873154,0.0,-39.9999985098839,-100.0,0.0,0.0,0.0,11.111116630059483,0.0,2.0,9.0,-10.064278853864458
05-20,0.0,0.0,18.1818144873154,0.0,-39.9999985098839,-100.0,0.0,0.0,0.0,11.111116630059483,0.0,2.0,9.0,-10.064278853864458
05-21,0.0,0.0,18.1818144873154,0.0,0.0,-100.0,0.0,0.0,0.0,11.111116630059483,0.0,2.0,9.0,-6.42791535296592
05-22,0.0,0.0,18.1818144873154,0.0,0.0,-100.0,0.0,0.0,0.0,11.111116630059483,0.0,2.0,9.0,-6.42791535296592
05-23,0.0,0.0,18.1818144873154,0.0,0.0,-150.00000931322595,0.0,0.0,0.0,11.111116630059483,0.0,2.0,9.0,-10.97337074507737
05-24,0.0,0.0,4.545457008456409,0.0,0.0,-150.00000931322595,0.0,0.0,0.0,11.111116630059483,0.0,2.0,9.0,-12.213039606791824
05-25,0.0,0.0,4.545457008456409,0.0,0.0,-150.00000931322595,0.0,0.0,0.0,11.111116630059483,0.0,2.0,9.0,-12.213039606791824
05-26,0.0,0.0,4.545457008456409,0.0,0.0,-150.00000931322595,0.0,0.0,0.0,11.111116630059483,0.0,2.0,9.0,-12.213039606791824
05-27,0.0,0.0,4.545457008456409,0.0,0.0,-150.00000931322595,0.0,0.0,0.0,11.111116630059483,0.0,2.0,9.0,-12.213039606791824
05-28,0.0,0.0,4.545457008456409,0.0,0.0,-150.00000931322595,0.0,0.0,0.0,11.111116630059483,0.0,2.0,9.0,-12.213039606791824
05-29,0.0,0.0,4.545457008456409,0.0,0.0,-150.00000931322595,0.0,0.0,0.0,11.111116630059483,0.0,2.0,9.0,-12.213039606791824
05-30,0.0,0.0,4.545457008456409,0.0,0.0,-25.00000465661298,0.0,0.0,0.0,11.111116630059483,0.0,2.0,9.0,-0.8494028198270079
05-31,0.0,0.0,4.545457008456409,0.0,0.0,-25.00000465661298,0.0,0.0,0.0,0.0,0.0,1.0,10.0,-1.8595043316505973
06-01,0.0,0.0,4.545457008456409,0.0,-11.111108351636926,-25.00000465661298,0.0,0.0,0.0,0.0,0.0,1.0,10.0,-2.8696050908903175
06-02,0.0,0.0,4.545457008456409,0.0,-11.111108351636926,-25.00000465661298,0.0,0.0,0.0,0.0,0.0,1.0,10.0,-2.8696050908903175
06-03,0.0,0.0,4.545457008456409,0.0,-11.111108351636926,-25.00000465661298,0.0,0.0,0.0,0.0,0.0,1.0,10.0,-2.8696050908903175
06-04,0.0,0.0,4.545457008456409,0.0,-11.111108351636926,-25.00000465661298,0.0,0.0,0.0,0.0,0.0,1.0,10.0,-2.8696050908903175
06-05,0.0,0.0,4.545457008456409,0.0,-11.111108351636926,-25.00000465661298,0.0,0.0,0.0,0.0,0.0,1.0,10.0,-2.8696050908903175
06-06,0.0,0.0,4.545457008456409,0.0,-11.111108351636926,-25.00000465661298,0.0,0.0,0.0,0.0,0.0,1.0,10.0,-2.8696050908903175
06-07,0.0,0.0,4.545457008456409,0.0,-11.111108351636926,-25.00000465661298,0.0,0.0,0.0,0.0,0.0,1.0,10.0,-2.8696050908903175
06-08,0.0,0.0,4.545457008456409,0.0,-11.111108351636926,-25.00000465661298,60.0000014901161,0.0,0.0,0.0,0.0,2.0,9.0,2.5849404991202367
06-09,0.0,0.0,4.545457008456409,0.0,-25.00000465661298,-25.00000465661298,60.0000014901161,0.0,0.0,0.0,0.0,2.0,9.0,1.3223135623042317
06-10,0.0,0.0,4.545457008456409,0.0,-25.00000465661298,-25.00000465661298,60.0000014901161,0.0,0.0,0.0,0.0,2.0,9.0,1.3223135623042317
06-11,0.0,0.0,4.545457008456409,0.0,-25.00000465661298,-25.00000465661298,60.0000014901161,0.0,0.0,0.0,0.0,2.0,9.0,1.3223135623042317
06-12,0.0,0.0,4.545457008456409,0.0,-25.00000465661298,-25.00000465661298,60.0000014901161,0.0,0.0,0.0,0.0,2.0,9.0,1.3223135623042317
06-13,0.0,0.0,4.545457008456409,0.0,-25.00000465661298,-25.00000465661298,60.0000014901161,0.0,0.0,0.0,0.0,2.0,9.0,1.3223135623042317
06-14,0.0,0.0,4.545457008456409,0.0,-25.00000465661298,-25.00000465661298,60.0000014901161,0.0,0.0,0.0,0.0,2.0,9.0,1.3223135623042317
06-15,0.0,0.0,4.545457008456409,0.0,-25.00000465661298,-25.00000465661298,60.0000014901161,0.0,0.0,0.0,0.0,2.0,9.0,1.3223135623042317
06-16,0.0,0.0,4.545457008456409,0.0,-25.00000465661298,-25.00000465661298,60.0000014901161,0.0,0.0,0.0,0.0,2.0,9.0,1.3223135623042317
06-17,0.0,0.0,4.545457008456409,0.0,-25.00000465661298,-25.00000465661298,60.0000014901161,0.0,0.0,0.0,0.0,2.0,9.0,1.3223135623042317
06-18,0.0,0.0,4.545457008456409,0.0,-25.00000465661298,-25.00000465661298,60.0000014901161,0.0,0.0,0.0,0.0,2.0,9.0,1.3223135623042317
06-19,0.0,0.0,4.545457008456409,0.0,-25.00000465661298,-25.00000465661298,60.0000014901161,0.0,0.0,0.0,0.0,2.0,9.0,1.3223135623042317
06-20,0.0,0.0,4.545457008456409,0.0,-25.00000465661298,-25.00000465661298,60.0000014901161,0.0,0.0,0.0,0.0,2.0,9.0,1.3223135623042317
06-21,0.0,0.0,4.545457008456409,0.0,-25.00000465661298,-25.00000465661298,60.0000014901161,0.0,0.0,0.0,0.0,2.0,9.0,1.3223135623042317
06-22,0.0,0.0,4.545457008456409,0.0,-25.00000465661298,-25.00000465661298,60.0000014901161,0.0,0.0,0.0,0.0,2.0,9.0,1.3223135623042317
06-23,0.0,0.0,4.545457008456409,0.0,-25.00000465661298,-25.00000465661298,60.0000014901161,0.0,0.0,0.0,0.0,2.0,9.0,1.3223135623042317
06-24,0.0,0.0,4.545457008456409,0.0,-25.00000465661298,-25.00000465661298,60.0000014901161,0.0,0.0,0.0,0.0,2.0,9.0,1.3223135623042317
06-25,0.0,0.0,4.545457008456409,0.0,-25.00000465661298,-25.00000465661298,60.0000014901161,0.0,0.0,0.0,0.0,2.0,9.0,1.3223135623042317
06-26,0.0,0.0,4.545457008456409,0.0,-25.00000465661298,-25.00000465661298,60.0000014901161,0.0,0.0,0.0,0.0,2.0,9.0,1.3223135623042317
06-27,0.0,0.0,4.545457008456409,0.0,-25.00000465661298,-25.00000465661298,60.0000014901161,0.0,0.0,0.0,0.0,2.0,9.0,1.3223135623042317
06-28,81.66666749450893,0.0,0.0,0.0,-25.00000465661298,-25.00000465661298,60.0000014901161,0.0,0.0,0.0,0.0,2.0,9.0,8.333332697399914
06-29,81.66666749450893,0.0,0.0,0.0,-25.00000465661298,-25.00000465661298,60.0000014901161,0.0,0.0,0.0,0.0,2.0,9.0,8.333332697399914
06-30,75.55555504045367,0.0,0.0,0.0,-25.00000465661298,-25.00000465661298,60.0000014901161,0.0,0.0,0.0,0.0,2.0,9.0,7.7777770197585285
07-01,75.55555504045367,0.0,0.0,0.0,-25.00000465661298,-25.00000465661298,60.0000014901161,0.0,0.0,0.0,0.0,2.0,9.0,7.7777770197585285
07-02,75.55555504045367,0.0,0.0,0.0,-25.00000465661298,0.0,60.0000014901161,0.0,0.0,0.0,0.0,2.0,9.0,10.050504715814254
07-03,75.55555504045367,0.0,0.0,0.0,-25.00000465661298,0.0,60.0000014901161,0.0,0.0,0.0,0.0,2.0,9.0,10.050504715814254
07-05,75.55555504045367,0.0,0.0,0.0,-25.00000465661298,0.0,60.0000014901161,0.0,0.0,0.0,0.0,2.0,9.0,10.050504715814254
07-06,81.66666749450893,0.0,0.0,0.0,-25.00000465661298,0.0,60.0000014901161,0.0,0.0,0.0,0.0,2.0,9.0,10.60606039345564
07-07,81.66666749450893,0.0,0.0,0.0,-25.00000465661298,0.0,60.0000014901161,0.0,0.0,0.0,0.0,2.0,9.0,10.60606039345564
07-08,81.66666749450893,0.0,0.0,0.0,-25.00000465661298,0.0,60.0000014901161,0.0,0.0,0.0,0.0,2.0,9.0,10.60606039345564
07-09,81.66666749450893,0.0,0.0,0.0,-25.00000465661298,0.0,60.0000014901161,0.0,0.0,0.0,0.0,2.0,9.0,10.60606039345564
07-10,81.66666749450893,0.0,0.0,0.0,-25.00000465661298,0.0,60.0000014901161,0.0,0.0,0.0,0.0,2.0,9.0,10.60606039345564
07-11,81.66666749450893,0.0,0.0,0.0,-25.00000465661298,0.0,60.0000014901161,0.0,0.0,0.0,0.0,2.0,9.0,10.60606039345564
07-12,81.66666749450893,0.0,0.0,0.0,-12.500006984919466,0.0,60.0000014901161,0.0,0.0,0.0,0.0,2.0,9.0,11.74242381815505
07-13,81.66666749450893,0.0,0.0,0.0,-12.500006984919466,0.0,60.0000014901161,0.0,0.0,0.0,0.0,2.0,9.0,11.74242381815505
07-14,81.66666749450893,0.0,0.0,0.0,-12.500006984919466,0.0,60.0000014901161,0.0,0.0,0.0,0.0,2.0,9.0,11.74242381815505
07-15,81.66666749450893,0.0,0.0,0.0,-12.500006984919466,0.0,60.0000014901161,0.0,0.0,0.0,0.0,2.0,9.0,11.74242381815505
07-16,81.66666749450893,-13.636364252114102,0.0,0.0,-12.500006984919466,0.0,60.0000014901161,0.0,0.0,0.0,0.0,2.0,9.0,10.502754340690132
07-17,81.66666749450893,-13.636364252114102,0.0,0.0,-12.500006984919466,0.0,60.0000014901161,0.0,0.0,0.0,0.0,2.0,9.0,10.502754340690132
07-18,81.66666749450893,-13.636364252114102,0.0,0.0,-12.500006984919466,0.0,60.0000014901161,0.0,0.0,0.0,0.0,2.0,9.0,10.502754340690132
07-19,81.66666749450893,-13.636364252114102,0.0,0.0,-12.500006984919466,0.0,60.0000014901161,0.0,0.0,0.0,0.0,2.0,9.0,10.502754340690132
07-20,78.00000011920929,-13.636364252114102,0.0,0.0,0.0,0.0,60.0000014901161,0.0,0.0,0.0,0.0,2.0,9.0,11.305785214291934
07-21,78.00000011920929,-13.636364252114102,0.0,0.0,0.0,0.0,0.0,0.0,0.0,0.0,0.0,1.0,10.0,5.85123962428138
07-22,78.00000011920929,-13.636364252114102,0.0,0.0,0.0,0.0,0.0,0.0,0.0,0.0,0.0,1.0,10.0,5.85123962428138
07-23,78.00000011920929,-13.636364252114102,0.0,0.0,0.0,0.0,0.0,0.0,0.0,0.0,0.0,1.0,10.0,5.85123962428138
07-24,78.00000011920929,-13.636364252114102,0.0,0.0,0.0,0.0,0.0,0.0,0.0,0.0,0.0,1.0,10.0,5.85123962428138
07-25,78.00000011920929,-13.636364252114102,0.0,0.0,0.0,0.0,0.0,0.0,0.0,0.0,0.0,1.0,10.0,5.85123962428138
07-26,78.00000011920929,-13.636364252114102,0.0,0.0,0.0,0.0,0.0,0.0,0.0,0.0,0.0,1.0,10.0,5.85123962428138
07-27,78.00000011920929,-13.636364252114102,0.0,0.0,0.0,0.0,0.0,0.0,0.0,0.0,0.0,1.0,10.0,5.85123962428138
07-28,78.00000011920929,-13.636364252114102,0.0,0.0,0.0,0.0,0.0,0.0,0.0,0.0,0.0,1.0,10.0,5.85123962428138
07-29,78.00000011920929,-13.636364252114102,0.0,0.0,0.0,-33.33333333333335,0.0,0.0,0.0,0.0,0.0,1.0,10.0,2.8209365939783484
07-30,78.00000011920929,-13.636364252114102,0.0,0.0,0.0,-33.33333333333335,0.0,0.0,0.0,0.0,0.0,1.0,10.0,2.8209365939783484
07-31,78.00000011920929,-13.636364252114102,0.0,0.0,0.0,-33.33333333333335,0.0,0.0,0.0,0.0,0.0,1.0,10.0,2.8209365939783484
08-01,78.00000011920929,-13.636364252114102,0.0,0.0,0.0,-33.33333333333335,0.0,0.0,0.0,0.0,0.0,1.0,10.0,2.8209365939783484
08-02,78.00000011920929,-13.636364252114102,0.0,0.0,0.0,-33.33333333333335,0.0,0.0,0.0,0.0,0.0,1.0,10.0,2.8209365939783484
08-03,78.00000011920929,-108.33333798994629,0.0,0.0,0.0,-33.33333333333335,0.0,0.0,0.0,0.0,0.0,1.0,10.0,-5.787879200370032
08-04,78.00000011920929,-108.33333798994629,0.0,0.0,0.0,-33.33333333333335,0.0,0.0,0.0,0.0,0.0,1.0,10.0,-5.787879200370032
08-05,78.00000011920929,-108.33333798994629,0.0,0.0,0.0,-33.33333333333335,0.0,0.0,0.0,0.0,0.0,1.0,10.0,-5.787879200370032
08-06,78.00000011920929,-108.33333798994629,0.0,0.0,0.0,-33.33333333333335,0.0,0.0,0.0,0.0,0.0,1.0,10.0,-5.787879200370032
08-07,78.00000011920929,-108.33333798994629,0.0,0.0,0.0,-33.33333333333335,0.0,0.0,0.0,0.0,0.0,1.0,10.0,-5.787879200370032
08-08,-20.000004768371582,-108.33333798994629,0.0,0.0,0.0,-33.33333333333335,0.0,0.0,0.0,0.0,0.0,0.0,11.0,-14.696970553786475
08-09,-20.000004768371582,-108.33333798994629,0.0,0.0,0.0,-33.33333333333335,0.0,0.0,0.0,0.0,0.0,0.0,11.0,-14.696970553786475
08-10,-20.000004768371582,-108.33333798994629,0.0,0.0,0.0,-33.33333333333335,0.0,0.0,0.0,0.0,0.0,0.0,11.0,-14.696970553786475
08-11,-20.000004768371582,-108.33333798994629,0.0,0.0,0.0,-33.33333333333335,0.0,0.0,0.0,0.0,0.0,0.0,11.0,-14.696970553786475
08-12,10.000002384185791,-108.33333798994629,0.0,0.0,0.0,-33.33333333333335,0.0,0.0,0.0,0.0,0.0,1.0,10.0,-11.96969717628126
08-13,10.000002384185791,-108.33333798994629,0.0,0.0,0.0,-33.33333333333335,0.0,0.0,0.0,0.0,0.0,1.0,10.0,-11.96969717628126
08-14,10.000002384185791,-108.33333798994629,0.0,0.0,0.0,-33.33333333333335,0.0,0.0,0.0,0.0,0.0,1.0,10.0,-11.96969717628126
08-15,10.000002384185791,-108.33333798994629,0.0,0.0,0.0,-33.33333333333335,0.0,0.0,0.0,0.0,0.0,1.0,10.0,-11.96969717628126
08-16,10.000002384185791,-108.33333798994629,0.0,0.0,0.0,-33.33333333333335,0.0,0.0,0.0,0.0,0.0,1.0,10.0,-11.96969717628126
08-17,10.000002384185791,-108.33333798994629,0.0,0.0,0.0,-33.33333333333335,0.0,0.0,0.0,0.0,0.0,1.0,10.0,-11.96969717628126
08-18,-20.000004768371582,-108.33333798994629,0.0,0.0,0.0,-33.33333333333335,0.0,0.0,0.0,0.0,0.0,0.0,11.0,-14.696970553786475
08-19,-20.000004768371582,-108.33333798994629,0.0,0.0,0.0,-33.33333333333335,0.0,0.0,0.0,0.0,0.0,0.0,11.0,-14.696970553786475
08-20,-20.000004768371582,-108.33333798994629,0.0,0.0,0.0,-33.33333333333335,0.0,0.0,0.0,0.0,0.0,0.0,11.0,-14.696970553786475
08-21,-20.000004768371582,-108.33333798994629,0.0,0.0,0.0,-33.33333333333335,0.0,0.0,0.0,0.0,0.0,0.0,11.0,-14.696970553786475
08-22,-20.000004768371582,-108.33333798994629,0.0,0.0,0.0,-33.33333333333335,0.0,0.0,0.0,0.0,0.0,0.0,11.0,-14.696970553786475
08-23,-20.000004768371582,-108.33333798994629,0.0,0.0,0.0,-33.33333333333335,0.0,0.0,0.0,0.0,0.0,0.0,11.0,-14.696970553786475
08-24,-20.000004768371582,-108.33333798994629,0.0,0.0,0.0,-33.33333333333335,0.0,0.0,0.0,0.0,0.0,0.0,11.0,-14.696970553786475
08-25,-20.000004768371582,-108.33333798994629,0.0,0.0,0.0,-33.33333333333335,0.0,0.0,0.0,0.0,0.0,0.0,11.0,-14.696970553786475
08-26,-20.000004768371582,-83.33333643774196,0.0,0.0,0.0,-33.33333333333335,0.0,0.0,0.0,0.0,0.0,0.0,11.0,-12.424243139949716
08-27,-20.000004768371582,-83.33333643774196,0.0,0.0,0.0,-33.33333333333335,0.0,0.0,0.0,0.0,0.0,0.0,11.0,-12.424243139949716
08-28,-20.000004768371582,-83.33333643774196,0.0,0.0,0.0,-33.33333333333335,0.0,0.0,0.0,0.0,0.0,0.0,11.0,-12.424243139949716
08-29,-20.000004768371582,-83.33333643774196,0.0,0.0,0.0,-33.33333333333335,0.0,0.0,0.0,0.0,0.0,0.0,11.0,-12.424243139949716
08-30,16.666666666666664,-83.33333643774196,0.0,0.0,0.0,-33.33333333333335,0.0,0.0,0.0,0.0,0.0,1.0,10.0,-9.090909373128058
08-31,16.666666666666664,-83.33333643774196,0.0,0.0,0.0,-33.33333333333335,0.0,0.0,0.0,0.0,0.0,1.0,10.0,-9.090909373128058
09-01,30.555558315029742,-83.33333643774196,0.0,0.0,0.0,-33.33333333333335,0.0,0.0,0.0,0.0,0.0,1.0,10.0,-7.828282859640506
09-02,30.555558315029742,-83.33333643774196,0.0,0.0,0.0,-33.33333333333335,0.0,0.0,0.0,0.0,0.0,1.0,10.0,-7.828282859640506
09-03,30.555558315029742,-83.33333643774196,0.0,0.0,0.0,-33.33333333333335,0.0,0.0,0.0,0.0,0.0,1.0,10.0,-7.828282859640506
09-04,30.555558315029742,-83.33333643774196,0.0,0.0,0.0,-33.33333333333335,0.0,0.0,0.0,0.0,0.0,1.0,10.0,-7.828282859640506
09-05,30.555558315029742,-83.33333643774196,0.0,0.0,0.0,-33.33333333333335,0.0,0.0,0.0,0.0,0.0,1.0,10.0,-7.828282859640506
09-06,30.555558315029742,-83.33333643774196,0.0,0.0,0.0,-33.33333333333335,0.0,0.0,0.0,0.0,0.0,1.0,10.0,-7.828282859640506
09-07,30.555558315029742,-83.33333643774196,0.0,0.0,0.0,-33.33333333333335,0.0,0.0,0.0,0.0,0.0,1.0,10.0,-7.828282859640506
09-08,30.555558315029742,-83.33333643774196,0.0,0.0,0.0,-33.33333333333335,0.0,0.0,0.0,0.0,0.0,1.0,10.0,-7.828282859640506
09-09,30.555558315029742,-83.33333643774196,0.0,0.0,0.0,-33.33333333333335,0.0,0.0,0.0,0.0,0.0,1.0,10.0,-7.828282859640506
09-10,30.555558315029742,-83.33333643774196,0.0,0.0,0.0,0.0,0.0,0.0,0.0,0.0,0.0,1.0,10.0,-4.797979829337475
09-11,30.555558315029742,-83.33333643774196,0.0,0.0,0.0,0.0,0.0,0.0,0.0,0.0,0.0,1.0,10.0,-4.797979829337475
09-12,30.555558315029742,-83.33333643774196,0.0,0.0,0.0,0.0,0.0,0.0,0.0,0.0,0.0,1.0,10.0,-4.797979829337475
09-13,30.555558315029742,-83.33333643774196,0.0,0.0,0.0,0.0,0.0,0.0,0.0,0.0,0.0,1.0,10.0,-4.797979829337475
09-14,30.555558315029742,-83.33333643774196,0.0,0.0,0.0,0.0,0.0,0.0,0.0,0.0,0.0,1.0,10.0,-4.797979829337475
09-15,30.555558315029742,0.0,0.0,0.0,0.0,0.0,0.0,0.0,0.0,0.0,0.0,1.0,10.0,2.7777780286390676
09-16,30.555558315029742,0.0,0.0,0.0,0.0,0.0,0.0,0.0,0.0,0.0,0.0,1.0,10.0,2.7777780286390676
09-17,30.555558315029742,0.0,0.0,0.0,0.0,0.0,0.0,0.0,0.0,0.0,0.0,1.0,10.0,2.7777780286390676
09-18,30.555558315029742,0.0,0.0,0.0,0.0,0.0,0.0,0.0,0.0,0.0,0.0,1.0,10.0,2.7777780286390676
09-19,30.555558315029742,0.0,0.0,0.0,0.0,0.0,0.0,0.0,0.0,0.0,0.0,1.0,10.0,2.7777780286390676
09-20,30.555558315029742,0.0,0.0,0.0,0.0,0.0,0.0,0.0,0.0,0.0,0.0,1.0,10.0,2.7777780286390676
09-21,30.555558315029742,0.0,0.0,0.0,0.0,0.0,0.0,0.0,0.0,0.0,0.0,1.0,10.0,2.7777780286390676
09-22,30.555558315029742,0.0,0.0,0.0,0.0,0.0,0.0,0.0,0.0,0.0,0.0,1.0,10.0,2.7777780286390676
09-23,30.555558315029742,0.0,0.0,0.0,0.0,0.0,0.0,0.0,0.0,0.0,0.0,1.0,10.0,2.7777780286390676
09-24,30.555558315029742,0.0,0.0,0.0,0.0,0.0,0.0,0.0,0.0,0.0,0.0,1.0,10.0,2.7777780286390676
09-25,30.555558315029742,0.0,0.0,0.0,0.0,0.0,0.0,0.0,0.0,0.0,0.0,1.0,10.0,2.7777780286390676
09-26,30.555558315029742,0.0,0.0,0.0,0.0,0.0,0.0,0.0,0.0,0.0,0.0,1.0,10.0,2.7777780286390676
09-27,30.555558315029742,0.0,0.0,0.0,0.0,0.0,0.0,0.0,0.0,0.0,0.0,1.0,10.0,2.7777780286390676
09-28,30.555558315029742,0.0,0.0,0.0,0.0,0.0,0.0,0.0,0.0,0.0,0.0,1.0,10.0,2.7777780286390676
09-29,30.555558315029742,0.0,0.0,0.0,0.0,0.0,0.0,0.0,0.0,0.0,0.0,1.0,10.0,2.7777780286390676
09-30,30.555558315029742,0.0,0.0,0.0,0.0,0.0,0.0,0.0,0.0,0.0,0.0,1.0,10.0,2.7777780286390676
10-01,30.555558315029742,0.0,0.0,0.0,0.0,0.0,0.0,0.0,0.0,0.0,0.0,1.0,10.0,2.7777780286390676
10-02,30.555558315029742,0.0,0.0,0.0,0.0,0.0,0.0,0.0,0.0,0.0,0.0,1.0,10.0,2.7777780286390676
10-03,30.555558315029742,0.0,0.0,0.0,0.0,0.0,0.0,0.0,0.0,0.0,0.0,1.0,10.0,2.7777780286390676
10-04,30.555558315029742,40.000002235174136,0.0,0.0,0.0,0.0,0.0,0.0,0.0,0.0,0.0,2.0,9.0,6.414141868200352
10-05,30.555558315029742,40.000002235174136,0.0,0.0,0.0,0.0,0.0,0.0,0.0,0.0,0.0,2.0,9.0,6.414141868200352
10-06,30.555558315029742,40.000002235174136,0.0,0.0,0.0,0.0,0.0,0.0,0.0,-350.00002793967786,0.0,2.0,9.0,-25.40404248995218
10-07,30.555558315029742,40.000002235174136,0.0,0.0,0.0,0.0,0.0,0.0,0.0,-350.00002793967786,0.0,2.0,9.0,-25.40404248995218
10-08,30.555558315029742,40.000002235174136,0.0,0.0,0.0,0.0,0.0,0.0,0.0,-350.00002793967786,0.0,2.0,9.0,-25.40404248995218
10-09,30.555558315029742,40.000002235174136,0.0,0.0,0.0,0.0,0.0,0.0,0.0,-350.00002793967786,0.0,2.0,9.0,-25.40404248995218
10-10,0.0,40.000002235174136,0.0,0.0,0.0,0.0,0.0,0.0,0.0,-350.00002793967786,0.0,1.0,9.0,-28.18182051859125
10-11,0.0,40.000002235174136,0.0,0.0,0.0,0.0,0.0,0.0,0.0,-350.00002793967786,0.0,1.0,9.0,-28.18182051859125
10-12,0.0,40.000002235174136,0.0,0.0,0.0,0.0,0.0,0.0,0.0,-350.00002793967786,0.0,1.0,9.0,-28.18182051859125
10-13,0.0,40.000002235174136,0.0,0.0,0.0,0.0,0.0,0.0,0.0,-350.00002793967786,0.0,1.0,9.0,-28.18182051859125
10-14,0.0,40.000002235174136,0.0,0.0,0.0,0.0,0.0,0.0,0.0,-350.00002793967786,0.0,1.0,9.0,-28.18182051859125
10-15,0.0,40.000002235174136,0.0,0.0,0.0,0.0,0.0,0.0,0.0,-350.00002793967786,0.0,1.0,9.0,-28.18182051859125
10-16,0.0,40.000002235174136,0.0,0.0,0.0,0.0,0.0,0.0,0.0,-350.00002793967786,0.0,1.0,9.0,-28.18182051859125
10-17,0.0,40.000002235174136,0.0,0.0,0.0,0.0,0.0,0.0,0.0,-350.00002793967786,0.0,1.0,9.0,-28.18182051859125
10-18,0.0,40.000002235174136,0.0,0.0,0.0,0.0,0.0,0.0,0.0,-350.00002793967786,0.0,1.0,9.0,-28.18182051859125
10-19,0.0,40.000002235174136,0.0,0.0,0.0,0.0,0.0,0.0,0.0,-350.00002793967786,0.0,1.0,9.0,-28.18182051859125
10-20,0.0,40.000002235174136,0.0,0.0,0.0,0.0,0.0,0.0,0.0,-350.00002793967786,0.0,1.0,9.0,-28.18182051859125
10-21,0.0,40.000002235174136,0.0,0.0,0.0,0.0,0.0,0.0,0.0,-350.00002793967786,0.0,1.0,9.0,-28.18182051859125
10-22,0.0,40.000002235174136,0.0,0.0,0.0,0.0,0.0,0.0,0.0,-350.00002793967786,0.0,1.0,9.0,-28.18182051859125
10-23,0.0,40.000002235174136,0.0,0.0,0.0,0.0,0.0,0.0,0.0,-350.00002793967786,0.0,1.0,9.0,-28.18182051859125
10-24,0.0,40.000002235174136,0.0,0.0,0.0,0.0,0.0,0.0,0.0,-350.00002793967786,0.0,1.0,9.0,-28.18182051859125
10-25,0.0,40.000002235174136,0.0,0.0,0.0,0.0,0.0,0.0,0.0,-350.00002793967786,0.0,1.0,9.0,-28.18182051859125
10-26,0.0,40.000002235174136,0.0,0.0,0.0,0.0,0.0,0.0,0.0,-350.00002793967786,0.0,1.0,9.0,-28.18182051859125
10-27,0.0,40.000002235174136,0.0,0.0,0.0,0.0,0.0,0.0,0.0,-350.00002793967786,0.0,1.0,9.0,-28.18182051859125
10-28,0.0,40.000002235174136,0.0,0.0,0.0,0.0,0.0,0.0,0.0,-350.00002793967786,0.0,1.0,9.0,-28.18182051859125
10-29,0.0,40.000002235174136,0.0,0.0,0.0,0.0,0.0,0.0,0.0,-350.00002793967786,0.0,1.0,9.0,-28.18182051859125
10-30,0.0,40.000002235174136,0.0,0.0,0.0,0.0,0.0,0.0,0.0,-350.00002793967786,0.0,1.0,9.0,-28.18182051859125
10-31,0.0,40.000002235174136,0.0,0.0,0.0,0.0,0.0,0.0,0.0,-350.00002793967786,0.0,1.0,9.0,-28.18182051859125
11-01,-33.33333333333333,40.000002235174136,0.0,0.0,0.0,0.0,0.0,0.0,0.0,-350.00002793967786,0.0,1.0,9.0,-31.21212354889428
11-02,-33.33333333333333,40.000002235174136,0.0,0.0,0.0,0.0,0.0,0.0,0.0,-350.00002793967786,0.0,1.0,9.0,-31.21212354889428
11-03,-33.33333333333333,40.000002235174136,0.0,0.0,0.0,0.0,0.0,0.0,0.0,-350.00002793967786,0.0,1.0,9.0,-31.21212354889428
11-04,-33.33333333333333,40.000002235174136,0.0,0.0,0.0,0.0,0.0,0.0,0.0,-350.00002793967786,0.0,1.0,9.0,-31.21212354889428
11-05,-33.33333333333333,40.000002235174136,0.0,0.0,0.0,0.0,0.0,0.0,0.0,-350.00002793967786,0.0,1.0,9.0,-31.21212354889428
11-06,-33.33333333333333,40.000002235174136,0.0,0.0,0.0,0.0,0.0,0.0,0.0,-350.00002793967786,0.0,1.0,9.0,-31.21212354889428
11-07,-33.33333333333333,40.000002235174136,0.0,0.0,0.0,0.0,0.0,0.0,0.0,-350.00002793967786,0.0,1.0,9.0,-31.21212354889428
11-08,-33.33333333333333,42.85714235030062,0.0,0.0,0.0,0.0,0.0,0.0,0.0,-350.00002793967786,0.0,1.0,9.0,-30.952383538428236
11-09,-33.33333333333333,42.85714235030062,0.0,0.0,0.0,0.0,0.0,0.0,0.0,-350.00002793967786,0.0,1.0,9.0,-30.952383538428236
11-10,-33.33333333333333,42.85714235030062,0.0,0.0,0.0,0.0,0.0,0.0,0.0,-350.00002793967786,0.0,1.0,9.0,-30.952383538428236
11-11,-33.33333333333333,42.85714235030062,0.0,0.0,0.0,0.0,0.0,0.0,0.0,-350.00002793967786,0.0,1.0,9.0,-30.952383538428236
11-12,-33.33333333333333,42.85714235030062,0.0,0.0,0.0,0.0,0.0,0.0,0.0,-350.00002793967786,0.0,1.0,9.0,-30.952383538428236
11-13,-33.33333333333333,42.85714235030062,0.0,0.0,0.0,0.0,0.0,0.0,0.0,-350.00002793967786,0.0,1.0,9.0,-30.952383538428236
11-14,-33.33333333333333,42.85714235030062,0.0,0.0,0.0,0.0,0.0,0.0,0.0,-350.00002793967786,0.0,1.0,9.0,-30.952383538428236
11-15,-33.33333333333333,42.85714235030062,0.0,0.0,0.0,0.0,0.0,0.0,0.0,-350.00002793967786,0.0,1.0,9.0,-30.952383538428236
11-16,-33.33333333333333,4.761900369272073,0.0,0.0,0.0,0.0,0.0,0.0,0.0,0.0,0.0,1.0,9.0,-2.5974029967328414
11-17,-33.33333333333333,4.761900369272073,0.0,0.0,0.0,0.0,0.0,0.0,0.0,0.0,0.0,1.0,9.0,-2.5974029967328414
11-18,-33.33333333333333,4.761900369272073,0.0,0.0,0.0,0.0,0.0,0.0,0.0,0.0,0.0,1.0,9.0,-2.5974029967328414
11-19,-33.33333333333333,4.761900369272073,0.0,0.0,0.0,0.0,0.0,0.0,0.0,0.0,0.0,1.0,9.0,-2.5974029967328414
11-20,-33.33333333333333,4.761900369272073,0.0,0.0,0.0,0.0,0.0,0.0,0.0,0.0,0.0,1.0,9.0,-2.5974029967328414
11-21,-33.33333333333333,-5.263160784158717,0.0,0.0,0.0,0.0,0.0,0.0,0.0,0.0,0.0,0.0,10.0,-3.5087721924992765
11-22,-33.33333333333333,-5.263160784158717,0.0,0.0,0.0,0.0,0.0,0.0,0.0,0.0,0.0,0.0,10.0,-3.5087721924992765
11-23,-33.33333333333333,-5.263160784158717,0.0,0.0,0.0,0.0,0.0,0.0,0.0,0.0,0.0,0.0,10.0,-3.5087721924992765
11-24,-33.33333333333333,-5.263160784158717,0.0,0.0,0.0,0.0,0.0,0.0,0.0,0.0,0.0,0.0,10.0,-3.5087721924992765
11-25,-33.33333333333333,-5.263160784158717,0.0,0.0,0.0,0.0,0.0,0.0,0.0,0.0,0.0,0.0,10.0,-3.5087721924992765
11-26,-33.33333333333333,-5.263160784158717,0.0,0.0,0.0,0.0,0.0,0.0,0.0,0.0,0.0,0.0,10.0,-3.5087721924992765
11-27,-33.33333333333333,-5.263160784158717,0.0,0.0,0.0,0.0,0.0,0.0,0.0,0.0,0.0,0.0,10.0,-3.5087721924992765
11-28,-33.33333333333333,-5.263160784158717,0.0,0.0,0.0,0.0,0.0,0.0,0.0,0.0,0.0,0.0,10.0,-3.5087721924992765
11-29,-44.0000057220459,-5.263160784158717,0.0,0.0,0.0,0.0,0.0,0.0,0.0,0.0,0.0,0.0,10.0,-4.478469682382237
11-30,-44.0000057220459,-5.263160784158717,0.0,0.0,0.0,0.0,0.0,0.0,0.0,0.0,0.0,0.0,10.0,-4.478469682382237
12-01,-60.00001059638157,-5.263160784158717,0.0,0.0,0.0,0.0,0.0,0.0,0.0,0.0,0.0,0.0,10.0,-5.9330155800491164
12-02,-60.00001059638157,-5.263160784158717,0.0,0.0,-14.285711244660995,0.0,0.0,0.0,0.0,0.0,0.0,0.0,10.0,-7.231716602291026
12-03,-60.00001059638157,-5.263160784158717,0.0,0.0,-14.285711244660995,0.0,0.0,0.0,0.0,0.0,0.0,0.0,10.0,-7.231716602291026
12-04,-60.00001059638157,-5.263160784158717,0.0,0.0,-14.285711244660995,0.0,0.0,0.0,0.0,0.0,0.0,0.0,10.0,-7.231716602291026
12-05,-60.00001059638157,-5.263160784158717,0.0,0.0,-14.285711244660995,0.0,0.0,0.0,0.0,0.0,0.0,0.0,10.0,-7.231716602291026
12-06,-50.00000931322594,-5.263160784158717,0.0,0.0,-14.285711244660995,0.0,0.0,0.0,0.0,0.0,0.0,0.0,10.0,-6.322625576549604
12-07,-50.00000931322594,-5.263160784158717,0.0,0.0,-14.285711244660995,0.0,0.0,0.0,0.0,0.0,0.0,0.0,10.0,-6.322625576549604
12-08,-44.0000057220459,-5.263160784158717,0.0,0.0,-14.285711244660995,0.0,0.0,0.0,0.0,0.0,0.0,0.0,10.0,-5.7771707046241465
12-09,-44.0000057220459,-5.263160784158717,0.0,0.0,-14.285711244660995,0.0,0.0,0.0,-25.00000465661298,0.0,0.0,0.0,10.0,-8.049898400679872
12-10,-44.0000057220459,-5.263160784158717,0.0,0.0,-14.285711244660995,0.0,0.0,0.0,-25.00000465661298,0.0,0.0,0.0,10.0,-8.049898400679872
12-11,-44.0000057220459,-5.263160784158717,0.0,0.0,-14.285711244660995,0.0,0.0,0.0,-25.00000465661298,0.0,0.0,0.0,10.0,-8.049898400679872
12-12,-8.000004291534424,-5.263160784158717,0.0,0.0,-14.285711244660995,0.0,0.0,0.0,-25.00000465661298,0.0,0.0,0.0,10.0,-4.777170997906101
12-13,-8.000004291534424,-5.263160784158717,0.0,0.0,-14.285711244660995,0.0,0.0,0.0,-25.00000465661298,0.0,0.0,0.0,10.0,-4.777170997906101
12-14,-8.000004291534424,-5.263160784158717,0.0,0.0,-14.285711244660995,0.0,0.0,0.0,-25.00000465661298,0.0,0.0,0.0,10.0,-4.777170997906101
12-15,-8.000004291534424,-5.263160784158717,0.0,0.0,-14.285711244660995,0.0,0.0,0.0,-25.00000465661298,0.0,0.0,0.0,10.0,-4.777170997906101
12-16,-8.000004291534424,-5.263160784158717,0.0,0.0,-14.285711244660995,0.0,0.0,0.0,-25.00000465661298,0.0,0.0,0.0,10.0,-4.777170997906101
12-17,-8.000004291534424,-5.263160784158717,0.0,0.0,-14.285711244660995,0.0,0.0,0.0,-25.00000465661298,0.0,0.0,0.0,10.0,-4.777170997906101
12-18,-8.000004291534424,-5.263160784158717,0.0,0.0,-14.285711244660995,0.0,0.0,0.0,-25.00000465661298,0.0,0.0,0.0,10.0,-4.777170997906101
12-19,-8.000004291534424,-5.263160784158717,0.0,0.0,-14.285711244660995,0.0,0.0,0.0,16.666663562258005,0.0,0.0,1.0,9.0,-0.9892920689178301
12-20,-8.000004291534424,-5.263160784158717,0.0,0.0,-14.285711244660995,0.0,0.0,0.0,16.666663562258005,0.0,0.0,1.0,9.0,-0.9892920689178301
12-21,-8.000004291534424,-10.526313725600916,0.0,0.0,-14.285711244660995,0.0,0.0,0.0,16.666663562258005,0.0,0.0,1.0,9.0,-1.4677605181398479
12-22,-8.000004291534424,-10.526313725600916,0.0,0.0,-14.285711244660995,0.0,0.0,0.0,16.666663562258005,0.0,0.0,1.0,9.0,-1.4677605181398479
12-23,-8.000004291534424,-10.526313725600916,0.0,0.0,-14.285711244660995,0.0,0.0,0.0,16.666663562258005,0.0,0.0,1.0,9.0,-1.4677605181398479
12-24,-8.000004291534424,-10.526313725600916,0.0,0.0,-14.285711244660995,0.0,0.0,0.0,16.666663562258005,0.0,0.0,1.0,9.0,-1.4677605181398479
12-26,-8.000004291534424,-10.526313725600916,0.0,0.0,-14.285711244660995,0.0,0.0,0.0,16.666663562258005,0.0,0.0,1.0,9.0,-1.4677605181398479
12-27,-8.000004291534424,-10.526313725600916,0.0,0.0,-14.285711244660995,0.0,0.0,0.0,16.666663562258005,0.0,0.0,1.0,9.0,-1.4677605181398479
12-28,-8.000004291534424,-10.526313725600916,0.0,0.0,-14.285711244660995,0.0,0.0,0.0,16.666663562258005,0.0,0.0,1.0,9.0,-1.4677605181398479
12-29,-8.000004291534424,-10.526313725600916,0.0,0.0,-14.285711244660995,0.0,0.0,0.0,16.666663562258005,0.0,0.0,1.0,9.0,-1.4677605181398479
12-30,-8.000004291534424,-10.526313725600916,0.0,0.0,-14.285711244660995,0.0,0.0,0.0,16.666663562258005,0.0,0.0,1.0,9.0,-1.4677605181398479
12-31,-8.000004291534424,-10.526313725600916,0.0,0.0,-14.285711244660995,0.0,0.0,0.0,16.666663562258005,0.0,0.0,1.0,9.0,-1.4677605181398479
