,2009,2010,2012,2013,2014,2015,2016,2017,2018,2019,2020,ups,downs,avg
01-02,-39.13064830496864,2.387291408026697,0.0,0.0,-0.13793556324326434,0.0,-14.756850094485952,0.0,0.0,7.2385265546799085,5.416668785942905,3.0,7.0,-3.543904292186213
01-03,-15.89394860671613,2.387291408026697,0.0,0.0,-0.13793556324326434,0.0,-14.756850094485952,0.0,0.0,7.2385265546799085,5.416668785942905,3.0,7.0,-1.4314770468905305
01-04,-15.89394860671613,-8.634636449802205,0.0,0.0,-0.13793556324326434,0.0,-14.756850094485952,0.0,0.0,7.2385265546799085,5.416668785942905,2.0,8.0,-2.43347048851134
01-05,-15.89394860671613,-5.899186937892539,0.0,0.0,-0.13793556324326434,0.0,-14.95641684618924,0.0,0.0,7.2385265546799085,5.416668785942905,2.0,8.0,-2.202935692128942
01-06,-15.89394860671613,-5.899186937892539,0.0,0.0,-0.13793556324326434,0.0,-14.95641684618924,0.0,0.0,7.2385265546799085,5.416668785942905,2.0,8.0,-2.202935692128942
01-07,-15.89394860671613,-5.899186937892539,0.0,0.0,-0.13793556324326434,0.0,-14.95641684618924,0.0,0.0,7.2385265546799085,5.416668785942905,2.0,8.0,-2.202935692128942
01-08,-15.89394860671613,-10.427529484092595,0.0,0.0,-0.13793556324326434,0.0,-14.95641684618924,0.0,0.0,7.2385265546799085,5.416668785942905,2.0,8.0,-2.614603196328947
01-09,-15.89394860671613,-10.427529484092595,0.0,0.0,-0.13793556324326434,0.0,-14.95641684618924,0.0,0.0,7.2385265546799085,5.416668785942905,2.0,8.0,-2.614603196328947
01-10,-15.89394860671613,-10.427529484092595,0.0,0.0,-0.13793556324326434,0.0,-14.95641684618924,0.0,0.0,7.2385265546799085,5.416668785942905,2.0,8.0,-2.614603196328947
01-11,-15.89394860671613,-10.427529484092595,0.0,0.0,-0.13793556324326434,0.0,-14.95641684618924,0.0,0.0,7.2385265546799085,5.416668785942905,2.0,8.0,-2.614603196328947
01-12,-15.89394860671613,-12.195043022058986,0.0,0.0,-0.13793556324326434,0.0,-14.95641684618924,0.0,0.0,7.2385265546799085,5.416668785942905,2.0,8.0,-2.775286245234983
01-13,-20.68975042661377,-12.195043022058986,0.0,0.0,-0.13793556324326434,0.0,-14.95641684618924,0.0,0.0,7.2385265546799085,-0.5908442302955028,1.0,9.0,-3.7574057757928045
01-14,-20.68975042661377,-14.938971206137383,0.0,0.0,-0.13793556324326434,0.0,-14.95641684618924,0.0,0.0,7.2385265546799085,0.292832457833334,2.0,8.0,-3.9265195481518558
01-15,-20.68975042661377,-14.938971206137383,0.0,0.0,-0.13793556324326434,0.0,-14.95641684618924,0.0,0.0,7.2385265546799085,0.292832457833334,2.0,8.0,-3.9265195481518558
01-16,-23.23940682328667,-14.938971206137383,0.0,0.0,-0.13793556324326434,0.0,-14.95641684618924,0.0,8.043438444860298,7.2385265546799085,-1.4641287779185002,2.0,8.0,-3.5868085652031683
01-17,-52.17350038626224,-14.938971206137383,0.0,0.0,-0.13793556324326434,0.0,-14.95641684618924,0.0,8.043438444860298,7.2385265546799085,-1.0248856763765137,2.0,8.0,-6.177249516242585
01-18,-58.37103457325431,-14.938971206137383,0.0,0.0,-0.13793556324326434,0.0,-14.95641684618924,0.0,8.043438444860298,7.2385265546799085,-1.0248856763765137,2.0,8.0,-6.740661715060046
01-19,-58.37103457325431,-14.938971206137383,0.0,0.0,-0.13793556324326434,0.0,-14.95641684618924,0.0,8.043438444860298,7.2385265546799085,-1.0248856763765137,2.0,8.0,-6.740661715060046
01-20,-58.37103457325431,-14.938971206137383,0.0,0.0,-0.13793556324326434,0.0,-14.95641684618924,0.0,8.043438444860298,7.2385265546799085,-1.0248856763765137,2.0,8.0,-6.740661715060046
01-21,-58.37103457325431,-14.938971206137383,0.0,0.0,-0.13793556324326434,0.0,-0.17390399922878375,0.0,8.043438444860298,7.2385265546799085,-1.0248856763765137,2.0,8.0,-5.396796910790914
01-22,-56.108543322684824,-14.938971206137383,0.0,0.0,-0.13793556324326434,0.0,-0.17390399922878375,12.520155701548182,8.043438444860298,7.2385265546799085,-1.0248856763765137,3.0,7.0,-4.052919915143852
01-23,-56.5622829289733,-14.938971206137383,0.0,0.0,-0.13793556324326434,0.0,-0.17390399922878375,12.520155701548182,8.043438444860298,7.2385265546799085,-1.0248856763765137,3.0,7.0,-4.094168970260987
01-24,-59.087331791582564,-14.938971206137383,0.0,0.0,-1.6694159416802328,0.0,-0.17390399922878375,12.520155701548182,8.043438444860298,7.2385265546799085,-1.0248856763765137,3.0,7.0,-4.462944355810645
01-25,-72.49995694156112,-14.938971206137383,0.0,0.0,-1.6694159416802328,0.0,-0.17390399922878375,12.520155701548182,8.043438444860298,7.2385265546799085,-1.0248856763765137,3.0,7.0,-5.682273914899604
01-26,-72.49995694156112,-14.938971206137383,0.0,0.0,-1.6694159416802328,0.0,-0.17390399922878375,12.520155701548182,8.043438444860298,7.2385265546799085,-1.0248856763765137,3.0,7.0,-5.682273914899604
01-27,-72.49995694156112,-14.938971206137383,0.0,0.0,-1.6694159416802328,0.0,-0.17390399922878375,12.520155701548182,8.043438444860298,7.2385265546799085,-16.96798358717657,3.0,7.0,-7.131646452245064
01-28,-51.00012737287047,-14.938971206137383,0.0,0.0,-1.6694159416802328,0.0,-0.17390399922878375,12.520155701548182,8.043438444860298,7.2385265546799085,-16.96798358717657,3.0,7.0,-5.177116491455005
01-29,-51.00012737287047,-14.938971206137383,0.0,0.0,-1.6694159416802328,0.0,-0.17390399922878375,12.520155701548182,8.043438444860298,7.2385265546799085,-16.96798358717657,3.0,7.0,-5.177116491455005
01-30,-51.00012737287047,-14.938971206137383,0.0,0.0,-1.6694159416802328,0.0,-0.17390399922878375,12.520155701548182,8.043438444860298,7.2385265546799085,-16.96798358717657,3.0,7.0,-5.177116491455005
01-31,-39.49221917553773,-14.938971206137383,0.0,0.0,-1.6694159416802328,0.0,-0.17390399922878375,12.520155701548182,8.043438444860298,0.0,-16.96798358717657,2.0,8.0,-4.788990887577474
02-01,-27.695593463877184,-14.938971206137383,0.0,0.0,-1.6694159416802328,0.0,-0.17390399922878375,12.520155701548182,8.043438444860298,0.0,-16.96798358717657,2.0,8.0,-3.716570368335607
02-02,-22.76405575229007,-14.938971206137383,0.0,0.0,-1.6694159416802328,0.0,-0.17390399922878375,12.520155701548182,8.043438444860298,0.0,-16.96798358717657,2.0,8.0,-3.2682487581913233
02-03,-22.76405575229007,-3.2774138052203723,0.0,0.0,-1.6694159416802328,0.0,-0.17390399922878375,12.520155701548182,8.043438444860298,0.0,-16.96798358717657,2.0,8.0,-2.2081071762897775
02-04,-22.76405575229007,-3.2774138052203723,0.0,0.0,0.0,0.0,-0.17390399922878375,12.520155701548182,8.043438444860298,0.0,-16.96798358717657,2.0,8.0,-2.056342090682483
02-05,-22.76405575229007,-3.2774138052203723,0.0,0.0,0.0,0.0,-0.17390399922878375,12.520155701548182,8.043438444860298,0.0,-16.96798358717657,2.0,8.0,-2.056342090682483
02-06,-22.76405575229007,-3.2774138052203723,0.0,0.0,0.0,0.0,-0.17390399922878375,12.520155701548182,8.043438444860298,0.0,-16.96798358717657,2.0,8.0,-2.056342090682483
02-07,-22.76405575229007,-3.2774138052203723,0.0,0.0,0.0,0.0,-0.17390399922878375,12.520155701548182,8.043438444860298,0.0,-16.96798358717657,2.0,8.0,-2.056342090682483
02-08,-22.76405575229007,-3.2774138052203723,0.0,0.0,0.0,0.0,-0.17390399922878375,12.520155701548182,8.043438444860298,0.0,-22.053548090966856,2.0,8.0,-2.5186661364816003
02-09,-22.267236054482346,-5.945141097125535,0.0,0.0,0.0,0.0,-0.17390399922878375,12.520155701548182,8.043438444860298,0.0,-22.053548090966856,2.0,8.0,-2.7160213723086404
02-10,-22.267236054482346,-1.6006095094439343,0.0,0.0,0.0,4.839255170583532,-0.17390399922878375,12.520155701548182,8.043438444860298,0.5333951985459966,-60.49932906908122,4.0,6.0,-5.327712192427116
02-11,-22.267236054482346,-1.6006095094439343,0.0,0.0,0.0,4.839255170583532,-0.17390399922878375,12.520155701548182,8.043438444860298,0.5333951985459966,-60.49932906908122,4.0,6.0,-5.327712192427116
02-12,-17.40875029979942,-1.6006095094439343,0.0,0.0,0.0,4.839255170583532,-0.17390399922878375,12.520155701548182,8.043438444860298,0.5333951985459966,-60.49932906908122,4.0,6.0,-4.886031669274122
02-13,-14.979722288844316,-1.6006095094439343,0.0,0.0,0.0,4.839255170583532,-0.17390399922878375,12.520155701548182,8.043438444860298,0.5333951985459966,-60.49932906908122,4.0,6.0,-4.665210941005477
02-14,-14.979722288844316,-1.6006095094439343,0.0,0.0,0.0,4.839255170583532,-0.17390399922878375,12.520155701548182,8.043438444860298,0.5333951985459966,-59.22053140524521,4.0,6.0,-4.548956607929476
02-15,-11.372535960751769,-1.6006095094439343,0.0,0.0,0.0,4.839255170583532,-0.17390399922878375,12.520155701548182,8.043438444860298,0.5333951985459966,-59.22053140524521,4.0,6.0,-4.221030578102881
02-16,-4.22003196699938,-1.6006095094439343,0.0,0.0,0.0,4.839255170583532,14.01701040558581,12.520155701548182,8.043438444860298,0.5333951985459966,-59.22053140524521,5.0,5.0,-2.2807198145967917
02-17,-4.22003196699938,-1.6006095094439343,0.0,0.0,0.0,4.839255170583532,14.166278679648789,12.520155701548182,8.043438444860298,0.5333951985459966,-59.22053140524521,5.0,5.0,-2.267149971500157
02-18,15.596244509622275,-1.6006095094439343,0.0,0.0,0.0,4.839255170583532,14.166278679648789,12.520155701548182,8.043438444860298,0.5333951985459966,-68.65579644033656,6.0,4.0,-1.3234216586337657
02-19,15.596244509622275,0.0,0.0,0.0,0.0,4.839255170583532,14.166278679648789,12.520155701548182,8.043438444860298,0.5333951985459966,-68.65579644033656,6.0,4.0,-1.1779117032297715
02-20,15.596244509622275,0.0,0.0,0.0,0.0,4.839255170583532,14.166278679648789,12.520155701548182,8.043438444860298,0.5333951985459966,-68.65579644033656,6.0,4.0,-1.1779117032297715
02-21,15.596244509622275,0.0,0.0,0.0,0.0,4.839255170583532,14.166278679648789,12.520155701548182,8.043438444860298,0.5333951985459966,-68.65579644033656,6.0,4.0,-1.1779117032297715
02-22,15.596244509622275,0.0,0.0,0.0,0.0,4.839255170583532,14.166278679648789,12.520155701548182,8.043438444860298,0.5333951985459966,-68.65579644033656,6.0,4.0,-1.1779117032297715
02-23,18.314437546601678,0.0,0.0,0.0,0.0,4.839255170583532,14.166278679648789,12.520155701548182,8.043438444860298,0.5333951985459966,-68.65579644033656,6.0,4.0,-0.9308032453225527
02-24,18.314437546601678,0.0,0.0,0.0,0.0,4.839255170583532,14.166278679648789,12.520155701548182,8.043438444860298,0.5333951985459966,-68.65579644033656,6.0,4.0,-0.9308032453225527
02-25,18.314437546601678,0.0,0.0,0.0,0.0,4.839255170583532,14.166278679648789,12.520155701548182,8.043438444860298,0.5333951985459966,-58.583290337696404,6.0,4.0,-0.015120872355265906
02-26,18.314437546601678,0.0,0.0,0.0,0.0,4.839255170583532,16.666609777888738,12.520155701548182,8.043438444860298,0.5333951985459966,-59.98876960516155,6.0,4.0,0.08441111226062568
02-27,29.447684969373157,0.0,0.0,0.0,0.0,4.839255170583532,16.666609777888738,12.520155701548182,8.043438444860298,0.5333951985459966,-59.98876960516155,6.0,3.0,1.0965245143307605
02-28,32.20860893221748,0.0,0.0,0.0,0.0,4.839255170583532,16.666609777888738,12.520155701548182,0.0,0.5333951985459966,-59.98876960516155,5.0,4.0,0.6162959250565815
02-29,0.0,0.0,0.0,0.0,0.0,0.0,16.666609777888738,0.0,0.0,0.0,-59.98876960516155,1.0,1.0,-3.9383781661157102
03-01,32.20860893221748,0.0,0.0,0.0,0.0,4.839255170583532,16.666609777888738,12.520155701548182,0.0,0.5333951985459966,-59.98876960516155,5.0,4.0,0.6162959250565815
03-02,32.20860893221748,0.0,0.0,0.0,0.0,4.839255170583532,16.666609777888738,12.520155701548182,0.0,0.5333951985459966,-59.98876960516155,5.0,4.0,0.6162959250565815
03-03,32.40507795730699,0.0,0.0,0.0,13.793174839515682,4.839255170583532,16.666609777888738,12.520155701548182,0.0,0.5333951985459966,-59.98876960516155,6.0,3.0,1.8880817309297802
03-04,33.477950819651994,0.0,0.0,0.0,13.793174839515682,4.839255170583532,16.666609777888738,0.0,0.0,0.5333951985459966,-59.98876960516155,5.0,4.0,0.8474196546385816
03-05,38.650330718660975,0.0,0.0,0.0,13.793174839515682,4.839255170583532,16.666609777888738,6.436113727464626,0.0,0.5333951985459966,-59.98876960516155,6.0,3.0,1.902737257045274
03-06,38.650330718660975,0.0,0.0,0.0,13.793174839515682,4.839255170583532,16.666609777888738,6.436113727464626,0.0,0.5333951985459966,-59.98876960516155,6.0,3.0,1.902737257045274
03-07,38.650330718660975,0.0,0.0,0.0,13.793174839515682,4.839255170583532,16.666609777888738,3.609644038783137,0.0,0.5333951985459966,-59.98876960516155,6.0,3.0,1.6457854671651377
03-08,38.650330718660975,0.0,0.0,0.0,13.793174839515682,4.839255170583532,16.666609777888738,3.609644038783137,0.0,0.5333951985459966,-59.98876960516155,6.0,3.0,1.6457854671651377
03-09,38.650330718660975,0.0,0.0,0.0,13.793174839515682,4.839255170583532,16.666609777888738,3.609644038783137,0.0,0.5333951985459966,-56.337632164252504,6.0,4.0,1.977707052702324
03-10,33.589070913639645,0.0,0.0,0.0,13.793174839515682,4.839255170583532,16.666609777888738,5.007544586903368,0.0,0.5333951985459966,-35.02832939355329,6.0,4.0,3.581883735774879
03-11,27.453973747447762,0.0,0.0,0.0,13.793174839515682,4.839255170583532,18.84256708947321,4.276858827690204,0.0,0.5333951985459966,-35.02832939355329,6.0,4.0,3.1555359527002818
03-12,24.53973747447764,0.0,0.0,0.0,13.793174839515682,4.839255170583532,18.84256708947321,4.276858827690204,0.0,0.5333951985459966,-35.02832939355329,6.0,4.0,2.8906053824302713
03-13,25.126950955859567,0.0,0.0,0.0,13.793174839515682,4.839255170583532,18.84256708947321,4.276858827690204,0.0,0.5333951985459966,-35.02832939355329,6.0,4.0,2.943988426192264
03-14,25.126950955859567,0.0,0.0,0.0,13.793174839515682,4.839255170583532,18.84256708947321,4.276858827690204,0.0,0.5333951985459966,-35.02832939355329,6.0,4.0,2.943988426192264
03-15,25.126950955859567,0.0,0.0,0.0,13.793174839515682,4.839255170583532,18.84256708947321,4.276858827690204,0.0,0.5333951985459966,-35.02832939355329,6.0,4.0,2.943988426192264
03-16,25.126950955859567,0.0,0.0,0.0,13.793174839515682,4.839255170583532,18.84256708947321,4.276858827690204,0.0,0.5333951985459966,-35.02832939355329,6.0,4.0,2.943988426192264
03-17,25.126950955859567,0.0,0.0,0.0,13.793174839515682,4.839255170583532,18.84256708947321,8.01031260399532,0.0,0.5333951985459966,-35.02832939355329,6.0,4.0,3.2833933149472743
03-18,24.82271241411747,0.0,0.0,0.0,13.793174839515682,4.839255170583532,18.84256708947321,8.01031260399532,0.0,0.5333951985459966,-35.02832939355329,6.0,4.0,3.255735265697993
03-19,22.387834895853526,0.0,0.0,0.0,13.793174839515682,4.839255170583532,18.84256708947321,8.01031260399532,0.0,0.5333951985459966,-35.02832939355329,6.0,4.0,3.0343827640376344
03-20,19.616428327608556,0.0,0.0,0.0,13.793174839515682,4.839255170583532,18.84256708947321,8.01031260399532,0.0,0.5333951985459966,-35.02832939355329,6.0,4.0,2.782436712379001
03-21,19.616428327608556,0.0,0.0,0.0,13.793174839515682,4.839255170583532,18.84256708947321,8.01031260399532,0.0,0.5333951985459966,-35.02832939355329,6.0,4.0,2.782436712379001
03-22,19.616428327608556,0.0,0.0,0.0,13.793174839515682,4.839255170583532,18.84256708947321,8.01031260399532,0.0,0.5333951985459966,-35.02832939355329,6.0,4.0,2.782436712379001
03-23,19.616428327608556,0.0,0.0,0.0,13.793174839515682,4.839255170583532,18.84256708947321,8.01031260399532,0.0,0.0,-35.02832939355329,5.0,5.0,2.7339462397839096
03-24,19.616428327608556,0.0,0.0,0.0,13.793174839515682,4.839255170583532,18.84256708947321,8.01031260399532,0.0,0.0,-2.683835445726037,5.0,5.0,5.674354780495478
03-25,19.616428327608556,0.0,0.0,0.0,13.793174839515682,0.0,18.84256708947321,12.39079051047749,0.0,0.0,-2.683835445726037,4.0,6.0,5.632647756486263
03-26,19.616428327608556,0.0,0.0,0.0,13.793174839515682,0.0,18.84256708947321,12.39079051047749,0.0,0.0,-3.508552256571888,4.0,6.0,5.557673500954823
03-27,16.94156072255188,0.0,0.0,0.0,13.793174839515682,0.0,18.84256708947321,12.39079051047749,0.0,0.0,-3.508552256571888,4.0,6.0,5.314503718676943
03-28,16.94156072255188,0.0,0.0,0.0,13.793174839515682,0.0,18.84256708947321,12.39079051047749,0.0,0.0,-3.508552256571888,4.0,6.0,5.314503718676943
03-29,16.94156072255188,0.0,0.0,0.0,13.793174839515682,0.0,18.84256708947321,12.39079051047749,0.0,0.0,-3.508552256571888,4.0,6.0,5.314503718676943
03-30,16.94156072255188,0.0,0.0,0.0,18.99442375111921,0.0,5.448078375131187,12.39079051047749,0.0,0.0,-3.508552256571888,4.0,6.0,4.569663736609808
03-31,16.94156072255188,0.0,0.0,0.0,18.99442375111921,0.0,5.448078375131187,12.304344248845995,0.0,0.0,-3.508552256571888,4.0,6.0,4.561804985552399
04-01,16.94156072255188,0.0,0.0,0.0,18.99442375111921,0.0,5.448078375131187,12.304344248845995,-15.29126100327123,0.0,2.2821210825733194,5.0,5.0,3.698115197904579
04-02,3.8348305660197672,0.0,0.0,0.0,18.99442375111921,0.0,5.448078375131187,12.304344248845995,-15.29126100327123,-1.822658507329405,2.2821210825733194,5.0,5.0,2.340898046644441
04-03,3.0806274895867585,0.0,0.0,0.0,18.99442375111921,0.0,5.448078375131187,15.346948056897247,-15.29126100327123,-1.822658507329405,2.2821210825733194,5.0,5.0,2.5489344767915543
04-04,3.0806274895867585,0.0,0.0,0.0,18.99442375111921,0.0,5.448078375131187,19.378002711704802,-15.29126100327123,-1.822658507329405,2.2821210825733194,5.0,5.0,2.9153939908649678
04-05,3.0806274895867585,0.0,0.0,0.0,18.99442375111921,0.0,5.448078375131187,19.378002711704802,-15.29126100327123,-1.822658507329405,2.2821210825733194,5.0,5.0,2.9153939908649678
04-06,3.0806274895867585,0.0,0.0,0.0,18.99442375111921,0.0,5.448078375131187,19.378002711704802,-15.29126100327123,-1.822658507329405,2.2821210825733194,5.0,5.0,2.9153939908649678
04-07,3.0806274895867585,0.0,0.0,0.0,18.99442375111921,0.0,2.6111469913618297,19.378002711704802,-15.29126100327123,-1.822658507329405,2.2821210825733194,5.0,5.0,2.6574911377950263
04-08,3.0806274895867585,0.0,0.0,0.0,18.99442375111921,0.0,2.6111469913618297,19.378002711704802,-15.29126100327123,-1.822658507329405,2.2821210825733194,5.0,5.0,2.6574911377950263
04-09,3.0806274895867585,0.0,0.0,0.0,18.99442375111921,0.0,2.6111469913618297,19.378002711704802,-15.29126100327123,-1.822658507329405,2.2821210825733194,5.0,5.0,2.6574911377950263
04-10,0.0,0.0,0.0,0.0,18.99442375111921,0.0,2.6111469913618297,14.614981940915802,-15.29126100327123,-1.822658507329405,2.2821210825733194,4.0,6.0,1.9444322050335936
04-11,0.0,0.0,0.0,0.0,18.99442375111921,0.0,2.6111469913618297,14.614981940915802,-15.29126100327123,-1.822658507329405,2.2821210825733194,4.0,6.0,1.9444322050335936
04-12,0.0,0.0,0.0,0.0,18.99442375111921,0.0,2.6111469913618297,14.614981940915802,-15.29126100327123,-1.822658507329405,2.2821210825733194,4.0,6.0,1.9444322050335936
04-13,0.0,0.0,0.0,0.0,18.99442375111921,0.0,2.6111469913618297,14.614981940915802,-15.29126100327123,-1.822658507329405,2.2821210825733194,4.0,6.0,1.9444322050335936
04-14,0.0,0.0,0.0,0.0,18.99442375111921,0.0,2.6111469913618297,8.741479794487748,-15.29126100327123,-1.822658507329405,2.2821210825733194,4.0,6.0,1.4104774644492244
04-15,0.0,0.0,0.0,0.0,6.033453733994705,0.0,2.6111469913618297,8.741479794487748,-15.29126100327123,-1.822658507329405,2.2821210825733194,4.0,6.0,0.23220746289245164
04-16,0.0,0.0,0.0,0.0,6.033453733994705,0.0,2.6111469913618297,8.741479794487748,-23.697854570769167,-1.822658507329405,2.2821210825733194,4.0,6.0,-0.5320283159709972
04-17,0.0,0.0,0.0,0.0,6.033453733994705,0.0,2.6111469913618297,8.741479794487748,-23.697854570769167,-1.822658507329405,15.909127625778547,4.0,6.0,0.7067904606840236
04-18,0.0,0.0,0.0,0.0,6.033453733994705,0.0,2.6111469913618297,8.741479794487748,-23.697854570769167,-1.822658507329405,15.909127625778547,4.0,6.0,0.7067904606840236
04-19,0.0,0.0,0.0,0.0,6.033453733994705,0.0,2.6111469913618297,11.417467849751189,-23.697854570769167,-1.822658507329405,15.909127625778547,4.0,6.0,0.9500621020716089
04-20,0.0,0.0,0.0,0.0,6.033453733994705,0.0,2.6111469913618297,10.113895163813034,-23.697854570769167,-1.822658507329405,15.909127625778547,4.0,6.0,0.8315554942590492
04-21,0.0,0.0,0.0,0.0,6.033453733994705,0.0,0.0,10.800024932963801,-23.697854570769167,-1.822658507329405,13.94525412767124,3.0,7.0,0.4780199742301066
04-22,0.0,0.0,0.0,0.0,6.033453733994705,0.0,0.0,10.800024932963801,-23.697854570769167,-1.822658507329405,13.94525412767124,3.0,7.0,0.4780199742301066
04-23,0.0,0.0,0.0,0.0,6.033453733994705,0.0,0.0,14.021153807426096,-23.697854570769167,-1.822658507329405,13.94525412767124,3.0,7.0,0.7708498719084971
04-24,0.0,0.0,0.0,0.0,6.033453733994705,0.0,0.0,14.021153807426096,-23.697854570769167,-1.822658507329405,13.94525412767124,3.0,7.0,0.7708498719084971
04-25,0.0,0.0,0.0,0.0,6.033453733994705,0.0,0.0,14.021153807426096,-23.697854570769167,-1.822658507329405,13.94525412767124,3.0,7.0,0.7708498719084971
04-26,0.0,0.0,0.0,0.0,6.033453733994705,-6.703257527671161,-8.499215568298036,14.021153807426096,-23.697854570769167,-1.822658507329405,13.94525412767124,3.0,7.0,-0.6111931368159752
04-27,0.0,0.0,0.0,0.0,6.033453733994705,-6.703257527671161,-8.499215568298036,10.531653439649398,-23.697854570769167,-1.822658507329405,13.94525412767124,3.0,7.0,-0.9284204429774934
04-28,0.0,0.0,0.0,0.0,6.033453733994705,-7.095737647975511,-8.499215568298036,10.157320227839303,-23.697854570769167,-1.822658507329405,13.94525412767124,3.0,7.0,-0.9981307458969884
04-29,0.0,0.0,0.0,0.0,6.033453733994705,-7.095737647975511,-8.499215568298036,10.157320227839303,-23.697854570769167,-1.822658507329405,13.94525412767124,3.0,7.0,-0.9981307458969884
04-30,0.0,0.0,0.0,0.0,6.033453733994705,-7.095737647975511,-8.499215568298036,10.157320227839303,-23.697854570769167,-1.822658507329405,13.94525412767124,3.0,7.0,-0.9981307458969884
05-01,0.0,0.0,0.0,0.0,6.033453733994705,-7.095737647975511,-8.499215568298036,10.157320227839303,-23.697854570769167,-1.822658507329405,13.94525412767124,3.0,7.0,-0.9981307458969884
05-02,0.0,0.0,0.0,0.0,6.033453733994705,-7.095737647975511,-8.499215568298036,12.23821459543738,-23.697854570769167,-1.822658507329405,13.94525412767124,3.0,7.0,-0.8089585306607995
05-03,10.12663254489152,0.0,0.0,0.0,6.033453733994705,-7.095737647975511,-8.499215568298036,12.23821459543738,-23.697854570769167,-1.822658507329405,13.94525412767124,4.0,6.0,0.11164442796570223
05-04,10.12663254489152,0.0,0.0,0.0,6.033453733994705,-7.095737647975511,-8.499215568298036,12.23821459543738,-23.697854570769167,-1.8662203347728574,13.94525412767124,4.0,7.0,0.1076842618344794
05-05,0.0,0.0,0.0,0.0,6.033453733994705,-7.095737647975511,-8.499215568298036,7.850107862844475,-23.697854570769167,-1.8662203347728574,13.94525412767124,3.0,8.0,-1.2118374906641047
05-06,0.0,0.0,0.0,0.0,6.033453733994705,-7.095737647975511,-8.499215568298036,7.5983029666565365,-23.697854570769167,-1.8662203347728574,13.94525412767124,3.0,8.0,-1.2347288448630085
05-07,0.0,0.0,0.0,0.0,6.033453733994705,-7.095737647975511,-8.499215568298036,8.411520203550902,-25.082360585051795,-1.8662203347728574,13.94525412767124,3.0,8.0,-1.2866641882619414
05-08,0.0,0.0,0.0,0.0,6.033453733994705,-7.095737647975511,-8.499215568298036,8.411520203550902,-25.082360585051795,-1.8662203347728574,13.94525412767124,3.0,8.0,-1.2866641882619414
05-09,0.0,0.0,0.0,0.0,6.033453733994705,-7.095737647975511,-8.499215568298036,8.411520203550902,-25.082360585051795,-1.8662203347728574,13.94525412767124,3.0,8.0,-1.2866641882619414
05-10,0.0,0.0,0.0,0.0,0.0,-0.44388303908894433,-8.499215568298036,8.411520203550902,-25.082360585051795,-1.8662203347728574,13.94525412767124,2.0,9.0,-1.2304459269081358
05-11,0.0,0.0,0.0,0.0,0.0,-0.44388303908894433,-8.499215568298036,8.501803828424883,-25.082360585051795,0.793615976969401,13.94525412767124,3.0,8.0,-0.9804350235793863
05-12,0.0,0.0,0.0,0.0,0.0,-0.44388303908894433,-8.499215568298036,8.501803828424883,-8.492490668050506,0.793615976969401,13.94525412767124,3.0,8.0,0.527734968875276
05-13,0.0,0.0,0.0,0.0,0.0,-0.44388303908894433,-7.756569947652271,8.501803828424883,-8.492490668050506,0.793615976969401,13.94525412767124,3.0,8.0,0.5952482071158003
05-14,0.0,0.0,0.0,0.0,0.0,-0.44388303908894433,-18.776139351022813,8.501803828424883,-8.492490668050506,0.793615976969401,13.94525412767124,3.0,8.0,-0.4065308295542492
05-15,0.0,0.0,0.0,0.0,0.0,-0.44388303908894433,-18.776139351022813,9.300180765909385,-8.492490668050506,2.5694423251682053,13.94525412767124,3.0,8.0,-0.17251234903758475
05-16,0.0,0.0,0.0,0.0,0.0,-0.44388303908894433,-18.776139351022813,6.040243775371986,-8.492490668050506,2.5694423251682053,13.94525412767124,3.0,8.0,-0.46887025726825743
05-17,0.0,0.0,0.0,0.0,0.0,-0.44388303908894433,-18.776139351022813,1.3423086530321435,-8.492490668050506,2.5694423251682053,13.94525412767124,3.0,8.0,-0.8959552683900612
05-18,0.0,0.0,0.0,0.0,0.0,-0.44388303908894433,-18.776139351022813,1.3423086530321435,-8.492490668050506,2.5694423251682053,13.94525412767124,3.0,8.0,-0.8959552683900612
05-19,0.0,0.0,0.0,0.0,0.0,-0.44388303908894433,-18.776139351022813,1.3423086530321435,-8.492490668050506,2.5694423251682053,13.94525412767124,3.0,8.0,-0.8959552683900612
05-20,0.0,0.0,0.0,0.0,0.0,-0.44388303908894433,-18.776139351022813,1.3423086530321435,-8.492490668050506,2.5694423251682053,13.94525412767124,3.0,8.0,-0.8959552683900612
05-21,0.0,0.0,0.0,0.0,0.0,-0.44388303908894433,-18.776139351022813,2.6490587610902665,-8.492490668050506,2.5694423251682053,13.94525412767124,3.0,8.0,-0.7771598040211415
05-22,0.0,0.0,0.0,0.0,0.0,-0.44388303908894433,-18.776139351022813,2.6490587610902665,-8.492490668050506,2.5694423251682053,13.94525412767124,3.0,8.0,-0.7771598040211415
05-23,0.0,0.0,0.0,0.0,0.0,-0.44388303908894433,-18.776139351022813,8.079572986149381,-8.492490668050506,2.5694423251682053,13.94525412767124,3.0,8.0,-0.2834766926521308
05-24,0.0,0.0,0.0,0.0,0.0,-0.44388303908894433,-18.776139351022813,8.079572986149381,-8.492490668050506,2.5694423251682053,13.94525412767124,3.0,8.0,-0.2834766926521308
05-25,0.0,0.0,0.0,0.0,0.0,-0.44388303908894433,-18.776139351022813,8.079572986149381,-8.492490668050506,2.5694423251682053,13.94525412767124,3.0,8.0,-0.2834766926521308
05-26,0.0,0.0,0.0,0.0,0.0,-0.44388303908894433,-18.776139351022813,8.079572986149381,-1.1192643713076964,2.5694423251682053,13.94525412767124,3.0,8.0,0.386816607051761
05-27,0.0,0.0,0.0,0.0,0.0,-0.44388303908894433,-18.776139351022813,9.28104703835562,-1.1192643713076964,2.5694423251682053,13.94525412767124,3.0,8.0,0.4960415208886918
05-28,0.0,0.0,0.0,0.0,0.0,-0.44388303908894433,-18.87567793987288,9.28104703835562,-1.1192643713076964,2.5694423251682053,0.0,2.0,9.0,-0.7807578169768814
05-29,0.0,0.0,0.0,0.0,0.0,-0.44388303908894433,-18.87567793987288,9.28104703835562,-1.1192643713076964,2.5694423251682053,0.0,2.0,9.0,-0.7807578169768814
05-30,0.0,0.0,0.0,0.0,0.0,-0.44388303908894433,-18.87567793987288,12.373817550806512,-1.1192643713076964,2.5694423251682053,0.0,2.0,9.0,-0.4995968612995274
05-31,0.0,0.0,0.0,0.0,0.0,-0.44388303908894433,-18.87567793987288,12.373817550806512,-1.1192643713076964,2.5694423251682053,0.0,2.0,9.0,-0.4995968612995274
06-01,0.0,0.0,0.0,0.0,0.0,-0.44388303908894433,-18.87567793987288,12.373817550806512,-1.1192643713076964,2.5694423251682053,0.0,2.0,9.0,-0.4995968612995274
06-02,0.0,0.0,0.0,0.0,0.0,-0.44388303908894433,-18.87567793987288,12.373817550806512,-1.1192643713076964,2.5694423251682053,0.0,2.0,9.0,-0.4995968612995274
06-03,0.0,0.0,0.0,0.0,0.0,-0.44388303908894433,-18.87567793987288,9.090972537815666,-1.1192643713076964,2.5694423251682053,0.0,2.0,9.0,-0.7980373170259681
06-04,0.0,0.0,0.0,0.0,0.0,-0.44388303908894433,-18.87567793987288,9.090972537815666,-1.1192643713076964,2.5694423251682053,0.0,2.0,9.0,-0.7980373170259681
06-05,0.0,0.0,0.0,0.0,0.0,-0.44388303908894433,-18.87567793987288,9.090972537815666,-1.1192643713076964,2.5694423251682053,0.0,2.0,9.0,-0.7980373170259681
06-06,0.0,0.0,0.0,0.0,0.0,5.866151262494478,-18.87567793987288,9.090972537815666,-1.1192643713076964,2.5694423251682053,0.0,3.0,8.0,-0.22439783506383879
06-07,0.0,0.0,0.0,0.0,0.0,5.866151262494478,-18.87567793987288,9.090972537815666,-1.1192643713076964,2.5694423251682053,0.0,3.0,8.0,-0.22439783506383879
06-08,0.0,0.0,0.0,0.0,0.0,5.866151262494478,-9.563628932453499,9.469748731031984,-1.1192643713076964,2.5694423251682053,0.0,3.0,7.0,0.6565862740848611
06-09,0.0,0.0,0.0,0.0,0.0,5.866151262494478,-9.563628932453499,9.469748731031984,-1.1192643713076964,2.5694423251682053,0.0,3.0,7.0,0.6565862740848611
06-10,0.0,0.0,0.0,0.0,0.0,6.21112917747601,-9.563628932453499,9.469748731031984,-1.1192643713076964,2.5694423251682053,0.0,3.0,7.0,0.6879479027195459
06-11,0.0,0.0,0.0,0.0,0.0,6.21112917747601,-9.563628932453499,9.469748731031984,-1.1192643713076964,2.5694423251682053,0.0,3.0,7.0,0.6879479027195459
06-12,0.0,0.0,0.0,0.0,0.0,6.21112917747601,-9.563628932453499,9.469748731031984,-1.1192643713076964,2.5694423251682053,0.0,3.0,7.0,0.6879479027195459
06-13,0.0,0.0,0.0,0.0,0.0,6.21112917747601,-9.563628932453499,9.469748731031984,-1.1192643713076964,2.5694423251682053,0.0,3.0,7.0,0.6879479027195459
06-14,0.0,0.0,0.0,0.0,0.0,6.21112917747601,-3.8981286859715176,7.323212068241617,-1.1192643713076964,2.6111072964138455,0.0,3.0,7.0,1.0116414077138416
06-15,0.0,0.0,0.0,0.0,0.0,6.21112917747601,-3.8981286859715176,7.323212068241617,-1.1192643713076964,2.6111072964138455,0.0,3.0,7.0,1.0116414077138416
06-16,0.0,0.0,0.0,0.0,0.0,6.21112917747601,-3.8981286859715176,7.575766617708029,-1.1192643713076964,2.6111072964138455,0.0,3.0,7.0,1.0346009122107882
06-17,0.0,0.0,0.0,0.0,0.0,6.21112917747601,-3.8981286859715176,8.374732739270412,-1.1192643713076964,2.6111072964138455,0.0,3.0,7.0,1.1072341959891865
06-18,0.0,0.0,0.0,0.0,0.0,6.21112917747601,-3.8981286859715176,8.374732739270412,-1.1192643713076964,2.6111072964138455,0.0,3.0,6.0,1.1072341959891865
06-19,0.0,0.0,0.0,0.0,0.0,6.21112917747601,-3.8981286859715176,8.374732739270412,0.0,2.6111072964138455,0.0,3.0,7.0,1.2089855024717044
06-20,0.0,0.0,0.0,0.0,-19.174407272834006,0.0,-3.8981286859715176,10.701372017962935,0.0,2.6111072964138455,0.0,2.0,8.0,-0.8872778767662495
06-21,0.0,0.0,0.0,0.0,-19.174407272834006,0.0,-3.8981286859715176,10.701372017962935,0.0,0.0,0.0,1.0,9.0,-1.1246512673493263
06-22,0.0,0.0,0.0,0.0,-19.174407272834006,0.0,-3.8981286859715176,10.701372017962935,0.0,0.0,0.0,1.0,10.0,-1.1246512673493263
06-23,0.0,0.0,0.0,0.0,-19.174407272834006,0.0,-4.61418238273832,10.701372017962935,0.0,0.0,0.0,1.0,10.0,-1.1897470579644902
06-24,0.0,0.0,0.0,0.0,-23.448291624715957,0.0,5.091497980693377,10.701372017962935,0.0,0.0,0.0,2.0,9.0,-0.6959474205508769
06-25,0.0,0.0,0.0,0.0,-23.448291624715957,0.0,5.091497980693377,10.701372017962935,0.0,-11.196911196911197,0.0,2.0,9.0,-1.7138484384518948
06-26,0.0,-1.2592251059362893,0.0,0.0,-23.448291624715957,0.0,5.091497980693377,10.701372017962935,0.0,-11.196911196911197,0.0,2.0,9.0,-1.8283234480824666
06-27,0.0,-1.2592251059362893,0.0,0.0,-23.448291624715957,0.0,5.091497980693377,9.915328939466148,0.0,-11.196911196911197,0.0,2.0,9.0,-1.8997819097639925
06-28,0.0,-1.2592251059362893,0.0,0.0,-23.448291624715957,0.0,5.091497980693377,9.915328939466148,0.0,-11.196911196911197,0.0,2.0,9.0,-1.8997819097639925
06-29,0.0,-1.2592251059362893,0.0,0.0,-23.448291624715957,0.0,5.091497980693377,9.915328939466148,0.0,-11.196911196911197,0.0,2.0,9.0,-1.8997819097639925
06-30,0.0,-1.2592251059362893,0.0,0.0,-23.448291624715957,-11.719307429674013,5.091497980693377,8.484770274071659,0.0,-11.196911196911197,0.0,2.0,9.0,-3.095224282042947
07-01,0.0,-1.2592251059362893,0.0,0.0,-23.448291624715957,-11.719307429674013,5.091497980693377,8.484770274071659,0.0,-11.196911196911197,0.0,2.0,9.0,-3.095224282042947
07-02,0.0,-1.2592251059362893,0.0,0.0,-23.448291624715957,-11.719307429674013,5.091497980693377,9.036073702671585,0.0,-11.196911196911197,0.0,2.0,9.0,-3.0451057885338626
07-03,0.0,-1.2592251059362893,0.0,0.0,-23.448291624715957,-11.719307429674013,5.091497980693377,9.036073702671585,0.0,-11.196911196911197,0.0,2.0,9.0,-3.0451057885338626
07-05,0.0,-1.2592251059362893,0.0,0.0,-23.448291624715957,-9.606770208501905,5.091497980693377,9.036073702671585,0.0,-11.196911196911197,0.0,2.0,9.0,-2.8530569502454894
07-06,0.0,-1.2592251059362893,0.0,0.0,-23.448291624715957,-9.606770208501905,5.091497980693377,9.036073702671585,0.0,-10.429453021532915,0.0,2.0,9.0,-2.7832880252111
07-07,0.0,-1.2592251059362893,0.0,0.0,-23.448291624715957,-9.606770208501905,5.091497980693377,8.547612284685973,0.0,-10.429453021532915,0.0,2.0,9.0,-2.8276936086643376
07-08,0.0,-1.2592251059362893,0.0,0.0,-23.448291624715957,-9.606770208501905,5.1709680499673745,8.547612284685973,0.0,-10.429453021532915,0.0,2.0,9.0,-2.8204690569121564
07-09,0.0,-1.2592251059362893,0.0,0.0,-23.448291624715957,-9.606770208501905,5.1709680499673745,8.547612284685973,0.0,-10.429453021532915,0.0,2.0,9.0,-2.8204690569121564
07-10,0.0,-1.2592251059362893,0.0,0.0,-23.448291624715957,-9.606770208501905,5.1709680499673745,8.547612284685973,0.0,-10.429453021532915,0.0,2.0,9.0,-2.8204690569121564
07-11,0.0,-1.2592251059362893,0.0,0.0,-23.448291624715957,-9.606770208501905,4.010303932827992,8.547612284685973,0.0,-10.429453021532915,0.0,2.0,9.0,-2.9259839766521
07-12,0.0,-1.2592251059362893,0.0,0.0,-23.448291624715957,-9.606770208501905,4.010303932827992,5.319795665114038,0.0,-10.429453021532915,0.0,2.0,9.0,-3.2194218511586397
07-13,0.0,-1.2592251059362893,0.0,0.0,-23.448291624715957,-9.606770208501905,4.010303932827992,5.319795665114038,0.0,-10.429453021532915,3.7807594068374026,3.0,8.0,-2.875716450537057
07-14,0.0,-1.2592251059362893,0.0,0.0,-23.448291624715957,-9.606770208501905,4.010303932827992,4.578258296772094,0.0,-10.429453021532915,3.7807594068374026,3.0,8.0,-2.9431289385681434
07-15,0.0,-1.2592251059362893,0.0,0.0,-23.448291624715957,-9.606770208501905,4.010303932827992,4.578258296772094,0.0,-10.429453021532915,3.7807594068374026,3.0,8.0,-2.9431289385681434
07-16,0.0,-1.2592251059362893,0.0,0.0,-23.448291624715957,-9.606770208501905,4.010303932827992,4.578258296772094,0.0,-10.429453021532915,3.7807594068374026,3.0,8.0,-2.9431289385681434
07-17,0.0,-0.662624348247533,0.0,0.0,-23.448291624715957,-9.606770208501905,4.010303932827992,4.578258296772094,0.0,-10.429453021532915,4.327105289643584,3.0,8.0,-2.8392246985231493
07-18,0.0,-0.662624348247533,0.0,0.0,-23.448291624715957,-9.606770208501905,4.010303932827992,4.578258296772094,0.0,-10.429453021532915,4.327105289643584,3.0,8.0,-2.8392246985231493
07-19,0.0,-0.662624348247533,0.0,0.0,-23.448291624715957,-9.606770208501905,4.010303932827992,4.578258296772094,0.0,-10.429453021532915,4.327105289643584,3.0,8.0,-2.8392246985231493
07-20,0.0,-0.662624348247533,0.0,0.0,-23.448291624715957,-9.606770208501905,4.010303932827992,4.578258296772094,0.0,-10.429453021532915,4.327105289643584,3.0,8.0,-2.8392246985231493
07-21,0.0,-0.662624348247533,0.0,0.0,-23.448291624715957,-9.606770208501905,4.010303932827992,4.578258296772094,0.0,-10.429453021532915,4.327105289643584,3.0,8.0,-2.8392246985231493
07-22,0.0,-0.662624348247533,0.0,0.0,-23.448291624715957,-9.606770208501905,4.010303932827992,4.578258296772094,0.0,-10.429453021532915,4.327105289643584,3.0,8.0,-2.8392246985231493
07-23,0.0,-0.662624348247533,0.0,0.0,-23.448291624715957,-9.606770208501905,4.010303932827992,4.578258296772094,0.0,-10.429453021532915,4.327105289643584,3.0,8.0,-2.8392246985231493
07-24,0.0,-0.662624348247533,0.0,0.0,-23.448291624715957,-9.606770208501905,4.010303932827992,4.578258296772094,0.0,-10.429453021532915,4.327105289643584,3.0,8.0,-2.8392246985231493
07-25,0.0,-0.662624348247533,0.0,0.0,-23.448291624715957,-9.606770208501905,4.010303932827992,4.578258296772094,0.0,-10.429453021532915,4.327105289643584,3.0,8.0,-2.8392246985231493
07-26,0.0,-0.662624348247533,0.0,0.0,-23.448291624715957,-9.606770208501905,4.010303932827992,4.578258296772094,0.0,-6.983650423652437,4.327105289643584,3.0,8.0,-2.525969916897651
07-27,-8.581414535115902,-0.662624348247533,0.0,0.0,-23.448291624715957,-9.606770208501905,-1.2239544085517622,4.578258296772094,0.0,-6.983650423652437,4.327105289643584,2.0,9.0,-3.781940178397256
07-28,-8.581414535115902,-0.662624348247533,0.0,0.0,-23.448291624715957,-9.606770208501905,-1.2239544085517622,2.8915462873157973,0.0,-6.983650423652437,4.327105289643584,2.0,9.0,-3.9352776338023743
07-29,-8.581414535115902,-0.662624348247533,0.0,0.0,-23.448291624715957,-9.606770208501905,-2.1951453857434813,2.8915462873157973,0.0,-6.983650423652437,4.327105289643584,2.0,9.0,-4.023567722637985
07-30,-8.581414535115902,-0.662624348247533,0.0,0.0,-23.448291624715957,-9.606770208501905,-2.8810497728684665,2.8915462873157973,0.0,-6.983650423652437,4.327105289643584,2.0,9.0,-4.085922666922074
07-31,-8.581414535115902,-0.662624348247533,0.0,0.0,-3.5862434306868063,-9.606770208501905,-2.8810497728684665,2.8915462873157973,0.0,-6.983650423652437,4.327105289643584,2.0,9.0,-2.2802819220103334
08-01,-8.581414535115902,-0.662624348247533,0.0,0.0,-3.5862434306868063,-9.606770208501905,-2.8810497728684665,2.8915462873157973,0.0,-6.983650423652437,4.327105289643584,2.0,9.0,-2.2802819220103334
08-02,-8.581414535115902,-0.662624348247533,0.0,0.0,-3.5862434306868063,-9.606770208501905,-2.8810497728684665,0.36142518907815874,0.0,-6.983650423652437,4.327105289643584,2.0,9.0,-2.5102929309410276
08-03,15.418899075088389,-0.662624348247533,0.0,0.0,-3.5862434306868063,-9.606770208501905,-2.8810497728684665,0.36142518907815874,0.0,-6.983650423652437,4.327105289643584,3.0,8.0,-0.3284462391042743
08-04,15.418899075088389,0.5891816346259802,0.0,0.0,-3.5862434306868063,-9.606770208501905,-2.8810497728684665,0.36142518907815874,0.0,-6.983650423652437,4.327105289643584,4.0,7.0,-0.214645695206682
08-05,15.418899075088389,0.0,0.0,0.0,-3.5862434306868063,-9.606770208501905,-2.8810497728684665,5.593639156214824,0.0,-6.983650423652437,4.327105289643584,3.0,8.0,0.20744815320338014
08-06,15.418899075088389,0.0,0.0,0.0,0.0,-9.606770208501905,-2.8810497728684665,5.593639156214824,2.440693397796144,-6.983650423652437,4.327105289643584,4.0,7.0,0.7553515012472848
08-07,22.10351901654628,0.0,0.0,0.0,0.0,-9.606770208501905,-2.8810497728684665,5.593639156214824,2.440693397796144,3.7890088203958983,4.327105289643584,5.0,6.0,2.3423768817478505
08-08,22.10351901654628,0.0,0.0,0.0,0.0,-9.606770208501905,-6.90586247808711,5.593639156214824,2.440693397796144,3.7890088203958983,4.327105289643584,5.0,6.0,1.9764848176370649
08-09,22.10351901654628,0.0,0.0,0.0,0.0,-9.606770208501905,-6.90586247808711,5.593639156214824,2.440693397796144,3.7890088203958983,4.327105289643584,5.0,6.0,1.9764848176370649
08-10,22.10351901654628,0.0,0.0,0.0,0.0,-9.606770208501905,-6.90586247808711,5.821976153420075,2.440693397796144,3.7890088203958983,4.327105289643584,5.0,6.0,1.9972427264739059
08-11,29.2308244161894,0.0,0.0,0.0,0.0,-9.606770208501905,-6.90586247808711,5.821976153420075,5.358333077950725,10.069444444444445,4.327105289643584,5.0,6.0,3.481368245005383
08-12,29.2308244161894,0.0,0.0,0.0,0.0,1.8909329728005402,-6.90586247808711,5.251193101733465,5.358333077950725,10.069444444444445,4.327105289643584,6.0,5.0,4.474724620425004
08-13,29.2308244161894,0.0,0.0,-13.757836343573313,0.0,1.8909329728005402,-6.90586247808711,5.251193101733465,5.358333077950725,10.069444444444445,4.327105289643584,6.0,5.0,3.2240122255547026
08-14,29.2308244161894,0.0,0.0,-13.757836343573313,0.0,0.0,-6.90586247808711,5.251193101733465,5.358333077950725,10.069444444444445,4.327105289643584,5.0,6.0,3.0521092280273816
08-15,29.2308244161894,0.0,0.0,-13.757836343573313,0.0,0.0,-6.90586247808711,5.251193101733465,5.358333077950725,10.069444444444445,4.327105289643584,5.0,6.0,3.0521092280273816
08-16,29.2308244161894,0.0,0.0,-13.757836343573313,0.0,0.0,-6.90586247808711,5.251193101733465,5.358333077950725,9.444448682996962,4.327105289643584,5.0,6.0,2.9952914315321553
08-17,29.2308244161894,0.0,0.0,-13.757836343573313,0.0,0.0,-6.90586247808711,4.5091184366601915,5.358333077950725,9.444448682996962,4.327105289643584,5.0,6.0,2.9278300983436765
08-18,9.149714222850521,0.0,0.0,-13.757836343573313,0.0,0.0,-6.90586247808711,4.5091184366601915,5.358333077950725,9.444448682996962,4.327105289643584,5.0,6.0,1.10227462622196
08-19,9.149714222850521,0.0,0.0,-13.757836343573313,0.0,0.0,-6.90586247808711,4.5091184366601915,5.358333077950725,9.444448682996962,4.327105289643584,5.0,6.0,1.10227462622196
08-20,9.149714222850521,0.0,0.0,-13.757836343573313,0.0,0.0,-8.83106668564997,4.5091184366601915,5.358333077950725,9.444448682996962,4.327105289643584,5.0,6.0,0.9272560618980638
08-21,9.149714222850521,0.0,0.0,-13.757836343573313,0.0,0.0,-8.83106668564997,4.5091184366601915,5.358333077950725,9.444448682996962,4.327105289643584,5.0,6.0,0.9272560618980638
08-22,9.149714222850521,0.0,0.0,-13.757836343573313,0.0,0.0,-8.83106668564997,4.5091184366601915,5.358333077950725,9.444448682996962,4.327105289643584,5.0,6.0,0.9272560618980638
08-23,9.149714222850521,0.0,0.0,-13.757836343573313,0.0,0.0,-7.515130505962067,4.5091184366601915,5.358333077950725,9.444448682996962,4.327105289643584,5.0,6.0,1.046886623687873
08-24,9.149714222850521,0.0,0.0,-13.757836343573313,0.0,0.0,-7.515130505962067,5.251193101733465,5.358333077950725,9.444448682996962,4.327105289643584,5.0,6.0,1.1143479568763526
08-25,9.149714222850521,0.0,0.0,-13.757836343573313,0.0,0.0,-7.515130505962067,5.251193101733465,5.358333077950725,9.444448682996962,0.5678135468936597,5.0,6.0,0.7725941620809048
08-26,9.149714222850521,0.0,0.0,-13.757836343573313,0.0,0.0,-7.515130505962067,5.251193101733465,5.358333077950725,9.444448682996962,0.5678135468936597,5.0,6.0,0.7725941620809048
08-27,9.149714222850521,0.0,0.0,-13.757836343573313,0.0,0.0,-8.644069917019138,5.251193101733465,5.358333077950725,9.444448682996962,0.0,4.0,7.0,0.6183438931762929
08-28,9.149714222850521,0.0,0.0,-13.757836343573313,0.0,0.0,-8.644069917019138,5.251193101733465,5.358333077950725,9.444448682996962,0.0,4.0,7.0,0.6183438931762929
08-29,0.0,0.0,0.0,-13.757836343573313,0.0,0.0,-8.644069917019138,5.251193101733465,5.358333077950725,9.444448682996962,0.0,3.0,8.0,-0.21344830890102706
08-30,0.0,0.0,0.0,-13.757836343573313,0.0,0.0,-8.644069917019138,5.251193101733465,5.358333077950725,9.444448682996962,0.0,3.0,8.0,-0.21344830890102706
08-31,0.0,0.0,0.0,-13.757836343573313,0.0,0.0,-8.644069917019138,5.251193101733465,5.358333077950725,9.444448682996962,0.0,3.0,8.0,-0.21344830890102706
09-01,0.0,0.0,0.0,-13.757836343573313,0.0,0.0,-8.644069917019138,5.251193101733465,5.358333077950725,9.444448682996962,0.0,3.0,7.0,-0.21344830890102706
09-02,0.0,0.0,0.0,-13.757836343573313,0.0,0.0,-8.644069917019138,5.251193101733465,5.358333077950725,14.77124581929126,0.0,3.0,7.0,0.2708059762166364
09-03,0.0,0.0,0.0,-13.757836343573313,0.0,0.0,-8.644069917019138,5.251193101733465,5.358333077950725,14.77124581929126,0.0,3.0,7.0,0.2708059762166364
09-04,0.0,0.0,0.0,-13.757836343573313,0.0,0.0,-8.644069917019138,5.251193101733465,-2.1931020165440622,14.77124581929126,0.0,2.0,8.0,-0.4156881232828899
09-05,0.0,0.0,0.0,-13.757836343573313,0.0,0.0,-8.644069917019138,5.251193101733465,-2.1931020165440622,12.026139801623774,0.0,2.0,9.0,-0.6652432157981157
09-06,0.0,0.0,0.0,-13.757836343573313,0.0,0.0,-8.644069917019138,5.251193101733465,-2.1931020165440622,12.026139801623774,-2.736109073897913,2.0,9.0,-0.9139804043342896
09-07,0.0,0.0,0.0,-13.757836343573313,0.0,0.0,-8.644069917019138,5.251193101733465,-2.1931020165440622,12.026139801623774,-1.823932481821313,2.0,9.0,-0.8310552596000533
09-08,0.0,0.0,0.0,2.755368715808897,0.0,0.0,-7.61159288466575,5.251193101733465,-2.1931020165440622,12.026139801623774,-1.823932481821313,3.0,8.0,0.7640067487395463
09-09,0.0,0.0,0.0,2.755368715808897,0.0,0.0,-6.894150130844189,5.251193101733465,-2.1931020165440622,12.026139801623774,-1.823932481821313,3.0,8.0,0.8292288172687793
09-10,0.0,0.0,0.0,2.755368715808897,0.0,0.0,-6.894150130844189,5.251193101733465,-2.1931020165440622,12.026139801623774,-1.823932481821313,3.0,8.0,0.8292288172687793
09-11,0.0,0.0,0.0,2.755368715808897,0.0,0.0,-6.894150130844189,5.251193101733465,-2.1931020165440622,12.026139801623774,-1.823932481821313,3.0,8.0,0.8292288172687793
09-12,0.0,0.0,0.0,2.755368715808897,0.0,0.0,-6.894150130844189,5.251193101733465,-2.1931020165440622,12.026139801623774,-1.823932481821313,3.0,8.0,0.8292288172687793
09-13,0.0,0.0,0.0,2.755368715808897,0.0,0.0,-6.894150130844189,5.251193101733465,-2.1931020165440622,12.026139801623774,-1.823932481821313,3.0,8.0,0.8292288172687793
09-14,0.0,0.0,0.0,2.755368715808897,0.0,0.0,-6.894150130844189,5.251193101733465,-2.1931020165440622,12.026139801623774,-1.823932481821313,3.0,8.0,0.8292288172687793
09-15,0.0,0.0,0.0,2.755368715808897,0.0,0.0,-6.894150130844189,0.0,-2.1931020165440622,12.026139801623774,-1.823932481821313,2.0,9.0,0.35184762620210075
09-16,0.0,0.0,0.0,2.755368715808897,0.0,0.0,-6.894150130844189,0.0,-2.1931020165440622,12.026139801623774,-1.823932481821313,2.0,9.0,0.35184762620210075
09-17,0.0,0.0,0.0,2.755368715808897,0.0,0.0,-6.894150130844189,0.0,-2.1931020165440622,12.026139801623774,-1.823932481821313,2.0,9.0,0.35184762620210075
09-18,0.0,0.0,0.0,2.755368715808897,0.0,0.0,-6.894150130844189,0.0,-4.749721554740457,12.026139801623774,-1.823932481821313,2.0,9.0,0.1194276681842466
09-19,0.0,0.0,0.0,2.755368715808897,0.0,0.0,-6.894150130844189,0.0,-4.749721554740457,12.026139801623774,-1.823932481821313,2.0,9.0,0.1194276681842466
09-20,0.0,0.0,0.0,2.755368715808897,0.0,0.0,-2.869778374352756,0.0,-4.749721554740457,12.026139801623774,-1.823932481821313,2.0,9.0,0.48527964604710405
09-21,0.0,0.0,0.0,2.755368715808897,0.0,0.0,-2.869778374352756,0.0,-7.978975159761774,-2.127659574468085,-1.823932481821313,1.0,10.0,-1.0949978976904573
09-22,0.0,0.0,0.0,2.755368715808897,0.0,0.0,-2.869778374352756,0.0,-7.978975159761774,-2.127659574468085,-1.823932481821313,1.0,10.0,-1.0949978976904573
09-23,0.0,0.0,0.0,2.755368715808897,0.0,0.0,-2.869778374352756,0.0,-7.978975159761774,-2.127659574468085,-1.823932481821313,1.0,10.0,-1.0949978976904573
09-24,0.0,0.0,0.0,2.755368715808897,0.0,0.0,-2.869778374352756,0.0,-7.978975159761774,-2.127659574468085,-1.823932481821313,1.0,10.0,-1.0949978976904573
09-25,0.0,0.0,0.0,14.516103321013205,0.0,0.0,-2.869778374352756,0.0,-7.978975159761774,-2.127659574468085,-1.823932481821313,1.0,10.0,-0.02584020630824748
09-26,0.0,0.0,0.0,14.516103321013205,0.0,0.0,-2.869778374352756,0.0,-7.978975159761774,-2.127659574468085,-1.823932481821313,1.0,10.0,-0.02584020630824748
09-27,0.0,0.0,0.0,14.516103321013205,0.0,0.0,-2.869778374352756,0.0,-7.978975159761774,-2.127659574468085,-1.823932481821313,1.0,10.0,-0.02584020630824748
09-28,0.0,0.0,0.0,14.516103321013205,0.0,0.0,-2.869778374352756,0.0,-7.978975159761774,-2.127659574468085,-1.823932481821313,1.0,10.0,-0.02584020630824748
09-29,0.0,0.0,0.0,14.516103321013205,0.0,0.0,-2.869778374352756,0.0,-7.978975159761774,-2.127659574468085,-1.823932481821313,1.0,10.0,-0.02584020630824748
09-30,0.0,0.0,0.0,14.516103321013205,0.0,0.0,-1.0500284059967422,0.0,-7.978975159761774,-2.127659574468085,-1.823932481821313,1.0,10.0,0.1395916089968447
10-01,0.0,0.0,0.0,14.516103321013205,0.0,0.0,-1.0500284059967422,0.0,-7.978975159761774,-2.127659574468085,-1.823932481821313,1.0,10.0,0.1395916089968447
10-02,0.0,0.0,0.0,14.516103321013205,0.0,0.0,-1.0500284059967422,0.0,-7.978975159761774,-2.127659574468085,-1.823932481821313,1.0,10.0,0.1395916089968447
10-03,0.0,0.0,0.0,14.516103321013205,0.0,0.0,-1.0500284059967422,0.0,-7.978975159761774,-2.127659574468085,-1.823932481821313,1.0,10.0,0.1395916089968447
10-04,0.0,0.0,0.0,14.516103321013205,0.0,0.0,-1.0500284059967422,0.0,-7.978975159761774,-2.127659574468085,-1.823932481821313,1.0,10.0,0.1395916089968447
10-05,0.0,0.0,0.0,14.516103321013205,0.0,0.0,-1.0500284059967422,0.0,-7.978975159761774,-2.127659574468085,-1.823932481821313,1.0,10.0,0.1395916089968447
10-06,0.0,0.0,0.0,14.516103321013205,0.0,0.0,-1.0500284059967422,-1.2716522431056132,-7.978975159761774,-2.127659574468085,-1.823932481821313,1.0,10.0,0.023986859623607106
10-07,0.0,0.0,0.0,16.487008825059142,0.0,0.0,0.0,-1.2716522431056132,-6.999997543335823,-2.127659574468085,-1.823932481821313,1.0,10.0,0.38761518021166436
10-08,0.0,0.0,0.0,16.487008825059142,0.0,0.0,0.0,-1.2716522431056132,-6.999997543335823,-2.127659574468085,-1.823932481821313,1.0,10.0,0.38761518021166436
10-09,0.0,0.0,0.0,16.487008825059142,0.0,0.0,0.0,-1.2716522431056132,-6.999997543335823,-2.127659574468085,-1.823932481821313,1.0,10.0,0.38761518021166436
10-10,0.0,0.0,0.0,16.487008825059142,0.0,0.0,0.0,-1.2716522431056132,-6.999997543335823,-2.127659574468085,-1.823932481821313,1.0,10.0,0.38761518021166436
10-11,0.0,0.0,0.0,16.487008825059142,0.0,0.0,0.0,-1.2716522431056132,-6.999997543335823,-2.127659574468085,-1.823932481821313,1.0,10.0,0.38761518021166436
10-12,0.0,0.0,0.0,12.396608277640555,0.0,0.0,0.0,-1.2716522431056132,-6.999997543335823,-2.127659574468085,-1.823932481821313,1.0,10.0,0.01576058499179274
10-13,0.0,0.0,0.0,12.396608277640555,0.0,0.0,0.0,-1.2716522431056132,-6.999997543335823,-2.127659574468085,-1.823932481821313,1.0,10.0,0.01576058499179274
10-14,0.0,0.0,0.0,12.396608277640555,0.0,0.0,0.0,-1.2716522431056132,-6.999997543335823,-2.127659574468085,-1.823932481821313,1.0,10.0,0.01576058499179274
10-15,0.0,0.0,0.0,12.396608277640555,0.0,0.0,0.0,-1.2716522431056132,-6.999997543335823,-8.51063829787234,-1.823932481821313,1.0,10.0,-0.5645102080449577
10-16,0.0,0.0,0.0,12.396608277640555,0.0,0.0,0.0,-1.2716522431056132,-6.999997543335823,-8.51063829787234,-1.823932481821313,1.0,10.0,-0.5645102080449577
10-17,0.0,0.0,0.0,12.396608277640555,0.0,0.0,0.0,-1.2716522431056132,0.9066372550558951,-8.51063829787234,0.8878831408930161,3.0,8.0,0.4008034666010465
10-18,0.0,0.0,0.0,12.396608277640555,0.0,0.0,0.0,-1.2716522431056132,0.9066372550558951,-8.51063829787234,0.8878831408930161,3.0,8.0,0.4008034666010465
10-19,0.0,0.0,0.0,-2.479408550281555,0.0,0.0,0.0,-1.2716522431056132,0.9066372550558951,-8.51063829787234,0.8878831408930161,2.0,9.0,-0.9515616995736906
10-20,1.9827814717411514,0.0,0.0,-2.479408550281555,0.0,0.0,0.0,-1.2716522431056132,0.9066372550558951,-8.51063829787234,0.0,2.0,9.0,-0.8520254876784056
10-21,1.9827814717411514,0.0,0.0,-2.479408550281555,0.0,0.0,0.0,-1.2716522431056132,0.9066372550558951,-8.51063829787234,0.0,2.0,9.0,-0.8520254876784056
10-22,1.9827814717411514,0.0,0.0,-2.479408550281555,0.0,0.0,-4.997209074618156,0.6239294048088257,0.9066372550558951,-8.51063829787234,0.0,3.0,8.0,-1.1339916173787434
10-23,1.9827814717411514,0.0,0.0,-2.479408550281555,0.0,0.0,-4.997209074618156,0.6239294048088257,0.9066372550558951,-8.51063829787234,0.0,3.0,8.0,-1.1339916173787434
10-24,3.439513311247608,0.0,0.0,-2.479408550281555,0.0,0.0,-4.997209074618156,0.6239294048088257,0.9066372550558951,-8.51063829787234,0.0,3.0,8.0,-1.0015614501508838
10-25,3.439513311247608,0.0,0.0,-2.479408550281555,0.0,0.0,-4.997209074618156,0.6239294048088257,0.9066372550558951,-8.51063829787234,0.0,3.0,8.0,-1.0015614501508838
10-26,10.236940138431866,-7.867587947512815,0.0,-2.479408550281555,0.0,0.0,-4.997209074618156,0.6239294048088257,0.9066372550558951,-8.51063829787234,0.0,3.0,8.0,-1.0988488247262074
10-27,10.236940138431866,-7.867587947512815,0.0,-2.479408550281555,0.0,0.0,-4.997209074618156,-0.27620274051440286,0.9066372550558951,-8.51063829787234,0.0,2.0,9.0,-1.1806790197555916
10-28,10.236940138431866,-7.867587947512815,0.0,-2.479408550281555,0.0,0.0,-4.997209074618156,-0.27620274051440286,0.9066372550558951,-8.51063829787234,0.0,2.0,9.0,-1.1806790197555916
10-29,10.236940138431866,-7.867587947512815,0.0,-2.479408550281555,0.0,0.0,-4.997209074618156,-0.27620274051440286,0.9066372550558951,-12.252381932743358,0.0,2.0,9.0,-1.5208375320165934
10-30,10.236940138431866,-7.867587947512815,0.0,-2.479408550281555,0.0,0.0,-4.997209074618156,-0.27620274051440286,0.9066372550558951,-12.252381932743358,0.0,2.0,9.0,-1.5208375320165934
10-31,10.236940138431866,0.9453577876208824,0.0,-2.479408550281555,-4.693066863212176,0.0,-4.997209074618156,-0.27620274051440286,0.9066372550558951,-12.252381932743358,0.0,3.0,8.0,-1.1463030891146369
11-01,10.236940138431866,0.9453577876208824,0.0,-2.479408550281555,-4.693066863212176,0.0,-4.997209074618156,-0.27620274051440286,0.9066372550558951,-3.4482735458615257,0.0,3.0,8.0,-0.3459295993981067
11-02,10.236940138431866,0.878445320876224,0.0,-2.479408550281555,-4.693066863212176,0.0,-4.997209074618156,-0.27620274051440286,0.9066372550558951,-3.524231394499846,0.0,3.0,8.0,-0.3589178098874683
11-03,5.643142042348357,0.878445320876224,0.0,-2.479408550281555,-4.693066863212176,0.0,-4.997209074618156,-0.27620274051440286,0.9066372550558951,-3.524231394499846,0.0,3.0,8.0,-0.7765358186223327
11-04,5.643142042348357,0.878445320876224,0.0,-2.479408550281555,-4.693066863212176,0.0,-4.997209074618156,-0.27620274051440286,0.9066372550558951,-3.524231394499846,0.0,3.0,8.0,-0.7765358186223327
11-05,5.643142042348357,0.878445320876224,0.0,-2.479408550281555,-4.693066863212176,0.0,-4.997209074618156,-0.27620274051440286,0.9066372550558951,-3.524231394499846,0.0,3.0,8.0,-0.7765358186223327
11-06,5.643142042348357,0.878445320876224,0.0,-2.479408550281555,-4.693066863212176,0.0,-4.997209074618156,-0.27620274051440286,0.9066372550558951,-3.524231394499846,0.0,3.0,8.0,-0.7765358186223327
11-07,5.643142042348357,0.878445320876224,0.0,-2.479408550281555,-4.693066863212176,0.0,-4.997209074618156,-0.27620274051440286,0.9066372550558951,-3.524231394499846,0.0,3.0,8.0,-0.7765358186223327
11-08,5.643142042348357,0.878445320876224,0.0,-2.479408550281555,-4.693066863212176,0.0,-4.997209074618156,-0.27620274051440286,0.9066372550558951,-3.524231394499846,0.0,3.0,8.0,-0.7765358186223327
11-09,5.643142042348357,0.878445320876224,0.0,-2.479408550281555,-4.693066863212176,0.0,-4.997209074618156,-0.27620274051440286,-7.398850742636781,-3.524231394499846,0.0,2.0,9.0,-1.5315801820489396
11-10,3.7344056743988356,0.878445320876224,0.0,-2.479408550281555,-4.693066863212176,0.0,-4.997209074618156,-0.27620274051440286,-7.398850742636781,-3.524231394499846,0.0,2.0,9.0,-1.7051016700443506
11-11,3.7344056743988356,0.878445320876224,0.0,-2.479408550281555,-4.693066863212176,0.0,-4.997209074618156,-0.27620274051440286,-7.398850742636781,-3.524231394499846,0.0,2.0,9.0,-1.7051016700443506
11-12,3.7344056743988356,0.878445320876224,0.0,-2.479408550281555,-4.693066863212176,0.0,-4.997209074618156,-0.27620274051440286,-7.398850742636781,-3.524231394499846,0.0,2.0,9.0,-1.7051016700443506
11-13,3.7344056743988356,0.878445320876224,0.0,-2.479408550281555,-4.693066863212176,0.0,-4.997209074618156,-0.27620274051440286,-7.398850742636781,-3.524231394499846,0.0,2.0,9.0,-1.7051016700443506
11-14,2.282122643192346,0.878445320876224,0.0,-2.479408550281555,-4.693066863212176,0.0,-4.997209074618156,-0.27620274051440286,-7.398850742636781,-3.524231394499846,0.0,2.0,9.0,-1.8371274001540316
11-15,2.282122643192346,0.878445320876224,0.0,-2.479408550281555,-4.693066863212176,0.0,-4.997209074618156,-0.27620274051440286,-7.398850742636781,-3.524231394499846,0.0,2.0,9.0,-1.8371274001540316
11-16,2.282122643192346,0.878445320876224,0.0,-2.479408550281555,-4.693066863212176,0.0,-4.997209074618156,0.9829497994183053,-7.398850742636781,-3.524231394499846,0.0,3.0,8.0,-1.7226589874328762
11-17,2.282122643192346,8.108119811341998,0.0,-2.479408550281555,-4.693066863212176,0.0,-4.997209074618156,0.9829497994183053,-8.38147759610311,-3.524231394499846,0.0,3.0,8.0,-1.1547455658874721
11-18,2.282122643192346,8.108119811341998,0.0,-2.479408550281555,-4.693066863212176,0.0,-4.997209074618156,0.9829497994183053,-8.38147759610311,-3.524231394499846,0.0,3.0,7.0,-1.1547455658874721
11-19,2.282122643192346,8.108119811341998,0.0,-4.897921257364765,-4.693066863212176,0.0,-4.997209074618156,0.9829497994183053,-8.38147759610311,-3.524231394499846,0.0,3.0,7.0,-1.3746103574404913
11-20,2.282122643192346,8.108119811341998,0.0,-4.897921257364765,-4.693066863212176,0.0,-4.997209074618156,0.9829497994183053,-8.38147759610311,-3.524231394499846,0.0,3.0,7.0,-1.3746103574404913
11-21,2.282122643192346,8.108119811341998,0.0,-4.897921257364765,-4.693066863212176,0.0,-4.997209074618156,0.9829497994183053,-8.38147759610311,-3.524231394499846,0.0,3.0,7.0,-1.3746103574404913
11-22,2.282122643192346,8.108119811341998,0.0,0.0,-4.693066863212176,0.0,-4.997209074618156,0.9829497994183053,-8.38147759610311,-3.524231394499846,0.0,3.0,7.0,-0.9293447885891489
11-23,2.282122643192346,8.108119811341998,0.0,0.0,-4.693066863212176,0.0,-4.997209074618156,0.9829497994183053,-8.38147759610311,-3.524231394499846,0.0,3.0,7.0,-0.9293447885891489
11-24,2.282122643192346,8.108119811341998,0.0,0.0,-4.693066863212176,0.0,-4.997209074618156,0.9829497994183053,-8.38147759610311,-3.524231394499846,0.0,3.0,7.0,-0.9293447885891489
11-25,2.282122643192346,8.108119811341998,0.0,0.0,-4.693066863212176,0.0,-4.997209074618156,0.9829497994183053,-8.38147759610311,-3.524231394499846,0.0,3.0,7.0,-0.9293447885891489
11-26,2.282122643192346,8.108119811341998,0.0,0.0,-4.693066863212176,0.0,-4.997209074618156,0.9829497994183053,-8.38147759610311,-3.524231394499846,0.0,3.0,7.0,-0.9293447885891489
11-27,2.282122643192346,8.108119811341998,0.0,0.0,-4.693066863212176,0.0,-4.997209074618156,0.9829497994183053,-8.38147759610311,-3.524231394499846,0.0,3.0,7.0,-0.9293447885891489
11-28,-5.117693295179585,8.108119811341998,0.0,0.0,-4.693066863212176,0.0,-4.997209074618156,0.9829497994183053,-8.38147759610311,-3.524231394499846,0.0,2.0,8.0,-1.6020553284411427
11-29,-5.482436682999723,8.108119811341998,0.0,0.0,-4.693066863212176,0.0,-4.997209074618156,0.9829497994183053,-8.38147759610311,-3.524231394499846,0.0,2.0,8.0,-1.6352138182429734
11-30,-5.482436682999723,8.108119811341998,0.0,0.0,-4.693066863212176,0.0,-4.997209074618156,0.9829497994183053,-8.38147759610311,-3.524231394499846,0.0,2.0,8.0,-1.6352138182429734
12-01,-5.482436682999723,-0.06755106600778396,0.0,0.0,-4.693066863212176,0.0,-4.997209074618156,0.9829497994183053,-8.38147759610311,-3.524231394499846,0.0,1.0,9.0,-2.378456625274772
12-02,-5.482436682999723,-0.06755106600778396,0.0,0.0,-4.693066863212176,0.0,0.0,-0.9057835955196101,-8.38147759610311,-3.524231394499846,0.0,0.0,10.0,-2.095867927122023
12-03,-5.482436682999723,-0.06755106600778396,0.0,0.0,-4.693066863212176,0.0,0.0,-0.9057835955196101,-8.38147759610311,-3.524231394499846,0.0,0.0,10.0,-2.095867927122023
12-04,-5.482436682999723,-0.06755106600778396,0.0,0.0,-4.693066863212176,0.0,0.0,-0.9057835955196101,-8.38147759610311,-3.524231394499846,0.0,0.0,10.0,-2.095867927122023
12-05,-0.34698572275164746,-0.06755106600778396,0.0,0.0,-4.693066863212176,0.0,0.0,-0.9057835955196101,-8.38147759610311,-3.524231394499846,0.0,0.0,10.0,-1.6290087489176521
12-06,-0.34698572275164746,-0.06755106600778396,0.0,0.0,-4.693066863212176,0.0,0.0,-0.9057835955196101,-8.38147759610311,-3.524231394499846,0.0,0.0,10.0,-1.6290087489176521
12-07,-0.34698572275164746,-0.06755106600778396,0.0,0.0,-4.693066863212176,0.0,0.0,0.0,-8.38147759610311,-1.7315972516566132,0.0,0.0,10.0,-1.383698045430121
12-08,-0.34698572275164746,-0.06755106600778396,0.0,0.0,-4.693066863212176,0.0,0.0,0.0,-8.38147759610311,-2.1739130434782608,0.0,0.0,10.0,-1.4239085719593618
12-09,0.0,-0.06755106600778396,0.0,0.0,-4.693066863212176,0.0,0.0,0.0,-8.38147759610311,-2.1739130434782608,0.0,0.0,10.0,-1.3923644153455756
12-10,0.0,0.0,0.0,0.0,-4.693066863212176,0.0,0.0,0.0,-8.38147759610311,-2.1739130434782608,0.0,0.0,10.0,-1.3862234093448682
12-11,0.0,0.0,0.0,0.0,0.0,-14.756850094485952,0.0,0.0,-8.38147759610311,1.2318818465523305,0.0,1.0,9.0,-1.9914950767306119
12-12,0.0,0.0,0.0,0.0,0.0,-14.756850094485952,0.0,0.0,-8.38147759610311,1.2318818465523305,0.0,1.0,9.0,-1.9914950767306119
12-13,0.0,0.0,0.0,0.0,0.0,-14.756850094485952,0.0,0.0,-8.38147759610311,1.3043500375056405,0.0,1.0,9.0,-1.9849070593712204
12-14,0.0,0.0,0.0,1.5063334083825746,0.0,-14.756850094485952,0.0,0.0,-8.38147759610311,1.3043500375056405,0.0,2.0,8.0,-1.847967658609168
12-15,0.0,0.0,0.0,1.5063334083825746,0.0,-14.756850094485952,0.0,0.0,-8.38147759610311,1.3043500375056405,0.0,2.0,8.0,-1.847967658609168
12-16,0.0,0.0,0.0,1.5063334083825746,0.0,-14.756850094485952,0.0,0.0,-8.38147759610311,1.3043500375056405,0.0,2.0,8.0,-1.847967658609168
12-17,0.0,0.0,0.0,1.5063334083825746,0.0,-14.756850094485952,0.0,0.0,-8.38147759610311,1.3043500375056405,0.0,2.0,8.0,-1.847967658609168
12-18,0.0,0.0,0.0,1.5063334083825746,0.0,-14.756850094485952,0.0,0.0,-8.38147759610311,1.3043500375056405,0.0,2.0,7.0,-1.847967658609168
12-19,0.0,0.0,0.0,1.5063334083825746,0.0,-14.756850094485952,0.0,0.0,-8.38147759610311,1.3043500375056405,0.0,2.0,7.0,-1.847967658609168
12-20,0.0,0.0,0.0,1.5063334083825746,0.0,-14.756850094485952,0.0,0.0,0.0,1.3043500375056405,0.0,2.0,7.0,-1.0860151498725215
12-21,0.0,0.0,0.0,1.5063334083825746,0.0,-14.756850094485952,0.0,0.0,7.2385265546799085,1.3043500375056405,0.0,3.0,6.0,-0.4279672812652571
12-22,0.0,0.0,0.0,1.5063334083825746,0.0,-14.756850094485952,0.0,0.0,7.2385265546799085,1.3043500375056405,0.0,3.0,6.0,-0.4279672812652571
12-23,0.0,0.0,0.0,-0.13793556324326434,0.0,-14.756850094485952,0.0,0.0,7.2385265546799085,1.3043500375056405,0.0,2.0,7.0,-0.5774462786857879
12-24,0.0,0.0,0.0,-0.13793556324326434,0.0,-14.756850094485952,0.0,0.0,7.2385265546799085,1.3043500375056405,0.0,2.0,7.0,-0.5774462786857879
12-26,2.387291408026697,0.0,0.0,-0.13793556324326434,0.0,-14.756850094485952,0.0,0.0,7.2385265546799085,1.3043500375056405,0.0,3.0,6.0,-0.3604197870469971
12-27,2.387291408026697,0.0,0.0,-0.13793556324326434,0.0,-14.756850094485952,0.0,0.0,7.2385265546799085,1.3043500375056405,0.0,3.0,6.0,-0.3604197870469971
12-28,2.387291408026697,0.0,0.0,-0.13793556324326434,0.0,-14.756850094485952,0.0,0.0,7.2385265546799085,1.3043500375056405,0.0,3.0,6.0,-0.3604197870469971
12-29,2.387291408026697,0.0,0.0,-0.13793556324326434,0.0,-14.756850094485952,0.0,0.0,7.2385265546799085,5.416668785942905,0.0,3.0,6.0,0.013427371901845075
12-30,2.387291408026697,0.0,0.0,-0.13793556324326434,0.0,-14.756850094485952,0.0,0.0,7.2385265546799085,5.416668785942905,0.0,3.0,6.0,0.013427371901845075
12-31,2.387291408026697,0.0,0.0,-0.13793556324326434,0.0,-14.756850094485952,0.0,0.0,7.2385265546799085,5.416668785942905,0.0,3.0,6.0,0.013427371901845075
