,2009,2011,2012,2013,2014,2015,2016,2017,2018,2019,2020,ups,downs,end_day_sum,avg
01-02,0.0,0.0,0.0,0.0,0.0016999999061226845,-0.25,0.040000002831220634,0.0,-0.00010000169277191162,0.040000006556510925,0.0,3.0,7.0,02-16,-0.015309090218083425
01-03,0.0,0.0,0.0,0.0,0.0016999999061226845,-0.050000011920929066,0.040000002831220634,0.0,-0.00010000169277191162,0.040000006556510925,0.0,3.0,7.0,02-17,0.002872726880013933
01-04,0.0,0.0,0.0,0.0,0.0016999999061226845,-0.050000011920929066,0.040000002831220634,0.0,-0.00010000169277191162,0.040000006556510925,0.0,3.0,7.0,02-18,0.002872726880013933
01-05,0.0,0.0,0.0,0.0,0.0016999999061226845,-0.050000011920929066,0.040000002831220634,0.0,-0.00010000169277191162,0.040000006556510925,0.0,3.0,7.0,02-19,0.002872726880013933
01-06,0.0,0.0,0.0,0.0,0.0016999999061226845,-0.050000011920929066,0.0,0.0,-0.00010000169277191162,0.040000006556510925,0.0,2.0,8.0,02-20,-0.0007636370137333971
01-07,0.0,0.0,0.0,0.0,0.0016999999061226845,-0.25,0.0,0.0,-0.00010000169277191162,0.040000006556510925,0.0,2.0,8.0,02-21,-0.018945454111830753
01-08,0.0,0.0,0.0,0.0,0.0016999999061226845,-0.25,0.0,0.0,-0.00010000169277191162,0.040000006556510925,0.0,2.0,8.0,02-22,-0.018945454111830753
01-09,0.0,0.0,0.0,0.0,0.0016999999061226845,-0.2900000214576721,0.0,0.0,0.0,0.040000006556510925,0.0,2.0,8.0,02-23,-0.02257272863591259
01-10,0.0,0.0,0.0,0.0,0.0016999999061226845,-0.2900000214576721,0.0,0.0,0.0,0.040000006556510925,0.0,2.0,8.0,02-24,-0.02257272863591259
01-11,0.0,0.0,0.0,0.0,0.0016999999061226845,-0.3400000333786011,0.0,0.0,0.0,0.040000006556510925,0.0,2.0,9.0,02-25,-0.02711818426508795
01-12,0.0,0.0,0.0,0.0,0.0016999999061226845,-0.3400000333786011,0.0,0.0,0.0,0.040000006556510925,0.0,2.0,9.0,02-26,-0.02711818426508795
01-13,0.0,0.0,0.0,0.0,0.0016999999061226845,-0.3400000333786011,0.0,0.0,0.0,0.040000006556510925,0.0,2.0,9.0,02-27,-0.02711818426508795
01-14,0.0,0.0,0.0,0.0,0.0016999999061226845,-0.3400000333786011,0.0,0.0,0.0,0.040000006556510925,0.0,2.0,9.0,02-28,-0.02711818426508795
01-15,0.0,0.0,0.0,0.0,0.0,-0.3400000333786011,0.0,0.0,0.0,0.040000006556510925,0.0,1.0,10.0,02-29,-0.027272729711099106
01-16,0.0,0.0,0.0,0.0,0.0,-0.3400000333786011,0.0,0.0,0.0,0.040000006556510925,0.0,1.0,10.0,03-01,-0.027272729711099106
01-17,0.0,0.0,0.0,0.0,0.0,-0.15000003576278698,0.0,0.0,0.0,0.040000006556510925,0.0,1.0,10.0,03-02,-0.010000002655116004
01-18,0.0,0.0,0.0,0.0,0.0,-0.76740001142025,0.0,0.0,0.0,0.040000006556510925,0.0,1.0,10.0,03-03,-0.06612727316943083
01-19,0.0,0.0,0.0,0.0,0.0,-0.76740001142025,0.0,0.0,0.0,0.040000006556510925,0.0,1.0,10.0,03-04,-0.06612727316943083
01-20,0.0,0.0,-0.0007999995723366755,0.0,0.0,-0.76740001142025,0.0,0.0,0.0,0.040000006556510925,0.0,1.0,10.0,03-05,-0.06620000040327961
01-21,0.0,0.0,-0.0007999995723366755,0.0,0.0,-0.76740001142025,0.0,0.0,0.0,-0.009999997913837419,0.0,0.0,11.0,03-06,-0.07074545535512947
01-22,0.0,0.0,-0.0007999995723366755,0.0,0.0,-0.8673999756574631,0.0,0.0,0.0,-0.009999997913837419,0.0,0.0,11.0,03-07,-0.07983636119487611
01-23,0.0,0.0,-0.0007999995723366755,0.0,0.0,-0.8673999756574631,0.0,0.0,0.0,-0.009999997913837419,0.0,0.0,11.0,03-08,-0.07983636119487611
01-24,0.0,0.0,-0.0007999995723366755,0.0,0.0,-0.8673999756574631,0.0,0.0,0.0,-0.03000000864267348,0.0,0.0,11.0,03-09,-0.08165454398840666
01-25,0.0,0.0,-0.0007999995723366755,0.0,0.0,-0.8673999756574631,0.0,0.0,0.0,-0.02000001072883606,0.0,0.0,11.0,03-10,-0.08074545326896689
01-26,0.0,0.0,-0.0007999995723366755,0.0,0.0,-0.8673999756574631,0.0,0.0,0.0,-0.02000001072883606,0.0,0.0,11.0,03-11,-0.08074545326896689
01-27,0.0,0.0,-0.0007999995723366755,0.0,0.0,-0.8673999756574631,0.0,0.0,0.0,-0.02000001072883606,0.0,0.0,11.0,03-12,-0.08074545326896689
01-28,0.0,0.0,-0.0007999995723366755,0.0,0.0,-0.8673999756574631,0.0,0.0,0.0,-0.02000001072883606,0.0,0.0,11.0,03-13,-0.08074545326896689
01-29,0.0,0.0,-0.0007999995723366755,0.0,0.0,-0.8673999756574631,0.0,0.0,0.0,-0.02000001072883606,0.0,0.0,11.0,03-14,-0.08074545326896689
01-30,0.0,0.0,-0.0007999995723366755,0.0,0.0,-0.8673999756574631,0.0,0.0,0.0,-0.02000001072883606,0.0,0.0,11.0,03-15,-0.08074545326896689
01-31,0.0,0.0,-0.0007999995723366755,0.0,0.0,-0.717399999499321,0.0,0.0,0.0,-0.02000001072883606,0.0,0.0,11.0,03-16,-0.06710909180004489
02-01,0.0,0.0,-0.0007999995723366755,0.0,0.0,-0.717399999499321,0.0,0.0,0.0,-0.02000001072883606,0.0,0.0,11.0,03-17,-0.06710909180004489
02-02,0.0,0.0,-0.0007999995723366755,0.0,0.0,-0.717399999499321,0.0,0.0,0.0,-0.02000001072883606,0.0,0.0,11.0,03-18,-0.06710909180004489
02-03,0.0,0.0,-0.0007999995723366755,0.0,0.0,-0.717399999499321,0.0,0.0,0.0,-0.02000001072883606,-0.10000000318541424,0.0,11.0,03-19,-0.07620000118053709
02-04,0.0,0.0,-0.0007999995723366755,0.0,0.0,-0.717399999499321,0.0,0.0,0.0,-0.02000001072883606,-0.10000000318541424,0.0,11.0,03-20,-0.07620000118053709
02-05,0.0,0.0,-0.0007999995723366755,0.0,0.0,-0.717399999499321,0.0,0.0,0.0,-0.040000006556510925,-0.10000000318541424,0.0,11.0,03-21,-0.07801818261941662
02-06,0.0,0.0,-0.0007999995723366755,0.0,0.0,-0.717399999499321,0.0,0.0,0.0,-0.040000006556510925,-0.10000000318541424,0.0,11.0,03-22,-0.07801818261941662
02-07,0.0,0.0,-0.0007999995723366755,0.0,0.0,-0.717399999499321,0.0,0.0,0.0,-0.040000006556510925,-0.10000000318541424,0.0,11.0,03-23,-0.07801818261941662
02-08,0.0,0.0,-0.0007999995723366755,0.0,0.0,-0.717399999499321,0.0,0.0,0.0,-0.040000006556510925,-0.10000000318541424,0.0,11.0,03-24,-0.07801818261941662
02-09,0.0,0.0,-0.0007999995723366755,0.0,0.0,-0.717399999499321,0.0,0.0,0.0,0.019999995827674866,-0.10000000318541424,1.0,10.0,03-25,-0.07256363694812701
02-10,0.0,0.0,-0.0007999995723366755,0.0,0.0,-0.717399999499321,0.0,0.0,0.0,0.019999995827674866,-0.10000000318541424,1.0,10.0,03-26,-0.07256363694812701
02-11,0.0,0.0,-0.0007999995723366755,0.0,0.0,-0.717399999499321,0.0,0.0,0.0,0.019999995827674866,-0.10000000318541424,1.0,10.0,03-27,-0.07256363694812701
02-12,0.0,0.0,-0.0007999995723366755,0.0,0.0,-0.717399999499321,0.0,0.0,0.0,0.019999995827674866,-0.10000000318541424,1.0,10.0,03-28,-0.07256363694812701
02-13,0.0,0.0,-0.0007999995723366755,0.0,0.0,-0.717399999499321,0.0,0.0,0.0,0.019999995827674866,-0.10000000318541424,1.0,10.0,03-29,-0.07256363694812701
02-14,0.0,0.0,-0.0007999995723366755,0.0,0.0,-0.717399999499321,0.0,0.0,0.0,0.019999995827674866,-0.10000000318541424,1.0,10.0,03-30,-0.07256363694812701
02-15,0.0,0.0,-0.0007999995723366755,0.0,0.0,-0.717399999499321,0.0,0.0,0.0,0.019999995827674866,-0.10000000318541424,1.0,10.0,03-31,-0.07256363694812701
02-16,0.0,0.0,-0.0007999995723366755,0.0,0.0,-0.717399999499321,0.0,0.0,0.0,0.019999995827674866,-0.10000000318541424,1.0,10.0,04-01,-0.07256363694812701
02-17,0.0,0.0,-0.0007999995723366755,0.0,0.0,-0.717399999499321,0.0,0.0,0.0,0.019999995827674866,-0.10000000318541424,1.0,10.0,04-02,-0.07256363694812701
02-18,0.0,0.0,-0.0007999995723366755,0.0,0.0,-0.717399999499321,0.0,0.0,0.0,0.019999995827674866,-0.10000000318541424,1.0,10.0,04-03,-0.07256363694812701
02-19,0.0,0.0,-0.0007999995723366755,0.0,0.0,-0.667399987578392,0.0,0.0,0.0,0.019999995827674866,-0.10000000318541424,1.0,10.0,04-04,-0.06801818131895164
02-20,0.0,0.0,-0.0007999995723366755,0.0,0.0,-0.667399987578392,0.0,0.0,0.0,0.019999995827674866,-0.10000000318541424,1.0,10.0,04-05,-0.06801818131895164
02-21,0.0,0.0,-0.0007999995723366755,0.0,0.0,-0.6173999756574631,0.0,0.0,0.0,0.019999995827674866,-0.10000000318541424,1.0,10.0,04-06,-0.06347272568977629
02-22,0.0,0.0,-0.0007999995723366755,0.0,0.0,-0.6173999756574631,0.0,0.0,0.0,0.019999995827674866,-0.10000000318541424,1.0,10.0,04-07,-0.06347272568977629
02-23,0.0,0.0,-0.0007999995723366755,0.0,0.0,-0.6173999756574631,0.0,0.0,0.0,0.019999995827674866,-0.10000000318541424,1.0,10.0,04-08,-0.06347272568977629
02-24,0.0,0.0,-0.0007999995723366755,0.0,0.0,-0.6173999756574631,0.0,0.0,0.0,0.019999995827674866,-0.10000000318541424,1.0,10.0,04-09,-0.06347272568977629
02-25,0.0,0.0,-0.0007999995723366755,0.0,0.0,-0.6173999756574631,0.0,0.0,0.0,0.019999995827674866,-0.10000000318541424,1.0,9.0,04-10,-0.06347272568977629
02-26,0.0,0.0,-0.0007999995723366755,0.0,0.0,-0.6173999756574631,0.0,0.0,0.0,0.019999995827674866,-0.10000000318541424,1.0,9.0,04-11,-0.06347272568977629
02-27,0.0,0.0,-0.0007999995723366755,0.0,0.0,-0.6173999756574631,0.0,0.0,0.0,0.019999995827674866,-0.10000000318541424,1.0,9.0,04-12,-0.06347272568977629
02-28,0.0,0.0,-0.0007999995723366755,0.0,0.0,0.0,0.0,0.0,0.0,0.019999995827674866,-0.10000000318541424,1.0,9.0,04-13,-0.0073454551754614595
02-29,0.0,0.0,-0.0007999995723366755,0.0,0.0,0.0,0.0,0.0,0.0,0.0,-0.10000000318541424,0.0,3.0,04-14,-0.009163636614340992
03-01,0.0,0.0,0.0,0.0,0.0,0.0,0.0,0.0,0.0,0.019999995827674866,-0.10000000318541424,1.0,9.0,04-15,-0.00727272794161267
03-02,0.0,0.0,0.0,0.0,0.0,0.0,0.0,0.0,0.0,0.019999995827674866,-0.10000000318541424,1.0,9.0,04-16,-0.00727272794161267
03-03,0.0,0.0,0.0,0.0,0.0,0.0,0.0,0.0,0.0,0.019999995827674866,-0.10000000318541424,1.0,9.0,04-17,-0.00727272794161267
03-04,0.0,0.0,0.0,0.0,0.0,0.0,0.0,0.0,0.0,0.019999995827674866,-0.10000000318541424,1.0,9.0,04-18,-0.00727272794161267
03-05,0.0,0.0,0.0,0.0,0.0,0.0,0.0,0.0,0.0,0.07000000029802321,-0.10000000318541424,1.0,9.0,04-19,-0.0027272729897628214
03-06,0.0,0.0,0.0,0.0,0.0,0.0,0.0,0.0,0.0,0.07000000029802321,-0.10000000318541424,1.0,9.0,04-20,-0.0027272729897628214
03-07,0.0,0.0,0.0,0.0,0.0,0.0,0.0,0.0,0.0,0.06000000238418579,-0.10000000318541424,1.0,9.0,04-21,-0.0036363637092025865
03-08,0.0,0.0,0.0,0.0,0.0,0.0,0.0,0.0,0.0,0.06000000238418579,-0.10000000318541424,1.0,9.0,04-22,-0.0036363637092025865
03-09,0.0,0.0,0.0,0.0,0.0,0.0,0.0,0.0,0.0,0.06000000238418579,-0.10000000318541424,1.0,9.0,04-23,-0.0036363637092025865
03-10,0.0,0.0,0.0,0.0,0.0,0.0,0.0,0.0,0.0,0.06000000238418579,-0.10000000318541424,1.0,9.0,04-24,-0.0036363637092025865
03-11,0.0,0.0,0.0,0.0,0.0,0.0,0.0,0.0,0.0,0.06000000238418579,-0.10000000318541424,1.0,9.0,04-25,-0.0036363637092025865
03-12,0.0,0.0,0.0,0.0,0.0,0.0,0.0,0.0,0.0,0.06000000238418579,-0.10000000318541424,1.0,9.0,04-26,-0.0036363637092025865
03-13,0.0,0.0,0.0,0.0,0.0,0.0,0.0,0.0,0.0,0.06000000238418579,-0.10000000318541424,1.0,9.0,04-27,-0.0036363637092025865
03-14,0.0,0.0,0.0,0.0,0.0,0.0,0.0,0.0,0.0,0.06000000238418579,-0.10000000318541424,1.0,9.0,04-28,-0.0036363637092025865
03-15,0.0,0.0,0.0,0.0,0.0,0.0,0.0,0.0,0.0,0.06000000238418579,-0.10000000318541424,1.0,9.0,04-29,-0.0036363637092025865
03-16,0.0,0.0,0.0,0.0,0.0,0.0,0.0,0.0,0.0,0.06000000238418579,-0.10000000318541424,1.0,9.0,04-30,-0.0036363637092025865
03-17,0.0,0.0,0.0,0.0,0.0,0.0,0.0,0.0,0.0,0.06000000238418579,0.0,1.0,8.0,05-01,0.0054545456712896175
03-18,0.0,0.0,0.0,0.0,0.0,0.0,0.0,0.0,0.0,0.06000000238418579,0.0,1.0,8.0,05-02,0.0054545456712896175
03-19,0.0,0.0,0.0,0.0,0.0,0.0,0.0,0.0,0.0,0.06000000238418579,0.0,1.0,8.0,05-03,0.0054545456712896175
03-20,0.0,0.0,0.0,0.0,0.0,0.0,0.0,0.0,0.0,0.06000000238418579,0.0,1.0,8.0,05-04,0.0054545456712896175
03-21,0.0,0.0,0.0,0.0,0.0,0.0,0.0,0.0,0.0,0.06000000238418579,0.07490000298275845,2.0,7.0,05-05,0.012263636851540386
03-22,0.0,0.0,0.0,0.0,0.0,0.0,0.0,0.0,0.0,0.052420005202293396,0.07490000298275845,2.0,7.0,05-06,0.011574546198641077
03-23,0.0,0.0,0.0,0.0,0.0,0.0,0.0,0.0,0.0,0.052420005202293396,0.07490000298275845,2.0,7.0,05-07,0.011574546198641077
03-24,0.0,0.0,0.0,0.0,0.0,0.467399999499321,0.0,0.0,0.0,0.052420005202293396,0.07490000298275845,3.0,6.0,05-08,0.054065455244033896
03-25,0.0,0.0,0.0,0.0,0.0,0.467399999499321,0.0,0.0,0.0,0.052420005202293396,0.07490000298275845,3.0,6.0,05-09,0.054065455244033896
03-26,0.0,0.0,0.0,0.0,0.0,0.467399999499321,0.0,0.0,0.0,0.052420005202293396,0.07490000298275845,3.0,6.0,05-10,0.054065455244033896
03-27,0.0,0.0,0.0,0.0,0.0,0.467399999499321,0.0,0.0,0.0,0.052420005202293396,0.07490000298275845,3.0,6.0,05-11,0.054065455244033896
03-28,0.0,0.0,0.0,0.0,0.0,0.467399999499321,0.0,0.0,0.0,0.052420005202293396,0.07490000298275845,3.0,6.0,05-12,0.054065455244033896
03-29,0.0,0.0,0.0,0.0,0.0,0.467399999499321,0.0,0.0,0.0,0.052420005202293396,0.07490000298275845,3.0,6.0,05-13,0.054065455244033896
03-30,0.0,0.0,0.0,0.0,0.0,0.467399999499321,0.0,0.0,0.0,0.052420005202293396,0.07490000298275845,3.0,6.0,05-14,0.054065455244033896
03-31,0.0,0.0,0.0,0.0,0.0,0.467399999499321,0.0,0.0,0.0,0.052420005202293396,0.07490000298275845,3.0,6.0,05-15,0.054065455244033896
04-01,0.0,0.0,0.0,0.0,0.0,0.467399999499321,0.0,0.0,0.0,0.052420005202293396,0.07490000298275845,3.0,6.0,05-16,0.054065455244033896
04-02,0.0,0.0,0.0,0.0,0.0,0.467399999499321,0.0,0.0,0.0,0.052420005202293396,0.07490000298275845,3.0,6.0,05-17,0.054065455244033896
04-03,0.0,0.0,0.0,0.0,0.0,0.467399999499321,0.0,0.0,0.0,0.052420005202293396,0.07490000298275845,3.0,6.0,05-18,0.054065455244033896
04-04,0.0,0.0,0.0,0.0,0.0,0.467399999499321,0.0,0.0,0.0,0.052420005202293396,0.07490000298275845,3.0,6.0,05-19,0.054065455244033896
04-05,0.0,0.0,0.0,0.0,0.0,0.467399999499321,0.0,0.0,0.0,0.052420005202293396,0.07490000298275845,3.0,6.0,05-20,0.054065455244033896
04-06,0.0,0.0,0.0,0.0,0.0,0.467399999499321,0.0,0.0,0.0,0.052420005202293396,0.07490000298275845,3.0,6.0,05-21,0.054065455244033896
04-07,0.0,0.0,0.0,0.0,0.0,0.467399999499321,0.0,0.0,0.0,0.052420005202293396,0.07490000298275845,3.0,6.0,05-22,0.054065455244033896
04-08,0.0,0.0,0.0,0.0,0.0,0.467399999499321,0.0,0.0,0.0,0.052420005202293396,0.07490000298275845,3.0,6.0,05-23,0.054065455244033896
04-09,0.0,0.0,0.0,0.0,0.0,0.467399999499321,0.0,0.0,0.0,0.052420005202293396,0.07490000298275845,3.0,6.0,05-24,0.054065455244033896
04-10,0.0,0.0,0.0,0.0,0.0,0.467399999499321,0.0,0.0,0.0,0.052420005202293396,0.07490000298275845,3.0,6.0,05-25,0.054065455244033896
04-11,0.0,0.0,0.0,0.0,0.0,0.467399999499321,0.0,0.0,0.0,0.052420005202293396,0.07490000298275845,3.0,6.0,05-26,0.054065455244033896
04-12,0.0,0.0,0.0,0.0,0.0,0.467399999499321,0.0,0.0,0.0,0.052420005202293396,0.07490000298275845,3.0,6.0,05-27,0.054065455244033896
04-13,0.0,0.0,0.0,0.0,0.0,0.467399999499321,0.0,0.0,0.0,-0.009999990463256864,0.07490000298275845,2.0,7.0,05-28,0.048390910183529326
04-14,0.0,0.0,0.0,0.0,0.0,0.467399999499321,0.0,0.0,0.0,-0.009999990463256864,0.07490000298275845,2.0,7.0,05-29,0.048390910183529326
04-15,0.0,0.0,0.0,0.0,0.0,0.467399999499321,0.0,0.0,0.0,-0.009999990463256864,0.07490000298275845,2.0,7.0,05-30,0.048390910183529326
04-16,0.0,0.0,0.0,0.0,0.0,0.467399999499321,0.0,0.0,0.0,-0.009999990463256864,0.07490000298275845,2.0,7.0,05-31,0.048390910183529326
04-17,0.0,0.0,0.0,0.0,0.0,0.467399999499321,0.0,0.0,0.0,-0.009999990463256864,0.07490000298275845,2.0,7.0,06-01,0.048390910183529326
04-18,0.0,0.0,0.0,0.0,0.0,0.467399999499321,0.0,0.0,0.0,-0.009999990463256864,0.07490000298275845,2.0,7.0,06-02,0.048390910183529326
04-19,0.0,0.0,0.0,0.0,0.0,0.467399999499321,0.0,0.0,0.0,-0.009999990463256864,0.07490000298275845,2.0,8.0,06-03,0.048390910183529326
04-20,0.0,0.0,0.0,0.0,0.0,0.467399999499321,0.0,0.0,0.0,-0.009999990463256864,0.07490000298275845,2.0,8.0,06-04,0.048390910183529326
04-21,0.0,0.0,0.0,0.0,0.0,0.467399999499321,0.0,0.0,0.0,-0.009999990463256864,0.07490000298275845,2.0,8.0,06-05,0.048390910183529326
04-22,0.0,0.0,0.0,0.0,0.0,0.467399999499321,0.0,0.0,0.0,-0.009999990463256864,0.07490000298275845,2.0,8.0,06-06,0.048390910183529326
04-23,0.0,0.0,0.0,0.0,0.0,0.467399999499321,0.0,0.00010000169277191162,-0.009900003671646118,-0.009999990463256864,0.07490000298275845,3.0,7.0,06-07,0.04750000091272258
04-24,0.0,0.0,0.0,0.0,0.0,0.467399999499321,0.0,0.00010000169277191162,-0.009900003671646118,-0.009999990463256864,0.07490000298275845,3.0,7.0,06-08,0.04750000091272258
04-25,0.0,0.0,0.0,0.0,0.0,0.467399999499321,0.0,0.00010000169277191162,-0.009900003671646118,-0.009999990463256864,0.07490000298275845,3.0,7.0,06-09,0.04750000091272258
04-26,0.0,0.0,0.0,0.0,0.0,0.467399999499321,0.0,0.00010000169277191162,-0.009900003671646118,-0.009999990463256864,0.07490000298275845,3.0,7.0,06-10,0.04750000091272258
04-27,0.0,0.0,0.0,0.0,0.0,0.467399999499321,0.0,0.00010000169277191162,-0.009900003671646118,-0.009999990463256864,0.07490000298275845,3.0,7.0,06-11,0.04750000091272258
04-28,0.0,0.0,0.0,0.0,0.0,0.467399999499321,0.0,0.00010000169277191162,-0.009900003671646118,-0.009999990463256864,0.07490000298275845,3.0,7.0,06-12,0.04750000091272258
04-29,0.0,0.0,0.0,0.0,0.0,0.467399999499321,0.0,0.00010000169277191162,-0.009900003671646118,-0.009999990463256864,0.07490000298275845,3.0,7.0,06-13,0.04750000091272258
04-30,0.0,0.0,0.0,0.0,0.0,0.467399999499321,0.0,0.00010000169277191162,-0.009900003671646118,-0.009999990463256864,0.07490000298275845,3.0,7.0,06-14,0.04750000091272258
05-01,0.0,0.0,0.0,0.0,0.0,0.467399999499321,0.0,0.00010000169277191162,-0.009900003671646118,-0.009999990463256864,0.0,2.0,8.0,06-15,0.04069090973247181
05-02,0.0,0.0,0.0,0.0,0.0,0.467399999499321,0.0,0.00010000169277191162,-0.009900003671646118,-0.06241999566555026,0.0,2.0,8.0,06-16,0.035925454714081505
05-03,0.0,0.0,0.0,0.0,0.0,0.1273999959230423,0.0,0.00010000169277191162,-0.009900003671646118,-0.06241999566555026,0.0,2.0,8.0,06-17,0.005016363479874348
05-04,0.0,0.0,0.0,0.0,0.0,0.1273999959230423,0.0,0.00010000169277191162,-0.009900003671646118,-0.06241999566555026,0.0,2.0,8.0,06-18,0.005016363479874348
05-05,0.0,0.0,0.0,0.0,0.0,0.1273999959230423,0.0,0.00010000169277191162,-0.009900003671646118,-0.06241999566555026,0.0,2.0,8.0,06-19,0.005016363479874348
05-06,0.0,0.0,0.0,0.0,0.0,-0.3400000035762787,0.0,0.00010000169277191162,-0.009900003671646118,-0.06241999566555026,0.0,1.0,9.0,06-20,-0.03747454556551846
05-07,0.0,0.0,0.0,0.0,0.0,-0.3400000035762787,0.0,0.00010000169277191162,-0.009900003671646118,-0.06241999566555026,0.0,1.0,9.0,06-21,-0.03747454556551846
05-08,0.0,0.0,0.0,0.0,0.0,-0.3400000035762787,0.0,0.00010000169277191162,-0.009900003671646118,-0.06241999566555026,0.0,1.0,9.0,06-22,-0.03747454556551846
05-09,0.0,0.0,0.0,0.0,0.0,-0.3400000035762787,0.0,0.00010000169277191162,-0.009900003671646118,-0.06241999566555026,0.07500000298023224,2.0,8.0,06-23,-0.030656363476406445
05-10,0.0,0.0,0.0,0.0,0.0,-0.3400000035762787,0.0,0.00010000169277191162,-0.009900003671646118,-0.06241999566555026,0.07500000298023224,2.0,8.0,06-24,-0.030656363476406445
05-11,0.0,0.0,0.0,0.0,0.20569999888539314,-0.3400000035762787,0.0,0.00010000169277191162,-0.009900003671646118,-0.06241999566555026,0.07500000298023224,3.0,7.0,06-25,-0.011956363577734342
05-12,0.0,0.0,0.0,0.0,0.20569999888539314,-0.3400000035762787,0.0,0.00010000169277191162,-0.009900003671646118,-0.06241999566555026,0.07500000298023224,3.0,7.0,06-26,-0.011956363577734342
05-13,0.0,0.0,0.0,0.0,0.20569999888539314,-0.3400000035762787,0.0,0.00010000169277191162,-0.009900003671646118,-0.06241999566555026,0.07500000298023224,3.0,7.0,06-27,-0.011956363577734342
05-14,0.0,0.0,0.0,0.0,0.20569999888539314,-0.3400000035762787,0.0,0.00010000169277191162,-0.009900003671646118,-0.06241999566555026,0.07500000298023224,3.0,7.0,06-28,-0.011956363577734342
05-15,0.0,0.0,0.0,0.0,0.20569999888539314,-0.3400000035762787,0.0,0.00010000169277191162,-0.009900003671646118,-0.06241999566555026,0.07500000298023224,3.0,7.0,06-29,-0.011956363577734342
05-16,0.0,0.0,0.0,0.0,0.20569999888539314,-0.3400000035762787,0.0,0.00010000169277191162,-0.009900003671646118,-0.06241999566555026,0.07500000298023224,3.0,7.0,06-30,-0.011956363577734342
05-17,0.0,0.0,0.0,0.0,0.20569999888539314,-0.3400000035762787,0.0,0.00010000169277191162,-0.009900003671646118,-0.06241999566555026,0.07500000298023224,3.0,7.0,07-01,-0.011956363577734342
05-18,0.0,0.0,0.0,0.0,0.20569999888539314,-0.3400000035762787,0.0,0.00010000169277191162,-0.009900003671646118,-0.06241999566555026,0.07500000298023224,3.0,7.0,07-02,-0.011956363577734342
05-19,0.0,0.0,0.0,0.0,0.20569999888539314,-0.3400000035762787,0.0,0.00010000169277191162,-0.009900003671646118,-0.06241999566555026,0.07500000298023224,3.0,7.0,07-03,-0.011956363577734342
05-20,0.0,0.0,0.0,0.0,0.20569999888539314,-0.3400000035762787,0.0,0.00010000169277191162,-0.009900003671646118,-0.06241999566555026,0.07500000298023224,3.0,7.0,07-04,-0.011956363577734342
05-21,0.0,0.0,0.0,0.0,0.20569999888539314,-0.3400000035762787,0.0,0.00010000169277191162,-0.009900003671646118,-0.06241999566555026,0.07500000298023224,3.0,7.0,07-05,-0.011956363577734342
05-22,0.0,0.0,0.0,0.0,0.20569999888539314,-0.3400000035762787,0.0,0.00010000169277191162,-0.009900003671646118,-0.06241999566555026,0.07500000298023224,3.0,7.0,07-06,-0.011956363577734342
05-23,0.0,0.0,0.0,0.0,0.20569999888539314,-0.3400000035762787,0.0,0.00010000169277191162,-0.009900003671646118,0.0,0.07500000298023224,3.0,7.0,07-07,-0.0062818185172297735
05-24,0.0,0.0,0.0,0.0,0.20569999888539314,-0.3400000035762787,0.0,0.00010000169277191162,-0.009900003671646118,0.0,0.07500000298023224,3.0,7.0,07-08,-0.0062818185172297735
05-25,0.0,0.0,0.0,0.0,0.20569999888539314,-0.3400000035762787,0.0,0.00010000169277191162,-0.009900003671646118,0.0,0.07500000298023224,3.0,7.0,07-09,-0.0062818185172297735
05-26,0.0,0.0,0.0,0.0,0.20569999888539314,-0.3400000035762787,0.0,0.00010000169277191162,-0.009900003671646118,0.0,0.07500000298023224,3.0,7.0,07-10,-0.0062818185172297735
05-27,0.0,0.0,0.0,0.0,0.20569999888539314,-0.3400000035762787,0.0,0.00010000169277191162,-0.008910000324249281,0.0,0.07500000298023224,3.0,7.0,07-11,-0.006191818212920969
05-28,0.0,0.0,0.0,0.0,0.20569999888539314,-0.3400000035762787,0.0,0.00010000169277191162,-0.008910000324249281,0.0,0.07500000298023224,3.0,7.0,07-12,-0.006191818212920969
05-29,0.0,0.0,0.0,0.0,0.20569999888539314,-0.3400000035762787,0.0,0.00010000169277191162,-0.008910000324249281,0.0,0.07500000298023224,3.0,8.0,07-13,-0.006191818212920969
05-30,0.0,0.0,0.0,0.0,0.20569999888539314,-0.3400000035762787,0.0,0.00010000169277191162,-0.008910000324249281,0.0,0.004999995231628418,3.0,8.0,07-14,-0.012555455280975862
05-31,0.0,0.0,0.0,0.0,0.20569999888539314,-0.3400000035762787,0.10000000149011612,0.00010000169277191162,-0.008910000324249281,-0.020000010728836032,0.004999995231628418,4.0,7.0,07-15,-0.0052827288481322185
06-01,0.0,0.0,0.0,0.0,0.20569999888539314,-0.3400000035762787,0.10000000149011612,0.00010000169277191162,-0.008910000324249281,-0.020000010728836032,0.004999995231628418,4.0,7.0,07-16,-0.0052827288481322185
06-02,0.0,0.0,0.0,0.0,0.20569999888539314,-0.3400000035762787,0.10000000149011612,0.00010000169277191162,-0.008910000324249281,-0.020000010728836032,0.004999995231628418,4.0,7.0,07-17,-0.0052827288481322185
06-03,0.0,0.0,0.0,0.0,0.20569999888539314,-0.3400000035762787,0.10000000149011612,0.0,-0.008910000324249281,-0.020000010728836032,0.004999995231628418,3.0,8.0,07-18,-0.005291819911111484
06-04,0.0,0.0,0.0,0.0,0.20569999888539314,-0.3400000035762787,0.10000000149011612,0.0,-0.008910000324249281,-0.020000010728836032,0.004999995231628418,3.0,8.0,07-19,-0.005291819911111484
06-05,0.0,0.0,0.0,0.0,0.20569999888539314,-0.3400000035762787,0.10000000149011612,0.0,0.0009900033473968367,-0.020000010728836032,0.004999995231628418,4.0,7.0,07-20,-0.004391819577325473
06-06,0.0,0.0,0.0,0.0,0.23570000007748604,-0.3400000035762787,0.0,0.0,0.0009900033473968367,-0.020000010728836032,0.004999995231628418,3.0,8.0,07-21,-0.010755455968054857
06-07,0.0,0.0,0.0,0.0,0.23570000007748604,-0.3400000035762787,0.0,0.0,0.0009900033473968367,-0.020000010728836032,0.004999995231628418,3.0,8.0,07-22,-0.010755455968054857
06-08,0.0,0.0,0.0,0.0,0.23570000007748604,-0.3400000035762787,0.0,0.0,0.0009900033473968367,-0.020000010728836032,0.004999995231628418,3.0,8.0,07-23,-0.010755455968054857
06-09,0.0,0.0,0.0,0.0,0.23570000007748604,-0.3400000035762787,0.0,0.0,0.0009900033473968367,-0.020000010728836032,0.004999995231628418,3.0,8.0,07-24,-0.010755455968054857
06-10,0.0,0.0,0.0,0.0,0.23570000007748604,-0.3400000035762787,0.0,0.0,0.0009900033473968367,-0.020000010728836032,0.004999995231628418,3.0,8.0,07-25,-0.010755455968054857
06-11,0.0,0.0,0.0,0.0,0.23570000007748604,-0.3400000035762787,0.0,0.0,0.0009900033473968367,-0.020000010728836032,0.004999995231628418,3.0,8.0,07-26,-0.010755455968054857
06-12,0.0,0.0,0.0,0.0,0.23570000007748604,-0.3400000035762787,0.0,0.0,0.0009900033473968367,-0.020000010728836032,0.004999995231628418,3.0,8.0,07-27,-0.010755455968054857
06-13,0.0,0.0,0.0,0.0,0.23570000007748604,0.0,0.0,0.0,0.0009900033473968367,-0.020000010728836032,0.004999995231628418,3.0,8.0,07-28,0.020153635266152298
06-14,0.0,0.0,0.0,0.0,0.23570000007748604,0.0,0.0,0.0,0.0009900033473968367,-0.020000010728836032,0.004999995231628418,3.0,8.0,07-29,0.020153635266152298
06-15,0.0,0.0,0.0,0.0,0.23570000007748604,0.0,0.0,0.0,0.0009900033473968367,-0.020000010728836032,0.004999995231628418,3.0,8.0,07-30,0.020153635266152298
06-16,0.0,0.0,0.0,0.0,0.23570000007748604,0.0,0.0,0.0,0.0009900033473968367,-0.020000010728836032,0.004999995231628418,3.0,8.0,07-31,0.020153635266152298
06-17,0.0,0.0,0.0,0.0,0.33569999411702156,0.0,0.0,0.0,0.0009900033473968367,-0.020000010728836032,0.004999995231628418,3.0,8.0,08-01,0.029244543815200977
06-18,0.0,0.0,0.0,0.0,0.33569999411702156,0.0,0.0,0.0,0.0009900033473968367,-0.020000010728836032,0.004999995231628418,3.0,8.0,08-02,0.029244543815200977
06-19,0.0,0.0,0.0,0.0,0.33569999411702156,0.0,0.0,0.0,0.0009900033473968367,-0.020000010728836032,-0.07000000774860382,2.0,9.0,08-03,0.02242636172608896
06-20,0.0,0.0,0.0,0.0,0.33569999411702156,0.0,0.0,0.0,0.0009900033473968367,-0.020000010728836032,-0.07000000774860382,2.0,9.0,08-04,0.02242636172608896
06-21,0.0,0.0,0.0,0.0,0.2800000011920929,0.0,0.0,0.0,0.0009900033473968367,-0.020000010728836032,-0.07000000774860382,2.0,9.0,08-05,0.017362726005640896
06-22,0.0,0.0,0.0,0.0,0.2800000011920929,0.0,0.0,0.0,0.0009900033473968367,-0.025500014424324008,-0.07000000774860382,2.0,9.0,08-06,0.016862725669687443
06-23,0.0,0.0,0.0,0.0,0.2800000011920929,0.0,0.0,0.0,0.0009900033473968367,-0.025500014424324008,-0.07000000774860382,2.0,9.0,08-07,0.016862725669687443
06-24,0.0,0.0,0.0,0.0,0.2800000011920929,0.0,0.0,0.0,0.0009900033473968367,-0.025500014424324008,-0.07000000774860382,2.0,9.0,08-08,0.016862725669687443
06-25,0.0,0.0,0.0,0.0,0.2800000011920929,0.0,0.0,0.0,0.0009900033473968367,-0.025500014424324008,-0.07000000774860382,2.0,9.0,08-09,0.016862725669687443
06-26,0.0,0.0,0.0,0.0,0.2800000011920929,0.0,0.0,0.0,-0.019999995827674866,-0.025500014424324008,-0.07000000774860382,1.0,10.0,08-10,0.014954543926499109
06-27,0.0,0.0,0.0,0.0,0.2800000011920929,0.0,0.0,0.0,-0.019999995827674866,-0.025500014424324008,-0.07000000774860382,1.0,10.0,08-11,0.014954543926499109
06-28,0.0,0.0,0.0,0.0,0.2800000011920929,0.0,0.0,0.0,-0.019999995827674866,-0.025500014424324008,-0.07000000774860382,1.0,10.0,08-12,0.014954543926499109
06-29,0.0,0.0,0.0,0.0,0.2800000011920929,0.0,0.0,0.0,-0.019999995827674866,-0.025500014424324008,-0.07000000774860382,1.0,9.0,08-13,0.014954543926499109
06-30,0.0,0.0,0.0,0.0,0.2800000011920929,0.0,0.0,0.0,-0.019999995827674866,-0.025500014424324008,-0.07000000774860382,1.0,9.0,08-14,0.014954543926499109
07-01,0.0,0.0,0.0,0.0,0.7299999892711638,0.0,0.0,0.0,-0.019999995827674866,-0.025500014424324008,-0.07000000774860382,1.0,9.0,08-15,0.055863633751869195
07-02,0.0,0.0,0.0,0.0,0.7299999892711638,0.0,0.0,0.0,-0.019999995827674866,-0.025500014424324008,-0.07000000774860382,1.0,9.0,08-16,0.055863633751869195
07-03,0.0,0.0,0.0,0.0,0.7299999892711638,0.0,0.0,0.0,-0.019999995827674866,-0.025500014424324008,-0.07000000774860382,1.0,9.0,08-17,0.055863633751869195
07-05,0.0,0.0,0.0,0.0,0.7299999892711638,0.0,0.0,0.0,-0.019999995827674866,-0.025500014424324008,-0.07000000774860382,1.0,9.0,08-19,0.055863633751869195
07-06,0.0,0.0,0.0,0.0,0.7299999892711638,0.0,0.0,0.0,-0.019999995827674866,-0.025500014424324008,-0.07000000774860382,1.0,9.0,08-20,0.055863633751869195
07-07,0.0,0.0,0.0,0.0,0.429999977350235,0.0,0.0,0.0,-0.020989999175071702,-0.025500014424324008,-0.07000000774860382,1.0,9.0,08-21,0.02850090509111231
07-08,0.0,0.0,0.0,0.0,0.3800000250339508,0.0,0.0,0.0,-0.020989999175071702,-0.025500014424324008,-0.07000000774860382,1.0,10.0,08-22,0.02395545488054102
07-09,0.0,0.0,0.0,0.0,0.3800000250339508,0.0,0.0,0.0,-0.020989999175071702,-0.025500014424324008,-0.07000000774860382,1.0,10.0,08-23,0.02395545488054102
07-10,0.0,0.0,0.0,0.0,0.3800000250339508,0.0,0.0,0.0,-0.020989999175071702,-0.025500014424324008,0.0,1.0,10.0,08-24,0.030319091948595913
07-11,0.0,0.0,0.0,0.0,0.3800000250339508,0.0,0.0,0.0,-0.020989999175071702,-0.005500003695487976,0.0,1.0,10.0,08-25,0.032137274742126465
07-12,0.0,0.0,0.0,0.0,0.3800000250339508,0.0,0.0,0.0,-0.020989999175071702,-0.005500003695487976,0.0,1.0,10.0,08-26,0.032137274742126465
07-13,0.0,0.0,0.0,0.0,0.3800000250339508,0.0,-0.10000000149011612,0.0,-0.020989999175071702,-0.005500003695487976,0.0,1.0,10.0,08-27,0.023046365515752273
07-14,0.0,0.0,0.0,0.0,0.429999977350235,0.0,-0.10000000149011612,0.0,-0.020989999175071702,-0.005500003695487976,0.0,1.0,10.0,08-28,0.027591815726323562
07-15,0.0,0.0,0.0,0.0,0.429999977350235,0.0,-0.10000000149011612,0.0,-0.020989999175071702,-0.005500003695487976,0.0,1.0,10.0,08-29,0.027591815726323562
07-16,0.0,0.0,0.0,0.0,0.429999977350235,0.0,-0.10000000149011612,0.0,-0.020989999175071702,-0.005500003695487976,0.0,1.0,10.0,08-30,0.027591815726323562
07-17,0.0,0.0,0.0,0.0,0.3999999761581421,0.0,-0.10000000149011612,0.0,-0.020989999175071702,-0.005500003695487976,0.0,1.0,10.0,08-31,0.024864542890678753
07-18,0.0,0.0,0.0,0.0,0.3999999761581421,0.0,-0.10000000149011612,0.0,-0.020989999175071702,-0.005500003695487976,0.0,1.0,10.0,09-01,0.024864542890678753
07-19,0.0,0.0,0.0,0.0,0.3999999761581421,0.0,0.0,0.0,-0.020989999175071702,-0.005500003695487976,0.0,1.0,10.0,09-02,0.03395545211705295
07-20,0.0,0.0,0.0,0.0,0.6999999880790709,0.0,0.0,0.0,-0.020989999175071702,-0.005500003695487976,0.0,1.0,10.0,09-03,0.06122818047350102
07-21,0.0,0.0,0.0,0.0,0.6999999880790709,0.0,0.0,0.0,-0.020989999175071702,-0.005500003695487976,0.0,1.0,10.0,09-04,0.06122818047350102
07-22,0.0,0.0,0.0,0.0,0.6999999880790709,0.0,0.0,0.0,-0.020989999175071702,-0.005500003695487976,0.0,1.0,10.0,09-05,0.06122818047350102
07-23,0.0,0.0,0.0,0.0,0.6999999880790709,0.0,0.0,0.0,0.008910000324249281,-0.005500003695487976,0.0,2.0,9.0,09-06,0.06394636224616657
07-24,0.0,0.0,0.0,0.0,0.6999999880790709,0.0,0.0,0.0,0.008910000324249281,-0.005500003695487976,0.0,2.0,9.0,09-07,0.06394636224616657
07-25,0.0,0.0,0.0,0.0,0.6999999880790709,0.0,0.0,0.0,0.008910000324249281,-0.005500003695487976,0.0,2.0,9.0,09-08,0.06394636224616657
07-26,0.0,0.0,0.0,0.0,0.6999999880790709,0.0,0.0,0.0,0.008910000324249281,-0.005500003695487976,0.0,2.0,9.0,09-09,0.06394636224616657
07-27,0.0,0.0,0.0,0.0,0.5500000119209291,0.0,0.0,0.0,0.008910000324249281,-0.005500003695487976,0.0,2.0,9.0,09-10,0.050310000777244575
07-28,0.0,0.0,0.0,0.0,0.3500000238418579,0.0,0.0,0.0,0.008910000324249281,-0.005500003695487976,0.0,2.0,9.0,09-11,0.0321281836791472
07-29,0.0,0.0,0.0,0.0,0.3500000238418579,0.0,0.0,0.0,0.008910000324249281,-0.005500003695487976,0.0,2.0,9.0,09-12,0.0321281836791472
07-30,0.0,0.0,0.0,0.0,0.2500000298023224,0.0,0.0,0.0,0.02890999615192416,-0.019999995827674866,0.0,2.0,9.0,09-13,0.023537275466051968
07-31,0.0,0.0,0.0,0.0,0.2500000298023224,0.0,0.0,0.0,0.02890999615192416,-0.019999995827674866,0.0,2.0,9.0,09-14,0.023537275466051968
08-01,0.0,0.0,0.0,0.0,0.10000002384185791,0.0,0.0,0.0,0.02890999615192416,-0.019999995827674866,0.0,2.0,9.0,09-15,0.009900911287827928
08-02,0.0,0.0,0.0,0.0,0.10000002384185791,0.0,0.0,0.0,0.02890999615192416,-0.01449999213218689,0.0,2.0,9.0,09-16,0.01040091162378138
08-03,0.0,0.0,0.0,0.0,0.10000002384185791,0.0,0.0,0.0,0.02890999615192416,-0.01449999213218689,0.0,2.0,9.0,09-17,0.01040091162378138
08-04,0.0,0.0,0.0,0.0,0.10000002384185791,0.0,0.0,0.0,0.02890999615192416,-0.01449999213218689,0.0,2.0,9.0,09-18,0.01040091162378138
08-05,0.0,0.0,0.0,0.0,0.1499999761581421,0.0,0.0,0.0,0.02890999615192416,-0.01449999213218689,0.0,2.0,9.0,09-19,0.014946361834352669
08-06,0.0,0.0,0.0,0.0,0.1499999761581421,0.0,0.0,0.0,0.02890999615192416,-0.01449999213218689,0.0,2.0,9.0,09-20,0.014946361834352669
08-07,0.0,0.0,0.0,0.0,0.1499999761581421,0.0,0.0,0.0,0.02890999615192416,-0.01449999213218689,0.0,2.0,9.0,09-21,0.014946361834352669
08-08,0.0,0.0,0.0,0.0,0.1499999761581421,0.0,0.0,0.0,0.049899995326995863,-0.01449999213218689,0.04999999701976776,3.0,8.0,09-22,0.021399997852065346
08-09,0.0,0.0,0.0,0.0,0.1499999761581421,0.0,0.0,0.0,0.049899995326995863,-0.01449999213218689,0.04999999701976776,3.0,8.0,09-23,0.021399997852065346
08-10,0.0,0.0,0.0,0.0,0.1499999761581421,0.0,0.0,0.0,0.049899995326995863,-0.01449999213218689,0.07000000774860382,3.0,8.0,09-24,0.023218180645595898
08-11,0.0,0.0,0.0,0.0,0.1499999761581421,0.0,0.0,0.0,0.049899995326995863,-0.01449999213218689,0.07000000774860382,3.0,8.0,09-25,0.023218180645595898
08-12,0.0,0.0,0.0,0.0,0.1499999761581421,0.0,0.0,0.0,0.049899995326995863,-0.01449999213218689,0.07000000774860382,3.0,8.0,09-26,0.023218180645595898
08-13,0.0,0.0,0.0,0.0,-0.30000001192092884,0.0,0.0,0.0,0.049899995326995863,-0.01449999213218689,0.07000000774860382,2.0,9.0,09-27,-0.017690909179774186
08-14,0.0,0.0,0.0,0.0,-0.30000001192092884,0.0,0.0,0.0,0.049899995326995863,-0.01449999213218689,0.07000000774860382,2.0,9.0,09-28,-0.017690909179774186
08-15,0.0,0.0,0.0,0.0,-0.30000001192092884,0.0,0.0,0.0,0.049899995326995863,-0.01449999213218689,0.07000000774860382,2.0,9.0,09-29,-0.017690909179774186
08-16,0.0,0.0,0.0,0.0,-0.30000001192092884,0.0,0.0,0.0,0.049899995326995863,-0.01449999213218689,0.07000000774860382,2.0,9.0,09-30,-0.017690909179774186
08-17,0.0,0.0,0.0,0.0,-0.30000001192092884,0.0,0.0,0.0,0.049899995326995863,-0.01449999213218689,0.07000000774860382,2.0,9.0,10-01,-0.017690909179774186
08-18,0.0,0.0,0.0,0.0,-0.30000001192092884,0.0,0.0,0.0,0.049899995326995863,-0.01449999213218689,0.07000000774860382,2.0,9.0,10-02,-0.017690909179774186
08-19,0.0,0.0,0.0,0.0,0.0,0.0,0.0,0.0,0.049899995326995863,-0.01449999213218689,0.07000000774860382,2.0,9.0,10-03,0.009581819176673891
08-20,0.0,0.0,0.0,0.0,0.04999995231628418,0.0,0.0,0.0,0.049899995326995863,-0.01449999213218689,0.07000000774860382,3.0,8.0,10-04,0.014127269387245178
08-21,0.0,0.0,0.0,0.0,0.04999995231628418,0.0,0.0,0.0,0.049899995326995863,-0.01449999213218689,0.07000000774860382,3.0,8.0,10-05,0.014127269387245178
08-22,0.0,0.0,0.0,0.0,0.04999995231628418,0.0,0.0,0.0,0.049899995326995863,-0.01449999213218689,0.07000000774860382,3.0,8.0,10-06,0.014127269387245178
08-23,0.0,0.0,0.0,0.0,0.04999995231628418,0.0,0.0,0.0,0.049899995326995863,-0.01449999213218689,0.07000000774860382,3.0,7.0,10-07,0.014127269387245178
08-24,0.0,0.0,0.0,0.0,0.04999995231628418,0.0,0.0,0.0,0.049899995326995863,-0.02449999749660492,0.07000000774860382,3.0,7.0,10-08,0.013218177990479902
08-25,0.0,0.0,0.0,0.0,0.04999995231628418,0.0,0.0,0.0,0.049899995326995863,-0.02449999749660492,0.020000003278255463,3.0,7.0,10-09,0.008672723038630053
08-26,0.0,0.0,0.0,0.0,0.010000050067901611,0.0,0.0,0.0,0.049899995326995863,-0.02449999749660492,0.020000003278255463,3.0,7.0,10-10,0.005036368288777093
08-27,0.0,0.0,0.0,0.0,0.010000050067901611,0.0,0.0,0.0,0.049899995326995863,-0.02449999749660492,0.020000003278255463,3.0,7.0,10-11,0.005036368288777093
08-28,0.0,0.0,0.0,0.0,0.010000050067901611,0.0,0.0,0.0,0.049899995326995863,-0.02449999749660492,0.020000003278255463,3.0,7.0,10-12,0.005036368288777093
08-29,0.0,0.0,0.0,0.0,-0.28999996185302723,0.0,0.0,0.0,0.049899995326995863,-0.02449999749660492,0.020000003278255463,2.0,8.0,10-13,-0.022236360067670987
08-30,0.0,0.0,0.0,0.0,-0.30000001192092884,0.0,0.0,0.0,0.049899995326995863,-0.02449999749660492,0.020000003278255463,2.0,8.0,10-14,-0.023145455528389314
08-31,0.0,0.0,0.0,0.0,-0.30000001192092884,0.0,0.0,0.0,0.049899995326995863,-0.02449999749660492,0.04500000178813934,2.0,8.0,10-15,-0.02087272839112714
09-01,0.0,0.0,0.0,0.0,-0.30000001192092884,0.0,0.0,0.0,0.01999999582767488,-0.02449999749660492,0.03999999910593034,2.0,8.0,10-16,-0.024045455862175324
09-02,0.0,0.0,0.0,0.0,-0.30000001192092884,0.0,0.0,0.0,0.01999999582767488,-0.02449999749660492,0.03999999910593034,2.0,8.0,10-17,-0.024045455862175324
09-03,0.0,0.0,0.0,0.0,-0.30000001192092884,0.0,0.0,0.0,0.01999999582767488,-0.029499992728233337,0.03999999910593034,2.0,8.0,10-18,-0.024500000883232453
09-04,0.0,0.0,0.0,0.0,-0.30000001192092884,0.0,0.0,0.0,0.01999999582767488,-0.029499992728233337,0.03999999910593034,2.0,8.0,10-19,-0.024500000883232453
09-05,0.0,0.0,0.0,0.0,-0.30000001192092884,0.0,0.0,0.0,0.01999999582767488,-0.029499992728233337,0.03999999910593034,2.0,7.0,10-20,-0.024500000883232453
09-06,0.0,0.0,0.0,0.0,-0.15000003576278698,0.0,0.0,0.0,0.01999999582767488,-0.029499992728233337,0.03999999910593034,2.0,7.0,10-21,-0.010863639414310464
09-07,0.0,0.0,0.0,0.0,-0.15000003576278698,0.0,0.0,0.0,0.01999999582767488,-0.01949998736381528,0.03999999910593034,2.0,7.0,10-22,-0.009954548017545186
09-08,0.0,0.0,0.0,0.0,-0.15000003576278698,0.0,0.0,0.0,0.01999999582767488,-0.01949998736381528,0.03999999910593034,2.0,7.0,10-23,-0.009954548017545186
09-09,0.0,0.0,0.0,0.0,0.04999995231628418,0.0,0.0,0.0,0.01999999582767488,-0.01949998736381528,0.03999999910593034,3.0,6.0,10-24,0.008227269080552192
09-10,0.0,0.0,0.0,0.0,0.04999995231628418,0.0,0.0,0.0,0.01999999582767488,-0.01949998736381528,0.03999999910593034,3.0,6.0,10-25,0.008227269080552192
09-11,0.0,0.0,0.0,0.0,0.04999995231628418,0.0,0.0,0.0,0.0,-0.00499999523162839,0.03999999910593034,2.0,7.0,10-26,0.007727268744598739
09-12,0.0,0.0,0.0,0.0,0.04999995231628418,0.0,0.0,0.0,0.0,-0.00499999523162839,0.03999999910593034,2.0,7.0,10-27,0.007727268744598739
09-13,0.0,0.0,0.0,0.0,0.04999995231628418,0.0,0.0,0.0,0.0,-0.00499999523162839,0.03999999910593034,2.0,7.0,10-28,0.007727268744598739
09-14,0.0,0.0,0.0,0.0,0.04999995231628418,0.0,0.0,0.0,0.0,-0.00499999523162839,0.03999999910593034,2.0,7.0,10-29,0.007727268744598739
09-15,0.0,0.0,0.0,0.0,0.04999995231628418,0.0,0.0,0.0,0.0,-0.00499999523162839,0.03999999910593034,2.0,7.0,10-30,0.007727268744598739
09-16,0.0,0.0,0.0,0.0,0.04999995231628418,0.0,0.0,0.0,0.0,-0.00499999523162839,0.03999999910593034,2.0,7.0,10-31,0.007727268744598739
09-17,0.0,0.0,0.0,0.0,0.0,0.0,0.0,0.0,0.0,-0.00499999523162839,-0.009999997913837419,0.0,9.0,11-01,-0.0013636357404968916
09-18,0.0,0.0,0.0,0.0,0.0,0.0,0.0,0.0,0.0,-0.00499999523162839,-0.009999997913837419,0.0,9.0,11-02,-0.0013636357404968916
09-19,0.0,0.0,0.0,0.0,0.0,0.0,0.0,0.0,0.0,-0.00499999523162839,-0.009999997913837419,0.0,9.0,11-03,-0.0013636357404968916
09-20,0.0,0.0,0.0,0.0,0.0,0.0,0.0,0.0,0.0,-0.00499999523162839,-0.009999997913837419,0.0,9.0,11-04,-0.0013636357404968916
09-21,0.0,0.0,0.0,0.0,0.0,0.0,0.0,0.0,0.0,-0.00499999523162839,-0.009999997913837419,0.0,9.0,11-05,-0.0013636357404968916
09-22,0.0,0.0,0.0,0.0,0.0,0.0,0.0,0.0,0.0,-0.00499999523162839,-0.03000000864267348,0.0,9.0,11-06,-0.003181818534027443
09-23,0.0,0.0,0.0,0.0,0.0,0.0,0.0,0.0,0.0,-0.00499999523162839,-0.03000000864267348,0.0,9.0,11-07,-0.003181818534027443
09-24,0.0,0.0,0.0,0.0,0.0,0.0,0.0,0.0,0.0,-0.00499999523162839,-0.03000000864267348,0.0,9.0,11-08,-0.003181818534027443
09-25,0.0,0.0,0.0,0.0,0.0,0.0,0.0,0.0,0.0,-0.00499999523162839,-0.03000000864267348,0.0,9.0,11-09,-0.003181818534027443
09-26,0.0,0.0,0.0,0.0,0.0,0.0,0.0,0.0,0.0,-0.00499999523162839,-0.03000000864267348,0.0,9.0,11-10,-0.003181818534027443
09-27,0.0,0.0,0.0,0.0,0.0,0.0,0.0,0.0,0.0,-0.00499999523162839,-0.03000000864267348,0.0,9.0,11-11,-0.003181818534027443
09-28,0.0,0.0,0.0,0.0,0.0,0.0,0.0,0.0,0.0,-0.00499999523162839,-0.03000000864267348,0.0,9.0,11-12,-0.003181818534027443
09-29,0.0,0.0,0.0,0.0,0.0,0.0,0.0,0.0,0.0,-0.00499999523162839,-0.03000000864267348,0.0,9.0,11-13,-0.003181818534027443
09-30,0.0,0.0,0.0,0.0,0.0,0.0,0.0,0.0,0.0,-0.00499999523162839,-0.03000000864267348,0.0,9.0,11-14,-0.003181818534027443
10-01,0.0,0.0,0.0,0.0,0.0,0.0,0.0,0.0,0.08999999612569808,-0.00499999523162839,-0.03000000864267348,1.0,8.0,11-15,0.004999999295581473
10-02,0.0,0.0,0.0,0.0,0.0,0.0,0.0,0.0,0.03000000864267348,-0.00499999523162839,-0.03000000864267348,1.0,8.0,11-16,-0.00045454502105712636
10-03,0.0,0.0,0.0,0.0,0.0,0.0,0.0,0.0,0.03000000864267348,-0.00499999523162839,-0.03000000864267348,1.0,9.0,11-17,-0.00045454502105712636
10-04,0.0,0.0,0.0,0.0,0.0,0.0,0.0,0.0,0.03000000864267348,0.00500001013278964,-0.03000000864267348,2.0,8.0,11-18,0.00045454637570814906
10-05,0.0,0.0,0.0,0.0,0.0,0.0,0.0,0.0,0.03000000864267348,0.00500001013278964,-0.03000000864267348,2.0,8.0,11-19,0.00045454637570814906
10-06,0.0,0.0,0.0,0.0,0.0,0.0,0.0,0.0,0.03000000864267348,0.00500001013278964,-0.03000000864267348,2.0,8.0,11-20,0.00045454637570814906
10-07,0.0,0.0,0.0,0.0,0.0,0.0,0.0,0.0,0.03000000864267348,0.00500001013278964,0.01999999582767488,3.0,7.0,11-21,0.005000001327557999
10-08,0.0,0.0,0.0,0.0,-0.010000050067901611,0.0,0.0,0.0,0.03000000864267348,0.00500001013278964,0.01999999582767488,3.0,7.0,11-22,0.004090905866839672
10-09,0.0,0.0,0.0,0.0,-0.010000050067901611,0.0,0.0,0.0,0.03000000864267348,0.00500001013278964,0.01999999582767488,3.0,7.0,11-23,0.004090905866839672
10-10,0.0,0.0,0.0,0.0,0.0,0.0,0.0,0.0,0.03000000864267348,0.00500001013278964,0.01999999582767488,3.0,7.0,11-24,0.005000001327557999
10-11,0.0,0.0,0.0,0.0,0.0,0.0,0.0,0.0,0.03000000864267348,0.00500001013278964,0.01999999582767488,3.0,7.0,11-25,0.005000001327557999
10-12,0.0,0.0,0.0,0.0,0.0,0.0,0.0,0.0,0.03000000864267348,0.00500001013278964,0.01999999582767488,3.0,7.0,11-26,0.005000001327557999
10-13,0.0,0.0,0.0,0.0,0.0,0.0,0.0,0.0,0.03000000864267348,0.00500001013278964,-0.005000002682209001,2.0,8.0,11-27,0.002727274190295829
10-14,0.0,0.0,0.0,0.0,0.0,0.0,0.0,0.0,0.03000000864267348,0.00500001013278964,0.0,2.0,8.0,11-28,0.0031818198886784652
10-15,0.0,0.0,0.0,0.0,0.0,0.0,0.0,0.0,0.03000000864267348,0.00500001013278964,0.0,2.0,8.0,11-29,0.0031818198886784652
10-16,0.0,0.0,0.0,0.0,0.0,0.0,0.0,0.0,0.03000000864267348,0.010000005364418058,0.0,2.0,8.0,11-30,0.003636364909735594
10-17,0.0,0.0,0.0,0.0,0.0,0.0,0.0,0.0,0.03000000864267348,0.010000005364418058,0.0,2.0,8.0,12-01,0.003636364909735594
10-18,0.0,0.0,0.0,0.0011999998241662996,0.0,0.0,0.0,0.0,0.03000000864267348,0.0,0.0,2.0,8.0,12-02,0.002836364406076343
10-19,0.0,0.0,0.0,0.0011999998241662996,0.0,0.0,0.0,0.0,0.03000000864267348,0.0,0.0,2.0,8.0,12-03,0.002836364406076343
10-20,0.0,0.0,0.0,0.0011999998241662996,0.0,0.0,0.0,0.0,0.009999997913837419,0.0,0.0,2.0,8.0,12-04,0.0010181816125457927
10-21,0.0,0.0,0.0,0.0011999998241662996,0.0,0.0,0.0,0.0,0.009999997913837419,0.0,0.0,2.0,8.0,12-05,0.0010181816125457927
10-22,0.0,0.0,0.0,0.0011999998241662996,0.0,0.0,0.0,0.0,0.009999997913837419,0.0,0.0,2.0,8.0,12-06,0.0010181816125457927
10-23,0.0,0.0,0.0,0.0011999998241662996,0.0,0.0,0.0,0.0,0.009999997913837419,0.0,0.0,2.0,8.0,12-07,0.0010181816125457927
10-24,0.0,0.0,0.0,0.0011999998241662996,0.0,0.0,0.0,0.0,0.009999997913837419,0.0,0.0,2.0,8.0,12-08,0.0010181816125457927
10-25,0.0,0.0,0.0,0.001299999654293062,0.0,0.0,0.0,0.0,0.009999997913837419,0.0,0.0,2.0,8.0,12-09,0.0010272725061936802
10-26,0.0,0.0,0.0,0.001299999654293062,0.0,0.0,0.0,0.0,0.009999997913837419,0.0,0.0,2.0,8.0,12-10,0.0010272725061936802
10-27,0.0,0.0,0.0,0.001299999654293062,0.0,-0.09999999776482582,0.0,0.0,0.009999997913837419,0.0,0.0,2.0,8.0,12-11,-0.008063636381517759
10-28,0.0,0.0,0.0,0.001299999654293062,0.27000004053115834,-0.09999999776482582,0.0,0.0,0.009999997913837419,0.0,0.0,3.0,7.0,12-12,0.016481821848587545
10-29,0.0,0.0,0.0,0.001299999654293062,0.27000004053115834,-0.09999999776482582,0.0,0.0,0.009999997913837419,0.0,0.0,3.0,7.0,12-13,0.016481821848587545
10-30,0.0,0.0,0.0,0.001299999654293062,0.27000004053115834,-0.09999999776482582,0.0,0.0,0.009999997913837419,0.0,0.0,3.0,7.0,12-14,0.016481821848587545
10-31,0.0,0.0,0.0,0.001299999654293062,0.27000004053115834,-0.09999999776482582,0.0,0.0,0.009999997913837419,0.0,0.0,3.0,7.0,12-15,0.016481821848587545
11-01,0.0,0.0,0.0,0.001299999654293062,0.27000004053115834,-0.09999999776482582,0.0,0.0,0.009999997913837419,0.0,0.0,3.0,7.0,12-16,0.016481821848587545
11-02,0.0,0.0,0.0,0.001299999654293062,0.27000004053115834,-0.09999999776482582,0.0,0.0,0.009999997913837419,0.0,0.0,3.0,7.0,12-17,0.016481821848587545
11-03,0.0,0.0,0.0,0.001299999654293062,0.2800000309944153,-0.09999999776482582,0.0,0.0,0.009999997913837419,0.0,0.0,3.0,7.0,12-18,0.017390911890701813
11-04,0.0,0.0,0.0,0.001299999654293062,0.2800000309944153,-0.09999999776482582,0.0,0.0,0.009999997913837419,0.0,0.0,3.0,7.0,12-19,0.017390911890701813
11-05,0.0,0.0,0.0,0.001299999654293062,0.2800000309944153,-0.09999999776482582,0.0,0.0,0.009999997913837419,0.0,0.0,3.0,7.0,12-20,0.017390911890701813
11-06,0.0,0.0,0.0,0.001299999654293062,0.2800000309944153,-0.09999999776482582,0.0,0.0,0.009999997913837419,0.0,0.0,3.0,7.0,12-21,0.017390911890701813
11-07,0.0,0.0,0.0,0.001299999654293062,0.3500000238418579,-0.09999999776482582,0.0,0.0,0.009999997913837419,0.0,0.0,3.0,7.0,12-22,0.02375454760410569
11-08,0.0,0.0,0.0,0.001299999654293062,0.3500000238418579,-0.09999999776482582,0.0,0.0,0.009999997913837419,0.0,0.0,3.0,7.0,12-23,0.02375454760410569
11-09,0.0,0.0,0.0,0.001299999654293062,0.3500000238418579,-0.09999999776482582,0.0,0.0,0.009999997913837419,0.0,0.0,3.0,7.0,12-24,0.02375454760410569
11-10,0.0,0.0,0.0,0.001299999654293062,0.3500000238418579,-0.09999999776482582,0.0,0.0,0.009999997913837419,0.0,0.0,3.0,7.0,12-25,0.02375454760410569
11-11,0.0,0.0,0.0,0.001299999654293062,0.3500000238418579,-0.09999999776482582,0.0,0.0,0.009999997913837419,0.00499999523162839,0.0,4.0,6.0,12-26,0.02420909262516282
11-12,0.0,0.0,0.0,0.001299999654293062,0.3500000238418579,-0.09999999776482582,0.0,0.0,0.009999997913837419,-0.03490000218153003,0.0,3.0,7.0,12-27,0.020581820133057507
11-13,0.0,0.0,0.0,0.001299999654293062,0.3500000238418579,-0.09999999776482582,0.0,0.0,-0.07999999821186066,-0.03490000218153003,0.0,2.0,8.0,12-28,0.012400002303448588
11-14,0.0,0.0,0.0,0.001299999654293062,0.3500000238418579,-0.09999999776482582,0.0,0.0,-0.02000001072883606,-0.03490000218153003,0.0,2.0,8.0,12-29,0.01785454662008719
11-15,0.0,0.0,0.0,0.001299999654293062,0.3500000238418579,-0.09999999776482582,0.0,0.0,-0.02000001072883606,-0.03490000218153003,0.0,2.0,8.0,12-30,0.01785454662008719
11-16,0.0,0.0,0.0,0.001299999654293062,0.3500000238418579,-0.09999999776482582,0.0,0.0,-0.02000001072883606,-0.03490000218153003,0.0,2.0,8.0,12-31,0.01785454662008719
11-17,0.0,0.0,0.0,0.001299999654293062,0.3500000238418579,-0.09999999776482582,0.0,0.0,-0.02000001072883606,-0.03490000218153003,0.0,2.0,8.0,01-01,0.01785454662008719
11-18,0.0,0.0,0.0,0.001299999654293062,0.3500000238418579,-0.09999999776482582,0.0,0.0,-0.02000001072883606,-0.03490000218153003,0.0,2.0,7.0,01-02,0.01785454662008719
11-19,0.0,0.0,0.0,0.001299999654293062,0.3500000238418579,-0.09999999776482582,0.0,0.0,-0.02000001072883606,-0.03490000218153003,0.0,2.0,7.0,01-03,0.01785454662008719
11-20,0.0,0.0,0.0,0.001299999654293062,0.3500000238418579,-0.09999999776482582,0.0,0.0,-0.02000001072883606,-0.03490000218153003,0.0,2.0,7.0,01-04,0.01785454662008719
11-21,0.0,0.0,0.0,0.001299999654293062,0.3500000238418579,-0.09999999776482582,0.0,0.0,-0.02000001072883606,-0.03490000218153003,0.0,2.0,7.0,01-05,0.01785454662008719
11-22,0.0,0.0,0.0,0.001299999654293062,0.3500000238418579,-0.09999999776482582,0.0,0.0,-0.02000001072883606,-0.03490000218153003,0.0,2.0,7.0,01-06,0.01785454662008719
11-23,0.0,0.0,0.0,0.001299999654293062,0.15000003576278698,-0.09999999776482582,0.0,0.0,-0.02000001072883606,-0.03490000218153003,0.0,2.0,7.0,01-07,-0.00032727047801017
11-24,0.0,0.0,0.0,0.001299999654293062,0.15000003576278698,-0.059999994933605194,0.0,0.0,-0.02000001072883606,-0.03490000218153003,0.0,2.0,7.0,01-08,0.0033090934157371595
11-25,0.0,0.0,0.0,0.001299999654293062,0.3500000238418579,-0.059999994933605194,0.0,0.0,-0.02000001072883606,-0.03490000218153003,0.0,2.0,7.0,01-09,0.02149091051383452
11-26,0.0,0.0,0.0,0.001299999654293062,0.3500000238418579,-0.059999994933605194,0.0,0.0,-0.02000001072883606,-0.03490000218153003,0.0,2.0,7.0,01-10,0.02149091051383452
11-27,0.0,0.0,0.0,9.999983012676239e-05,0.3500000238418579,-0.059999994933605194,0.0,-0.00010000169277191162,-0.02000001072883606,-0.03490000218153003,0.0,2.0,7.0,01-11,0.021372728557749226
11-28,0.0,0.0,0.0,9.999983012676239e-05,0.3500000238418579,-0.059999994933605194,0.0,-0.00010000169277191162,-0.02000001072883606,-0.03490000218153003,0.0,2.0,7.0,01-12,0.021372728557749226
11-29,0.0,0.0,0.0,9.999983012676239e-05,0.3400000333786011,-0.059999994933605194,0.0,-0.00010000169277191162,-0.02000001072883606,-0.03490000218153003,0.0,2.0,7.0,01-13,0.020463638515634968
11-30,0.0,0.0,0.0,9.999983012676239e-05,0.3400000333786011,-0.059999994933605194,0.0,-0.00010000169277191162,0.0,-0.03490000218153003,0.0,2.0,7.0,01-14,0.02228182130916552
12-01,0.0,0.0,0.0,9.999983012676239e-05,0.3400000333786011,-0.059999994933605194,0.0,-0.00010000169277191162,0.0,-0.03490000218153003,0.0,2.0,7.0,01-15,0.02228182130916552
12-02,0.0,0.0,0.0,9.999983012676239e-05,0.3400000333786011,-0.059999994933605194,0.0,-0.00010000169277191162,0.0,-0.03490000218153003,0.0,2.0,7.0,01-16,0.02228182130916552
12-03,0.0,0.0,0.0,0.0017999997362494469,0.3400000333786011,-0.059999994933605194,0.0,-0.00010000169277191162,0.0,-0.03490000218153003,0.0,2.0,7.0,01-17,0.02243636675517667
12-04,0.0,0.0,0.0,0.0017999997362494469,0.3400000333786011,-0.059999994933605194,0.0,-0.00010000169277191162,0.0,-0.03490000218153003,0.0,2.0,7.0,01-18,0.02243636675517667
12-05,0.0,0.0,0.0,0.0016999999061226845,0.3400000333786011,-0.059999994933605194,0.0,-0.00010000169277191162,0.0,-0.03490000218153003,0.0,2.0,7.0,01-19,0.022427275861528786
12-06,0.0,0.0,0.0,0.0016999999061226845,0.3400000333786011,-0.059999994933605194,0.0,-0.00010000169277191162,0.0,-0.03490000218153003,0.0,2.0,7.0,01-20,0.022427275861528786
12-07,0.0,0.0,0.0,0.0016999999061226845,0.3400000333786011,-0.059999994933605194,0.0,-0.00010000169277191162,0.0,-0.03490000218153003,0.0,2.0,7.0,01-21,0.022427275861528786
12-08,0.0,0.0,0.0,0.0016999999061226845,0.15000003576278698,-0.059999994933605194,0.0,-0.00010000169277191162,0.0,-0.03490000218153003,0.0,2.0,7.0,01-22,0.005154548805545684
12-09,0.0,0.0,0.0,0.0016999999061226845,0.15000003576278698,0.040000002831220634,0.0,-0.00010000169277191162,0.0,-0.03490000218153003,0.0,3.0,6.0,01-23,0.014245457693257123
12-10,0.0,0.0,0.0,0.0016999999061226845,-0.12000000476837136,0.040000002831220634,0.0,-0.00010000169277191162,0.0,-0.03490000218153003,0.0,2.0,7.0,01-24,-0.01030000053684818
12-11,0.0,0.0,0.0,0.0016999999061226845,-0.12000000476837136,0.040000002831220634,0.0,-0.00010000169277191162,0.0,-0.03490000218153003,0.0,2.0,7.0,01-25,-0.01030000053684818
12-12,0.0,0.0,0.0,0.0016999999061226845,-0.020000040531158336,0.040000002831220634,0.0,-0.00010000169277191162,0.0,-0.03490000218153003,0.0,2.0,7.0,01-26,-0.0012090946971015414
12-13,0.0,0.0,0.0,0.0016999999061226845,-0.020000040531158336,0.040000002831220634,0.0,-0.00010000169277191162,0.0,-0.03490000218153003,0.0,2.0,7.0,01-27,-0.0012090946971015414
12-14,0.0,0.0,0.0,0.0016999999061226845,-0.020000040531158336,0.040000002831220634,0.0,-0.00010000169277191162,0.02000001072883606,-0.03490000218153003,0.0,3.0,6.0,01-28,0.0006090880964290095
12-15,0.0,0.0,0.0,0.0016999999061226845,-0.020000040531158336,0.040000002831220634,0.0,-0.00010000169277191162,0.02000001072883606,-0.03490000218153003,0.0,3.0,6.0,01-29,0.0006090880964290095
12-16,0.0,0.0,0.0,0.0016999999061226845,-0.030000030994415283,0.040000002831220634,0.0,-0.00010000169277191162,0.02000001072883606,-0.03490000218153003,0.0,3.0,6.0,01-30,-0.0003000019456852585
12-17,0.0,0.0,0.0,0.0016999999061226845,-0.030000030994415283,0.040000002831220634,0.0,-0.00010000169277191162,0.02000001072883606,-0.03490000218153003,0.0,3.0,6.0,01-31,-0.0003000019456852585
12-18,0.0,0.0,0.0,0.0016999999061226845,-0.10000002384185791,0.040000002831220634,0.0,-0.00010000169277191162,0.02000001072883606,-0.03490000218153003,0.0,3.0,6.0,02-01,-0.006663637659089134
12-19,0.0,0.0,0.0,0.0016999999061226845,-0.10000002384185791,0.040000002831220634,0.0,-0.00010000169277191162,0.02000001072883606,-0.03490000218153003,0.0,3.0,6.0,02-02,-0.006663637659089134
12-20,0.0,0.0,0.0,0.0016999999061226845,-0.10000002384185791,0.040000002831220634,0.0,-0.00010000169277191162,0.02000001072883606,-0.03490000218153003,0.0,3.0,6.0,02-03,-0.006663637659089134
12-21,0.0,0.0,0.0,0.0016999999061226845,-0.25,0.040000002831220634,0.0,-0.00010000169277191162,0.02000001072883606,-0.03989999741315842,0.0,3.0,6.0,02-04,-0.020754544149068268
12-22,0.0,0.0,0.0,0.0016999999061226845,-0.25,0.040000002831220634,0.0,-0.00010000169277191162,0.02000001072883606,-0.03989999741315842,0.0,3.0,6.0,02-05,-0.020754544149068268
12-23,0.0,0.0,0.0,0.0016999999061226845,-0.25,0.040000002831220634,0.0,-0.00010000169277191162,0.02000001072883606,-0.03989999741315842,0.0,3.0,6.0,02-06,-0.020754544149068268
12-24,0.0,0.0,0.0,0.0016999999061226845,-0.25,0.040000002831220634,0.0,-0.00010000169277191162,0.040000006556510925,0.0,0.0,3.0,6.0,02-07,-0.015309090218083425
12-26,0.0,0.0,0.0,0.0016999999061226845,-0.25,0.040000002831220634,0.0,-0.00010000169277191162,0.040000006556510925,0.0,0.0,3.0,6.0,02-09,-0.015309090218083425
12-27,0.0,0.0,0.0,0.0016999999061226845,-0.25,0.040000002831220634,0.0,-0.00010000169277191162,0.040000006556510925,0.0,0.0,3.0,6.0,02-10,-0.015309090218083425
12-28,0.0,0.0,0.0,0.0016999999061226845,-0.25,0.040000002831220634,0.0,-0.00010000169277191162,0.040000006556510925,0.0,0.0,3.0,6.0,02-11,-0.015309090218083425
12-29,0.0,0.0,0.0,0.0016999999061226845,-0.25,0.040000002831220634,0.0,-0.00010000169277191162,0.040000006556510925,0.0,0.0,3.0,6.0,02-12,-0.015309090218083425
12-30,0.0,0.0,0.0,0.0016999999061226845,-0.25,0.040000002831220634,0.0,-0.00010000169277191162,0.040000006556510925,0.0,0.0,3.0,6.0,02-13,-0.015309090218083425
12-31,0.0,0.0,0.0,0.0016999999061226845,-0.25,0.040000002831220634,0.0,-0.00010000169277191162,0.040000006556510925,0.0,0.0,3.0,6.0,02-14,-0.015309090218083425
