,2009,2011,2012,2013,2014,2015,2016,2017,2018,2019,2020
01-02,,,,7428570.0,35714.30078125,892.8569946289062,,,1.7857099771499634,1.7857099771499634,0.3959999978542328
01-03,,,39240000.0,8232140.0,53571.3984375,,,37.5,3.571429967880249,1.7857099771499634,0.24799999594688416
01-04,,,36720000.0,8232140.0,,,60.714298248291016,39.285701751708984,1.7857099771499634,1.7857099771499634,
01-05,,,37440000.0,,,892.8569946289062,92.85710144042969,41.0713996887207,3.571429967880249,,
01-06,,,37800000.0,,89285.703125,714.2860107421875,107.14299774169922,42.85710144042969,,,0.24639999866485596
01-07,,,,7857140.0,57142.8984375,714.2860107421875,101.78600311279297,,,1.7857099771499634,0.1899999976158142
01-08,,,,7714290.0,50000.0,535.7139892578125,92.85710144042969,,3.571429967880249,1.7857099771499634,0.17810000479221344
01-09,,,39600000.0,7857140.0,46428.6015625,357.14300537109375,,42.85710144042969,3.571429967880249,1.7857099771499634,0.20000000298023224
01-10,,,40680000.0,7857140.0,46428.6015625,,,41.0713996887207,3.571429967880249,1.7857099771499634,0.23999999463558197
01-11,,,42840000.0,7857140.0,,,71.42859649658203,39.285701751708984,3.571429967880249,1.7857099771499634,
01-12,,,44640000.0,,,535.7139892578125,75.0,41.0713996887207,1.7857099771499634,,
01-13,,,46800000.0,,42857.1015625,357.14300537109375,91.07140350341797,44.64289855957031,,,0.18970000743865967
01-14,,,,7214290.0,39285.69921875,357.14300537109375,80.35710144042969,,,1.7857099771499634,0.13699999451637268
01-15,,,,7500000.0,39285.69921875,357.14300537109375,69.64289855957031,,,1.7857099771499634,0.1898999959230423
01-16,,,,7535710.0,32142.900390625,357.14300537109375,,,1.7857099771499634,1.7857099771499634,0.17800000309944153
01-17,,,51840000.0,7500000.0,39285.69921875,,,44.64289855957031,3.571429967880249,1.7857099771499634,0.1687999963760376
01-18,,,53280000.0,7214290.0,,,,44.64289855957031,3.571429967880249,1.7857099771499634,
01-19,,,52920000.0,,,,78.57140350341797,37.5,1.7857099771499634,,
01-20,,,47520000.0,,,357.14300537109375,75.0,37.5,,,
01-21,,,,,42857.1015625,178.5709991455078,71.42859649658203,,,,0.18400000035762787
01-22,,,,7321430.0,39285.69921875,178.5709991455078,78.57140350341797,,1.7857099771499634,1.7857099771499634,0.1899999976158142
01-23,,,39600000.0,7321430.0,35714.30078125,178.5709991455078,,30.357099533081055,1.7857099771499634,1.7857099771499634,0.20200000703334808
01-24,,,38520000.0,7150000.0,35714.30078125,,,31.25,1.7857099771499634,1.7857099771499634,0.19009999930858612
01-25,,,40680000.0,7321430.0,,,80.35710144042969,32.14289855957031,1.7857099771499634,1.7857099771499634,
01-26,,,39600000.0,,,178.5709991455078,85.71430206298828,35.714298248291016,1.7857099771499634,,
01-27,,,38880000.0,,35714.30078125,178.5709991455078,71.42859649658203,35.714298248291016,,,0.20000000298023224
01-28,,,,7428570.0,32142.900390625,178.5709991455078,71.42859649658203,,,1.7857099771499634,0.1899999976158142
01-29,,,,7410710.0,39285.69921875,178.5709991455078,76.78569793701172,,1.7857099771499634,1.7857099771499634,0.1899999976158142
01-30,,,39960000.0,9964290.0,57142.8984375,178.5709991455078,,33.9286003112793,1.7857099771499634,1.7857099771499634,0.14259999990463257
01-31,,,39240000.0,7678570.0,53571.3984375,,,32.14289855957031,1.7857099771499634,1.7857099771499634,0.17800000309944153
02-01,,,40320000.0,7503570.0,,,75.0,30.357099533081055,1.7857099771499634,1.7857099771499634,
02-02,,,41760000.0,,,178.5709991455078,73.21430206298828,32.14289855957031,1.7857099771499634,,
02-03,,,42480000.0,,57142.8984375,178.5709991455078,71.42859649658203,32.14289855957031,,,0.14560000598430634
02-04,,,,7750000.0,57142.8984375,178.5709991455078,67.85710144042969,,,1.7857099771499634,0.1899999976158142
02-05,,,,7321430.0,46428.6015625,178.5709991455078,62.5,,1.7857099771499634,1.7857099771499634,0.18490000069141388
02-06,,,42840000.0,7642860.0,39285.69921875,178.5709991455078,,33.9286003112793,1.7857099771499634,1.7857099771499634,0.12250000238418579
02-07,,,43560000.0,7142860.0,46428.6015625,,,33.9286003112793,1.7857099771499634,1.7857099771499634,0.16500000655651093
02-08,,,44640000.0,7321430.0,,,64.28569793701172,32.14289855957031,1.9642900228500366,1.7857099771499634,
02-09,,,44280000.0,,,178.5709991455078,71.42859649658203,30.357099533081055,1.7857099771499634,,
02-10,,,44640000.0,,46428.6015625,178.5709991455078,69.64289855957031,30.357099533081055,,,0.16949999332427979
02-11,,,,6785710.0,39285.69921875,178.5709991455078,67.85710144042969,,,1.7857099771499634,0.16728000342845917
02-12,,,,7142860.0,42857.1015625,178.5709991455078,75.0,,1.7857099771499634,1.7857099771499634,0.20000000298023224
02-13,,,46080000.0,6964290.0,39285.69921875,178.5709991455078,,26.78569984436035,3.571429967880249,1.7857099771499634,0.1979999989271164
02-14,,,49680000.0,6964290.0,42857.1015625,,,32.14289855957031,1.7857099771499634,1.7857099771499634,0.20000000298023224
02-15,,,52200000.0,6767860.0,,,,30.357099533081055,1.7857099771499634,1.7857099771499634,
02-16,,,54360000.0,,,,67.85710144042969,28.571399688720703,1.7857099771499634,,
02-17,,,57600000.0,,,178.5709991455078,76.78569793701172,25.357099533081055,,,
02-18,,,,,46428.6015625,178.5709991455078,73.21430206298828,,,,0.20000000298023224
02-19,,,,6764290.0,46428.6015625,178.5709991455078,69.64289855957031,,,1.7857099771499634,0.14300000667572021
02-20,,,,6607140.0,103571.0,178.5709991455078,,,1.7857099771499634,1.7857099771499634,0.20000000298023224
02-21,,,58680000.0,6428570.0,64285.69921875,,,26.78569984436035,1.7857099771499634,1.7857099771499634,0.16200000047683716
02-22,,,60840000.0,6392860.0,,,71.42859649658203,26.78569984436035,1.7857099771499634,1.7857099771499634,
02-23,,,59760000.0,,,178.5709991455078,67.85710144042969,25.0,1.7857099771499634,,
02-24,,,52200000.0,,64285.69921875,178.5709991455078,71.42859649658203,26.78569984436035,,,0.14650000631809235
02-25,,,,6607140.0,57142.8984375,178.5709991455078,69.64289855957031,,,1.7857099771499634,0.2150000035762787
02-26,,,,6357140.0,75000.0,178.5709991455078,67.85710144042969,,1.7857099771499634,1.7857099771499634,0.2199999988079071
02-27,,,43920000.0,6750000.0,67857.1015625,178.5709991455078,,25.0,1.7857099771499634,1.7857099771499634,0.2199999988079071
02-28,,,39960000.0,6607140.0,78571.3984375,,,25.0,1.7857099771499634,1.7857099771499634,0.1420000046491623
02-29,,,35460000.0,,,,66.07140350341797,,,,
03-01,,,38880000.0,6500000.0,,,66.07140350341797,25.0,1.7857099771499634,1.7857099771499634,
03-02,,,40680000.0,,,178.5709991455078,71.42859649658203,25.0,1.7857099771499634,,0.20000000298023224
03-03,,,,,75000.0,178.5709991455078,71.42859649658203,26.78569984436035,,,0.20000000298023224
03-04,,,,6428570.0,71428.6015625,178.5709991455078,71.42859649658203,,,1.7857099771499634,0.20000000298023224
03-05,,,43920000.0,6250000.0,92857.1015625,178.5709991455078,,,1.7857099771499634,1.7857099771499634,0.1684499979019165
03-06,,,45000000.0,6425000.0,85714.296875,178.5709991455078,,23.21430015563965,1.7857099771499634,1.7857099771499634,0.1420000046491623
03-07,,,46440000.0,6250000.0,78571.3984375,,67.85710144042969,25.0,1.7857099771499634,1.7857099771499634,
03-08,,,49320000.0,6250000.0,,,67.85710144042969,21.428600311279297,1.7857099771499634,1.7857099771499634,
03-09,,,50760000.0,,,178.5709991455078,71.42859649658203,19.642900466918945,1.7857099771499634,,0.10000000149011612
03-10,,,,,78571.3984375,178.5709991455078,69.64289855957031,19.642900466918945,,,0.06300000101327896
03-11,,,,5892860.0,64285.69921875,178.5709991455078,73.21430206298828,,,1.7857099771499634,0.06300000101327896
03-12,,,52200000.0,5821430.0,57142.8984375,178.5709991455078,,,1.7857099771499634,1.7857099771499634,0.05700000002980232
03-13,,,53640000.0,5825000.0,60714.30078125,178.5709991455078,,19.642900466918945,1.7857099771499634,1.7857099771499634,0.17990000545978546
03-14,,,50400000.0,5717860.0,53571.3984375,,75.0,19.642900466918945,1.7857099771499634,1.7857099771499634,
03-15,,,54360000.0,5892860.0,,,86.96430206298828,19.642900466918945,1.7857099771499634,1.7857099771499634,
03-16,,,51120000.0,,,178.5709991455078,83.92859649658203,19.642900466918945,1.7857099771499634,,0.054099999368190765
03-17,,,,,50000.0,178.5709991455078,81.25,19.642900466918945,,,0.10999999940395355
03-18,,,,5714290.0,57142.8984375,178.5709991455078,75.0,,,1.7857099771499634,0.05009999871253967
03-19,,,48240000.0,5178570.0,57142.8984375,91.07140350341797,,,1.7857099771499634,1.7857099771499634,0.07887999713420868
03-20,,,50760000.0,5714290.0,53571.3984375,125.0,,19.642900466918945,1.7857099771499634,1.7857099771499634,0.0502999983727932
03-21,,,54360000.0,5357140.0,57142.8984375,,66.07140350341797,17.857099533081055,1.7857099771499634,1.7857099771499634,
03-22,,,52200000.0,5500000.0,,,71.42859649658203,19.642900466918945,1.7857099771499634,1.7857099771499634,
03-23,,,52920000.0,,,150.0,66.07140350341797,23.21430015563965,1.7857099771499634,,0.0502999983727932
03-24,,,,,53571.3984375,116.07099914550781,67.85710144042969,21.428600311279297,,,0.05510000139474869
03-25,,,,5535710.0,57142.8984375,110.71399688720703,,,,1.7857099771499634,0.05999999865889549
03-26,,,49320000.0,5357140.0,60714.30078125,142.85699462890625,,,1.7857099771499634,1.7857099771499634,0.07999999821186066
03-27,,,48240000.0,5178570.0,53571.3984375,98.21430206298828,,21.428600311279297,1.7857099771499634,1.7857099771499634,0.07999999821186066
03-28,,,44280000.0,5142860.0,57142.8984375,,67.85710144042969,23.21430015563965,1.7857099771499634,1.7857099771499634,
03-29,,,38520000.0,,,,70.53569793701172,21.428600311279297,1.7857099771499634,1.7857099771499634,
03-30,,,37440000.0,,,101.78600311279297,75.0,21.428600311279297,,,0.06499999761581421
03-31,,,,,60714.30078125,125.0,75.0,19.642900466918945,,,0.11249999701976776
04-01,,,,5142860.0,82142.8984375,125.0,75.0,,,1.7857099771499634,0.10000000149011612
04-02,,,42480000.0,5214290.0,250000.0,98.21430206298828,,,1.7857099771499634,1.7857099771499634,0.15000000596046448
04-03,,,42480000.0,5178570.0,146429.0,,,21.428600311279297,1.7857099771499634,1.7857099771499634,0.15000000596046448
04-04,,,42120000.0,4464290.0,135714.0,,71.42859649658203,25.0,1.7857099771499634,1.7857099771499634,
04-05,,,40320000.0,3564290.0,,,73.21430206298828,25.0,1.7857099771499634,1.7857099771499634,
04-06,,,,,,126.78600311279297,76.78569793701172,29.821399688720703,1.7857099771499634,,0.06024999916553497
04-07,,,,,121429.0,98.21430206298828,75.0,39.285701751708984,,,0.06589999794960022
04-08,,,,2857140.0,100000.0,125.0,71.42859649658203,,,1.7857099771499634,0.13600000739097595
04-09,,,39600000.0,2821430.0,67857.1015625,137.5,,,1.7857099771499634,1.7857099771499634,0.1103999987244606
04-10,,,38160000.0,2639290.0,75000.0,125.0,,39.285701751708984,1.7857099771499634,1.7857099771499634,
04-11,,1216220.0,39960000.0,2500000.0,78571.3984375,,75.0,32.14289855957031,1.7857099771499634,1.7857099771499634,
04-12,,1216220.0,38880000.0,2525000.0,,,76.78569793701172,32.14289855957031,1.7857099771499634,1.7857099771499634,
04-13,,,38520000.0,,,130.35699462890625,69.64289855957031,33.9286003112793,1.7857099771499634,,0.08749999850988388
04-14,,,,,85714.296875,123.21399688720703,69.64289855957031,,,,0.06019999831914902
04-15,,,,2750000.0,78571.3984375,158.9290008544922,69.64289855957031,,,1.7857099771499634,0.10750000178813934
04-16,,,36720000.0,3571430.0,75000.0,170.53599548339844,,,1.7857099771499634,1.7857099771499634,0.14790000021457672
04-17,,,36360000.0,4285710.0,71428.6015625,125.0,,33.9286003112793,1.7857099771499634,1.7857099771499634,0.10495000332593918
04-18,,,35568000.0,5000000.0,,,67.85710144042969,28.571399688720703,1.7857099771499634,1.7857099771499634,
04-19,,,34200000.0,5178570.0,,,76.78569793701172,26.78569984436035,1.7857099771499634,,
04-20,,,33480000.0,,,89.28569793701172,76.78569793701172,23.21430015563965,1.7857099771499634,,0.04944999888539314
04-21,,,,,57142.8984375,62.5,76.78569793701172,25.0,,,0.07900000363588333
04-22,,,,5000000.0,46428.6015625,71.42859649658203,73.21430206298828,,,1.7857099771499634,0.07999999821186066
04-23,,,25920000.0,4535710.0,57142.8984375,80.35710144042969,,,1.7857099771499634,1.7857099771499634,0.05400000140070915
04-24,,,19440000.0,4321430.0,57142.8984375,62.5,,23.21430015563965,1.7857099771499634,1.7857099771499634,0.07989999651908875
04-25,,,18756000.0,2946430.0,53571.3984375,,81.25,19.642900466918945,1.7857099771499634,0.17857100069522858,
04-26,,,18576000.0,3532140.0,,,216.0709991455078,23.21430015563965,1.7857099771499634,1.7857099771499634,
04-27,,,17820000.0,,,64.28569793701172,391.0710144042969,23.21430015563965,1.7857099771499634,,0.1298999935388565
04-28,,,,,53571.3984375,71.42859649658203,294.64300537109375,21.428600311279297,,,0.07890000194311142
04-29,,,,3464290.0,88035.703125,37.5,312.5,,,1.7857099771499634,0.08431000262498856
04-30,,,21560400.0,3285710.0,71428.6015625,41.0713996887207,,,1.7857099771499634,1.7857099771499634,0.0989999994635582
05-01,,,22320000.0,3171430.0,75000.0,32.14289855957031,,19.642900466918945,1.7857099771499634,1.7857099771499634,0.09799999743700027
05-02,,,22824000.0,3571430.0,76785.703125,,344.64300537109375,17.857099533081055,1.7857099771499634,1.7857099771499634,
05-03,,,20520000.0,3571430.0,,,321.4289855957031,21.428600311279297,1.7857099771499634,1.7857099771499634,
05-04,,,22680000.0,,,26.78569984436035,285.7139892578125,17.857099533081055,1.7857099771499634,,0.07999999821186066
05-05,,,,,71428.6015625,30.357099533081055,251.78599548339844,17.857099533081055,,,0.07980000227689743
05-06,,,,3535710.0,115893.0,26.78569984436035,328.5710144042969,,,1.7857099771499634,0.08900000154972076
05-07,,,22230000.0,3571430.0,132143.0,26.78569984436035,,,1.7857099771499634,1.7857099771499634,0.07500000298023224
05-08,,,21960000.0,2864290.0,112500.0,32.14289855957031,,17.857099533081055,1.7857099771499634,1.7857099771499634,0.06109999865293503
05-09,,,18828000.0,2900000.0,123214.0,,366.0710144042969,17.857099533081055,1.7857099771499634,1.7857099771499634,
05-10,,,19044000.0,3217860.0,,,332.14300537109375,17.857099533081055,1.7857099771499634,1.7857099771499634,
05-11,,,18000000.0,,,25.0,346.4289855957031,17.857099533081055,1.7857099771499634,,0.05754999816417694
05-12,,,,,110714.0,21.428600311279297,319.64300537109375,17.857099533081055,,,0.07000000029802322
05-13,,,,2971430.0,123036.0,19.642900466918945,321.4289855957031,,,1.7857099771499634,0.08799999952316284
05-14,,,16920000.0,3535710.0,121429.0,21.428600311279297,,,1.7857099771499634,1.7857099771499634,0.08699999749660492
05-15,,,16920000.0,2878570.0,158929.0,14.285699844360352,,16.071399688720703,1.7857099771499634,1.7857099771499634,0.09200000017881393
05-16,,,15300000.0,3496430.0,212857.0,,312.5,17.857099533081055,1.7857099771499634,0.892857015132904,
05-17,,,12600000.0,3039290.0,,,284.8210144042969,17.857099533081055,1.7857099771499634,1.7857099771499634,
05-18,,,10980000.0,,,17.857099533081055,264.2860107421875,19.642900466918945,1.7857099771499634,,0.05999999865889549
05-19,,,,,178571.0,16.071399688720703,275.0,17.857099533081055,,,0.06499999761581421
05-20,,,,2964290.0,158929.0,14.285699844360352,269.64300537109375,,,1.7857099771499634,0.08094999939203262
05-21,,,10692000.0,3071430.0,103571.0,21.428600311279297,,,1.7857099771499634,1.7857099771499634,0.0778999999165535
05-22,,,10440000.0,2932140.0,96428.6015625,21.428600311279297,,19.642900466918945,1.7857099771499634,1.7857099771499634,0.07500000298023224
05-23,,,10440000.0,3353570.0,103571.0,,258.9289855957031,16.071399688720703,1.7857099771499634,1.7857099771499634,
05-24,,,10800000.0,3317860.0,,,241.0709991455078,16.071399688720703,1.7857099771499634,1.7857099771499634,
05-25,,,10800000.0,,,,235.71400451660156,14.107099533081055,1.7857099771499634,,
05-26,,,,,,21.428600311279297,241.60699462890625,14.285699844360352,,,0.057999998331069946
05-27,,,,,119643.0,21.428600311279297,241.0709991455078,,,,0.08044999837875366
05-28,,,,3353570.0,108929.0,17.857099533081055,,,,1.7857099771499634,0.07999999821186066
05-29,,,10440000.0,3107140.0,98214.296875,19.642900466918945,,,1.7857099771499634,1.7857099771499634,0.07000000029802322
05-30,,,10008000.0,3214290.0,96428.6015625,,,12.5,1.7857099771499634,1.7857099771499634,
05-31,,,9360000.0,3125000.0,,,247.6790008544922,12.5,1.7857099771499634,1.7857099771499634,
06-01,,,8640000.0,,,17.857099533081055,246.4290008544922,16.071399688720703,1.7857099771499634,,0.07880000025033951
06-02,,,,,107143.0,17.857099533081055,210.71400451660156,14.285699844360352,,,0.07000000029802322
06-03,,,,3125000.0,119643.0,17.857099533081055,175.0,,,1.7857099771499634,0.060499999672174454
06-04,,,7884000.0,2678570.0,115179.0,16.071399688720703,,,1.7857099771499634,1.7857099771499634,0.07000000029802322
06-05,,,7128000.0,2821430.0,110714.0,17.857099533081055,,14.285699844360352,1.7857099771499634,1.7857099771499634,0.08399999886751175
06-06,,,7092000.0,2571430.0,113571.0,,148.21400451660156,12.5,1.7857099771499634,1.7857099771499634,
06-07,,,6840000.0,2500000.0,,,123.21399688720703,12.5,1.7857099771499634,1.7857099771499634,
06-08,,,6480000.0,,,17.857099533081055,155.35699462890625,12.321399688720703,1.7857099771499634,,0.0775500014424324
06-09,,,,,100000.0,17.857099533081055,162.5,14.285699844360352,,,0.09690000116825104
06-10,,,,2500000.0,110714.0,25.0,192.85699462890625,,,1.7857099771499634,0.09000000357627869
06-11,,,7164000.0,2857140.0,96428.6015625,35.714298248291016,,,1.7857099771499634,1.7857099771499634,0.06310000270605087
06-12,,,7002000.0,2857140.0,87500.0,76.78569793701172,,12.5,1.7857099771499634,1.7857099771499634,0.07000000029802322
06-13,,,7164000.0,2839290.0,75357.1015625,,233.9290008544922,10.714300155639648,1.7857099771499634,1.7857099771499634,
06-14,,,7164000.0,2821430.0,,,186.96400451660156,12.5,1.7857099771499634,1.7857099771499634,
06-15,,,6840000.0,,,82.14289855957031,175.0,12.321399688720703,1.7857099771499634,,0.09489999711513519
06-16,,,,,88928.6015625,71.42859649658203,203.5709991455078,12.5,,,0.08959999680519104
06-17,,,,2607140.0,82142.8984375,176.78599548339844,225.0,,,1.7857099771499634,0.0689999982714653
06-18,,,6785710.0,2500000.0,71428.6015625,178.5709991455078,,,1.7857099771499634,1.7857099771499634,0.08969999849796295
06-19,,,7142860.0,2500000.0,69642.8984375,166.0709991455078,,12.5,1.7857099771499634,1.7857099771499634,0.07000000029802322
06-20,,,7500000.0,2714290.0,71428.6015625,,242.85699462890625,12.5,1.7857099771499634,1.7857099771499634,
06-21,,,10710700.0,2675000.0,,,216.0709991455078,12.5,1.7857099771499634,1.7857099771499634,
06-22,,,7714290.0,,,169.64300537109375,194.64300537109375,12.5,1.7857099771499634,,0.07500000298023224
06-23,,,,,67857.1015625,166.0709991455078,208.9290008544922,12.5,,,0.07365000247955322
06-24,,,,2321430.0,51785.69921875,182.14300537109375,200.0,,,1.7857099771499634,0.06520000100135803
06-25,,,9110710.0,2392860.0,56250.0,208.9290008544922,,,1.7857099771499634,1.7857099771499634,0.0754999965429306
06-26,,,12460700.0,2392860.0,54285.69921875,183.9290008544922,,12.5,1.7857099771499634,1.7857099771499634,0.07574000209569931
06-27,,,15178600.0,2464290.0,64285.69921875,,198.21400451660156,12.5,1.7857099771499634,1.7857099771499634,
06-28,,,21071400.0,2464290.0,,,200.0,12.5,1.7857099771499634,1.7857099771499634,
06-29,,,16785700.0,,,244.64300537109375,214.28599548339844,10.714300155639648,1.7857099771499634,,0.06030000001192093
06-30,,,,,57142.8984375,216.0709991455078,214.28599548339844,12.5,,,0.07500000298023224
07-01,,,,2464290.0,57142.8984375,191.0709991455078,206.60699462890625,,,1.7857099771499634,0.07989999651908875
07-02,,,13571400.0,2571430.0,57142.8984375,183.9290008544922,,,1.7857099771499634,1.7857099771499634,0.07989999651908875
07-03,,,13535700.0,2714290.0,61607.1015625,,,12.5,1.7857099771499634,1.7857099771499634,
07-05,,,17142900.0,2571430.0,,,205.35699462890625,12.5,1.7857099771499634,1.7857099771499634,
07-06,,,17857100.0,,,175.0,167.85699462890625,14.285699844360352,3.571429967880249,,0.07800000160932541
07-07,,,,,60714.30078125,196.4290008544922,142.85699462890625,10.714300155639648,,,0.07999999821186066
07-08,,,,2600000.0,76785.703125,175.71400451660156,142.85699462890625,,,1.7857099771499634,0.07999999821186066
07-09,,,17857100.0,2682140.0,62500.0,176.78599548339844,,,3.571429967880249,0.892857015132904,0.06069999933242798
07-10,,,16785700.0,2682140.0,64285.69921875,173.21400451660156,,12.5,3.571429967880249,1.7857099771499634,0.0997999981045723
07-11,,,17821400.0,2714290.0,61428.6015625,,121.42900085449219,10.714300155639648,1.7857099771499634,1.7857099771499634,
07-12,,9000000.0,16785700.0,2714290.0,,,119.64299774169922,10.714300155639648,1.7857099771499634,1.7857099771499634,
07-13,243243.0,,16785700.0,,,160.71400451660156,121.42900085449219,12.321399688720703,1.7857099771499634,,0.09799999743700027
07-14,243243.0,27360000.0,,,60357.1015625,157.14300537109375,128.5709991455078,12.5,,,0.07329999655485153
07-15,243243.0,27360000.0,,2750000.0,63928.6015625,133.9290008544922,123.21399688720703,,,1.7857099771499634,0.07975000143051147
07-16,243243.0,,17464300.0,2928570.0,58392.8984375,142.85699462890625,,,1.7857099771499634,1.7857099771499634,0.10000000149011612
07-17,243243.0,,16285700.0,2857140.0,56250.0,164.28599548339844,,10.714300155639648,1.7857099771499634,1.7857099771499634,0.10000000149011612
07-18,,,15357100.0,2571430.0,56250.0,,107.14299774169922,9.821430206298828,1.7857099771499634,1.7857099771499634,
07-19,,,13928600.0,2678570.0,,,100.0,10.714300155639648,1.7857099771499634,1.7857099771499634,
07-20,243243.0,,13928600.0,,,125.0,94.64289855957031,8.928569793701172,1.7857099771499634,,0.11599999666213989
07-21,243243.0,,,,56964.30078125,157.14300537109375,96.42859649658203,8.928569793701172,,,0.11159999668598175
07-22,243243.0,,,2571430.0,56964.30078125,158.9290008544922,107.14299774169922,,,1.7857099771499634,0.09000000357627869
07-23,243243.0,,13928600.0,2500000.0,50178.6015625,155.35699462890625,,,1.7857099771499634,1.7857099771499634,0.08489999920129776
07-24,243243.0,,13392900.0,2357140.0,50892.8984375,164.28599548339844,,8.928569793701172,1.7857099771499634,1.7857099771499634,0.0706000030040741
07-25,,,13571400.0,2500000.0,53571.3984375,,110.71399688720703,9.821430206298828,1.7857099771499634,1.7857099771499634,
07-26,,,12500000.0,2142860.0,,,111.96399688720703,8.928569793701172,1.7857099771499634,1.7857099771499634,
07-27,243243.0,25200000.0,11785700.0,,,169.64300537109375,116.07099914550781,7.142859935760498,1.7857099771499634,,0.06499999761581421
07-28,243243.0,25200000.0,,,50892.8984375,165.89300537109375,108.92900085449219,10.714300155639648,,,0.04490000009536743
07-29,243243.0,25920000.0,,1785710.0,51785.69921875,160.71400451660156,107.14299774169922,,,1.7857099771499634,0.03999999910593033
07-30,243243.0,,11071400.0,1607140.0,45892.8984375,135.71400451660156,,,1.7857099771499634,1.7857099771499634,0.03999999910593033
07-31,243243.0,,9110710.0,1500000.0,44642.8984375,154.46400451660156,,9.821430206298828,1.7857099771499634,1.7857099771499634,0.03999999910593033
08-01,,,8750000.0,1553570.0,41071.3984375,,101.78600311279297,8.928569793701172,0.17857100069522858,1.7857099771499634,
08-02,,,8928570.0,1571430.0,,,98.21430206298828,10.714300155639648,0.17857100069522858,1.7857099771499634,
08-03,243243.0,,8892860.0,,,151.78599548339844,96.42859649658203,10.714300155639648,0.17857100069522858,,0.03999999910593033
08-04,243243.0,,,,43928.6015625,151.78599548339844,92.85710144042969,12.5,,,0.03999999910593033
08-05,243243.0,,,1535710.0,48214.30078125,136.25,92.85710144042969,,,1.7857099771499634,0.03999999910593033
08-06,243243.0,,8750000.0,1500000.0,47678.6015625,146.4290008544922,,,1.7857099771499634,1.7857099771499634,0.04749999940395355
08-07,243243.0,,8214290.0,1500000.0,48035.69921875,146.4290008544922,,10.0,1.7857099771499634,1.7857099771499634,0.03750000149011612
08-08,,,8285710.0,1464290.0,44642.8984375,,67.85710144042969,8.928569793701172,1.7857099771499634,1.7857099771499634,
08-09,,,8928570.0,1571430.0,,,73.21430206298828,10.714300155639648,1.7857099771499634,1.7857099771499634,
08-10,243243.0,,8214290.0,,,133.9290008544922,91.07140350341797,9.821430206298828,1.7857099771499634,,0.03999999910593033
08-11,243243.0,,,,45535.69921875,141.0709991455078,92.85710144042969,8.928569793701172,,,0.04190000146627426
08-12,243243.0,,,1375000.0,46607.1015625,157.14300537109375,92.85710144042969,,,1.7857099771499634,0.04100000113248825
08-13,243243.0,,8571430.0,1250000.0,40178.6015625,157.14300537109375,,,1.7857099771499634,1.7857099771499634,0.032099999487400055
08-14,243243.0,,8660710.0,1321430.0,47678.6015625,158.9290008544922,,7.142859935760498,1.7857099771499634,1.7857099771499634,0.04230000078678131
08-15,,,8214290.0,1071430.0,46250.0,,92.85710144042969,5.357140064239502,1.7857099771499634,1.7857099771499634,
08-16,,,8464290.0,928571.0,,,82.14289855957031,8.928569793701172,1.7857099771499634,1.7857099771499634,
08-17,243243.0,,7500000.0,,,150.0,103.03600311279297,7.142859935760498,1.7857099771499634,,0.029999999329447746
08-18,243243.0,,,,44642.8984375,141.0709991455078,104.46399688720703,5.357140064239502,,,0.029999999329447746
08-19,243243.0,,,857143.0,44642.8984375,125.0,107.14299774169922,,,1.7857099771499634,0.03500000014901161
08-20,243243.0,,7678570.0,928571.0,45000.0,133.9290008544922,,,1.7857099771499634,0.892857015132904,0.048700001090765
08-21,243243.0,,7678570.0,942857.0,44642.8984375,130.35699462890625,,5.357140064239502,1.7857099771499634,1.7857099771499634,0.039799999445676804
08-22,,,8214290.0,1071430.0,44642.8984375,,103.57099914550781,5.357140064239502,1.7857099771499634,1.7857099771499634,
08-23,,,7678570.0,1107140.0,,,110.71399688720703,3.571429967880249,1.7857099771499634,1.7857099771499634,
08-24,243243.0,,7857140.0,,,130.35699462890625,110.71399688720703,5.357140064239502,1.7857099771499634,,0.039900001138448715
08-25,243243.0,,,,43928.6015625,132.14300537109375,100.0,5.357140064239502,,,0.03590000048279762
08-26,243243.0,,,1064290.0,44642.8984375,132.14300537109375,100.0,,,0.892857015132904,0.03590000048279762
08-27,243243.0,,7857140.0,1071430.0,45178.6015625,130.35699462890625,,,1.7857099771499634,0.892857015132904,0.03999999910593033
08-28,243243.0,,7946430.0,1071430.0,43750.0,125.0,,3.571429967880249,1.7857099771499634,0.9300000071525574,0.042399998754262924
08-29,,25920000.0,8207140.0,964286.0,42678.6015625,,98.21430206298828,5.357140064239502,1.7857099771499634,0.02810000069439411,
08-30,,,8053570.0,950000.0,,,96.42859649658203,5.357140064239502,1.7857099771499634,0.030300000682473183,
08-31,243243.0,25920000.0,8392860.0,,,130.35699462890625,98.21430206298828,3.571429967880249,1.7857099771499634,,0.0451200008392334
09-01,243243.0,27000000.0,,,,130.35699462890625,103.57099914550781,4.464280128479004,,,0.04740000143647194
09-02,243243.0,25920000.0,,,35892.8984375,126.78600311279297,101.96399688720703,,,,0.04278000071644783
09-03,243243.0,,,960714.0,27678.599609375,126.78600311279297,,,,0.21899999678134918,0.039900001138448715
09-04,243243.0,,8035710.0,957143.0,30178.599609375,110.71399688720703,,,1.7857099771499634,0.07150000333786011,0.03751000016927719
09-05,,,7575000.0,960714.0,26785.69921875,,,5.357140064239502,1.7857099771499634,0.11999999731779099,
09-06,,23400000.0,8214290.0,928571.0,,,108.03600311279297,3.571429967880249,1.7857099771499634,0.060100000351667404,
09-07,,,8214290.0,,,,96.42859649658203,3.571429967880249,1.7857099771499634,,
09-08,,,,,23214.30078125,142.85699462890625,96.42859649658203,5.357140064239502,,,0.029999999329447746
09-09,,,,1139290.0,23214.30078125,116.07099914550781,95.53569793701172,,,0.08269999921321869,0.03709999844431877
09-10,,,8210710.0,1139290.0,18035.69921875,116.07099914550781,,,1.7857099771499634,0.10010000318288803,0.0348999984562397
09-11,,,7857140.0,1067860.0,17500.0,114.28600311279297,,3.571429967880249,1.7857099771499634,0.7200000286102295,0.03449999913573265
09-12,,23400000.0,7689290.0,1139290.0,17142.900390625,,92.67859649658203,3.571429967880249,1.7857099771499634,0.25,
09-13,,,8214290.0,1139290.0,,,89.28569793701172,1.7857099771499634,1.7857099771499634,0.639930009841919,
09-14,,23400000.0,7689290.0,,,125.0,85.71430206298828,3.571429967880249,1.7857099771499634,,0.0348999984562397
09-15,,23400000.0,,,17142.900390625,151.78599548339844,89.28569793701172,5.357140064239502,,,0.024900000542402267
09-16,,,,1317860.0,16071.400390625,171.4290008544922,82.14289855957031,,,0.639930009841919,0.024000000208616257
09-17,,,7839290.0,1314290.0,16964.30078125,169.64300537109375,,,1.7857099771499634,0.2800000011920929,0.020500000566244125
09-18,,,7503570.0,1310710.0,9285.7099609375,169.64300537109375,,3.571429967880249,1.7857099771499634,0.26499998569488525,
09-19,,,8142860.0,1307140.0,11071.400390625,,82.14289855957031,3.571429967880249,1.7857099771499634,0.25,
09-20,,,10000000.0,1307140.0,,,71.42859649658203,3.571429967880249,1.7857099771499634,0.25999999046325684,
09-21,,,11785700.0,,,151.78599548339844,66.07140350341797,3.571429967880249,1.7857099771499634,,0.02070000022649765
09-22,,16200000.0,,,10892.900390625,175.1790008544922,66.07140350341797,3.571429967880249,,,0.020519999787211418
09-23,,18000000.0,,1314290.0,7857.14013671875,171.4290008544922,67.85710144042969,,,0.25999999046325684,0.01979999989271164
09-24,,,11964300.0,1310710.0,6250.0,171.4290008544922,,,1.7857099771499634,0.25999999046325684,0.021900000050663948
09-25,,,11428600.0,1039290.0,7142.85986328125,169.64300537109375,,1.7857099771499634,1.7857099771499634,0.25,0.021609999239444733
09-26,,,11107100.0,1071430.0,6964.2900390625,,66.07140350341797,3.571429967880249,1.7857099771499634,0.20999999344348907,
09-27,,11160000.0,11107100.0,1035710.0,,,69.64289855957031,3.571429967880249,1.7857099771499634,0.20000000298023224,
09-28,,11880000.0,11071400.0,,,196.4290008544922,71.42859649658203,1.7857099771499634,1.7857099771499634,,0.021549999713897705
09-29,,12960000.0,,,5357.14013671875,183.9290008544922,71.42859649658203,1.7857099771499634,,,0.019360000267624855
09-30,,,,1071430.0,4642.85986328125,151.78599548339844,69.64289855957031,,,0.30000001192092896,0.0203000009059906
10-01,,,10717900.0,1071430.0,4642.85986328125,175.0,,,1.7857099771499634,0.42500001192092896,0.019999999552965164
10-02,,,10714300.0,910714.0,12142.900390625,178.5709991455078,,3.571429967880249,1.7857099771499634,0.4050000011920929,0.020349999889731407
10-03,,14400000.0,11428600.0,817857.0,8928.5703125,,71.42859649658203,1.7857099771499634,1.7857099771499634,0.6000000238418579,
10-04,,,11250000.0,1032140.0,,,71.42859649658203,3.571429967880249,1.7857099771499634,0.6000000238418579,
10-05,,,11785700.0,,,173.21400451660156,67.85710144042969,3.571429967880249,1.7857099771499634,,0.020360000431537628
10-06,,,,,6607.14013671875,166.0709991455078,67.85710144042969,1.7857099771499634,,,0.02070000022649765
10-07,,,,728571.0,5714.2900390625,165.1790008544922,66.07140350341797,,,0.6930000185966492,0.02070000022649765
10-08,,,10178600.0,732143.0,8392.8603515625,157.14300537109375,,,1.7857099771499634,0.6499999761581421,0.02070000022649765
10-09,,,14285700.0,750000.0,11071.400390625,151.78599548339844,,1.7857099771499634,1.7857099771499634,0.6499999761581421,0.019999999552965164
10-10,,,13214300.0,678571.0,9464.2900390625,,68.75,3.571429967880249,1.7857099771499634,0.4500499963760376,
10-11,,,13571400.0,464286.0,,,65.53569793701172,3.571429967880249,1.7857099771499634,0.6000000238418579,
10-12,,,12607100.0,,,150.0,69.64289855957031,1.7857099771499634,1.7857099771499634,,0.019999999552965164
10-13,,,,,7500.0,150.0,64.28569793701172,1.7857099771499634,,,0.017500000074505806
10-14,,,,378571.0,7678.56982421875,150.0,67.5,,,0.550000011920929,0.017500000074505806
10-15,,,13035700.0,342857.0,9285.7099609375,151.0709991455078,,,1.7857099771499634,0.6199899911880493,0.017500000074505806
10-16,,,16785700.0,392857.0,7678.56982421875,142.85699462890625,,1.7857099771499634,1.7857099771499634,0.6000000238418579,0.019999999552965164
10-17,,,17142900.0,357143.0,7142.85986328125,,64.28569793701172,1.7857099771499634,1.7857099771499634,0.6000000238418579,
10-18,,,16785700.0,392857.0,,,62.5,1.7857099771499634,1.7857099771499634,0.6000000238418579,
10-19,,,23214300.0,,,144.64300537109375,60.714298248291016,1.7857099771499634,1.7857099771499634,,0.019300000742077827
10-20,,,,,6785.7099609375,142.85699462890625,58.9286003112793,3.571429967880249,,,0.017990000545978546
10-21,,,,357143.0,5535.7099609375,125.0,62.5,,,0.6499999761581421,0.0215000007301569
10-22,,,31785700.0,342857.0,5000.0,135.71400451660156,,,1.7857099771499634,0.6499999761581421,0.039000000804662704
10-23,,,33392900.0,375000.0,5178.56982421875,146.4290008544922,,1.7857099771499634,1.7857099771499634,0.6000000238418579,0.02500000037252903
10-24,,,36428600.0,335714.0,5357.14013671875,,58.9286003112793,1.7857099771499634,1.7857099771499634,0.6000000238418579,
10-25,,,21785700.0,357143.0,,,65.71430206298828,1.7857099771499634,1.7857099771499634,0.5699999928474426,
10-26,,,25710700.0,,,142.85699462890625,68.57140350341797,1.7857099771499634,1.7857099771499634,,0.020999999716877937
10-27,,,,,4642.85986328125,169.64300537109375,62.5,1.7857099771499634,,,0.019300000742077827
10-28,,,,267857.0,4642.85986328125,151.78599548339844,64.28569793701172,,,0.5699999928474426,0.017999999225139618
10-29,,,,253571.0,4642.85986328125,142.85699462890625,,,1.7857099771499634,0.574999988079071,0.017999999225139618
10-30,,,,192857.0,8392.8603515625,133.9290008544922,,1.7857099771499634,1.7857099771499634,0.574999988079071,0.017000000923871994
10-31,,,24250000.0,178571.0,8928.5703125,,64.28569793701172,1.7857099771499634,1.7857099771499634,0.5170000195503235,
11-01,,,21142900.0,196429.0,,,60.714298248291016,3.571429967880249,1.7857099771499634,0.5299999713897705,
11-02,,,15357100.0,,,151.78599548339844,60.714298248291016,1.7857099771499634,1.7857099771499634,,0.01875000074505806
11-03,,,,,9107.1396484375,135.71400451660156,58.9286003112793,1.7857099771499634,,,0.019500000402331352
11-04,,,,107143.0,7142.85986328125,141.0709991455078,57.14289855957031,,,0.5170000195503235,0.01940000057220459
11-05,,,12535700.0,171429.0,5892.85986328125,141.0709991455078,,,1.7857099771499634,0.40400001406669617,0.019999999552965164
11-06,,,11067900.0,135714.0,4821.43017578125,142.85699462890625,,1.7857099771499634,1.7857099771499634,0.20200000703334808,0.019500000402331352
11-07,,,11250000.0,128571.0,5714.2900390625,,58.9286003112793,1.7857099771499634,1.7857099771499634,0.19990000128746033,
11-08,,,10357100.0,96428.6015625,,,60.714298248291016,1.7857099771499634,1.7857099771499634,0.19990000128746033,
11-09,,,10357100.0,,,137.5,60.714298248291016,1.7857099771499634,1.7857099771499634,,0.01689000055193901
11-10,,,,,5000.0,125.0,55.35710144042969,1.7857099771499634,,,0.014469999819993973
11-11,,,,103571.0,5892.85986328125,130.35699462890625,55.35710144042969,,,0.2029999941587448,0.014800000004470348
11-12,,,10392900.0,100000.0,6785.7099609375,112.5,,,1.7857099771499634,0.2029999941587448,0.012600000016391277
11-13,,,9642860.0,100000.0,5357.14013671875,107.14299774169922,,1.7857099771499634,1.7857099771499634,0.2029999941587448,0.009359999559819698
11-14,,21600000.0,10714300.0,75000.0,5178.56982421875,,51.785701751708984,1.7857099771499634,1.7857099771499634,0.10000000149011612,
11-15,,26640000.0,10714300.0,71428.6015625,,,53.9286003112793,1.7857099771499634,1.7857099771499634,0.15004999935626984,
11-16,,28620000.0,10714300.0,,,130.35699462890625,48.214298248291016,1.7857099771499634,1.7857099771499634,,0.00800000037997961
11-17,,24840000.0,,,5178.56982421875,110.71399688720703,41.0713996887207,1.7857099771499634,,,0.01600000075995922
11-18,,20160000.0,,60714.30078125,5357.14013671875,123.21399688720703,41.0713996887207,,,0.15004999935626984,0.01590000092983246
11-19,,,10000000.0,60714.30078125,5357.14013671875,121.42900085449219,,,1.7857099771499634,0.15004999935626984,
11-20,,,11071400.0,67857.1015625,4821.43017578125,125.0,,1.7857099771499634,1.7857099771499634,0.15004999935626984,
11-21,,24480000.0,10714300.0,71428.6015625,4464.2900390625,,42.85710144042969,1.7857099771499634,1.7857099771499634,0.5,
11-22,,24480000.0,,75000.0,,,46.4286003112793,1.7857099771499634,,0.5,
11-23,,19800000.0,10714300.0,,,39.285701751708984,42.85710144042969,,1.7857099771499634,,
11-24,,,,,4285.7099609375,80.35710144042969,,1.7857099771499634,,,
11-25,,19800000.0,,132143.0,4821.43017578125,80.35710144042969,48.214298248291016,,,0.12604999542236328,
11-26,,,10696400.0,178571.0,4464.2900390625,,,,1.7857099771499634,0.3499999940395355,
11-27,,,10000000.0,142857.0,,78.57140350341797,,1.7857099771499634,1.7857099771499634,0.47600001096725464,
11-28,,20880000.0,10000000.0,,4285.7099609375,,42.85710144042969,1.7857099771499634,1.7857099771499634,,
11-29,,19800000.0,9660710.0,132143.0,,,41.0713996887207,1.7857099771499634,1.7857099771499634,0.4779999852180481,
11-30,,19800000.0,9642860.0,,,66.07140350341797,39.285701751708984,1.7857099771499634,1.7857099771499634,,
12-01,,19800000.0,,,3214.2900390625,69.64289855957031,41.0713996887207,1.7857099771499634,,,
12-02,,19800000.0,,89285.703125,2857.139892578125,76.78569793701172,41.0713996887207,,,0.4779999852180481,
12-03,,,9660710.0,75000.0,3392.860107421875,83.92859649658203,,,1.7857099771499634,0.39399999380111694,
12-04,,,8928570.0,75000.0,2678.570068359375,69.64289855957031,,1.7857099771499634,1.7857099771499634,0.3799999952316284,
12-05,,19800000.0,7678570.0,71428.6015625,2500.0,,37.5,1.7857099771499634,,0.32199999690055847,
12-06,,19800000.0,7910710.0,71428.6015625,,,37.5,1.7857099771499634,1.7857099771499634,0.20200000703334808,
12-07,,19800000.0,7571430.0,,,55.35710144042969,30.357099533081055,1.7857099771499634,1.7857099771499634,,
12-08,,23400000.0,,,2125.0,57.85710144042969,26.78569984436035,1.7857099771499634,,,
12-09,,23400000.0,,71428.6015625,2142.860107421875,55.35710144042969,26.78569984436035,,,0.20200000703334808,
12-10,,,7142860.0,50000.0,2142.860107421875,48.214298248291016,,,1.7857099771499634,0.3939000070095062,
12-11,,,7535710.0,46428.6015625,1964.2900390625,53.5713996887207,,1.7857099771499634,1.7857099771499634,0.3779999911785126,
12-12,,23400000.0,7425000.0,53571.3984375,1964.2900390625,,23.21430015563965,3.571429967880249,1.7857099771499634,0.36800000071525574,
12-13,,23400000.0,7853570.0,53571.3984375,,,26.78569984436035,1.7857099771499634,1.7857099771499634,0.36800000071525574,
12-14,,23400000.0,8571430.0,,,46.4286003112793,28.571399688720703,1.7857099771499634,1.7857099771499634,,
12-15,,23400000.0,,,1964.2900390625,60.714298248291016,26.78569984436035,3.571429967880249,,,
12-16,,25200000.0,,46428.6015625,1785.7099609375,76.78569793701172,28.571399688720703,,,0.2980000078678131,
12-17,,,8625000.0,42857.1015625,2142.860107421875,82.14289855957031,,,1.7857099771499634,0.16609999537467957,
12-18,,,8642860.0,39285.69921875,1607.1400146484375,73.21430206298828,,1.7857099771499634,1.7857099771499634,0.28999999165534973,
12-19,,27360000.0,8214290.0,42857.1015625,1535.7099609375,,28.571399688720703,1.7857099771499634,1.7857099771499634,0.11020000278949738,
12-20,,28800000.0,8571430.0,39285.69921875,,,26.78569984436035,1.7857099771499634,1.7857099771499634,0.3199999928474426,
12-21,,30240000.0,8882140.0,,,57.14289855957031,26.78569984436035,3.571429967880249,1.7857099771499634,,
12-22,,32040000.0,,,1250.0,53.5713996887207,26.78569984436035,3.571429967880249,,,
12-23,,33120000.0,,35714.30078125,1035.7099609375,53.5713996887207,28.571399688720703,,,0.3199999928474426,
12-24,,,8853570.0,42857.1015625,1071.4300537109375,53.5713996887207,,,1.7857099771499634,0.3199999928474426,
12-26,,,8214290.0,39285.69921875,1071.4300537109375,,,3.571429967880249,1.7857099771499634,0.3199999928474426,
12-27,,33840000.0,7571430.0,39285.69921875,,,26.78569984436035,1.7857099771499634,1.7857099771499634,0.3199999928474426,
12-28,,34920000.0,7857140.0,,,46.4286003112793,28.392900466918945,1.7857099771499634,1.7857099771499634,,
12-29,,36360000.0,,,892.8569946289062,48.214298248291016,28.571399688720703,1.7857099771499634,,,
12-30,,38160000.0,,35714.30078125,714.2860107421875,48.214298248291016,30.357099533081055,,,0.18000000715255737,
12-31,,,7410710.0,35714.30078125,892.8569946289062,48.214298248291016,,,1.7857099771499634,0.1800999939441681,
