,2009,2010,2012,2013,2014,2015,2016,2017,2018,2019,2020
01-02,42.60940170288086,,,61.166465759277344,61.377769470214844,59.48135757446289,,,81.81214904785156,64.80638122558594,68.0999984741211
01-03,,,,61.166465759277344,61.377769470214844,,,47.641517639160156,81.81214904785156,64.80638122558594,68.0999984741211
01-04,,,,61.166465759277344,,,56.77566146850586,47.641517639160156,81.81214904785156,64.80638122558594,
01-05,,,,,,59.48135757446289,56.77566146850586,47.641517639160156,81.81214904785156,,
01-06,,,,,61.377769470214844,59.48135757446289,56.77566146850586,47.641517639160156,,,68.0999984741211
01-07,,,,61.166465759277344,61.377769470214844,59.48135757446289,56.77566146850586,,,64.80638122558594,68.0999984741211
01-08,,,,61.166465759277344,61.377769470214844,59.48135757446289,56.77566146850586,,81.81214904785156,64.80638122558594,68.0999984741211
01-09,,,,61.166465759277344,61.377769470214844,59.48135757446289,,47.641517639160156,81.81214904785156,64.80638122558594,68.0999984741211
01-10,,,,61.166465759277344,61.377769470214844,,,47.641517639160156,81.81214904785156,64.80638122558594,68.0999984741211
01-11,,,,61.166465759277344,,,56.77566146850586,47.641517639160156,81.81214904785156,64.80638122558594,
01-12,,,,,,59.48135757446289,56.77566146850586,47.641517639160156,81.81214904785156,,
01-13,,65.33435821533203,,,61.377769470214844,59.48135757446289,56.77566146850586,47.641517639160156,,,68.0999984741211
01-14,,,,61.166465759277344,61.377769470214844,59.48135757446289,56.77566146850586,,,64.80638122558594,68.0999984741211
01-15,,,,61.166465759277344,61.377769470214844,59.48135757446289,56.77566146850586,,,64.80638122558594,68.0999984741211
01-16,,,,61.166465759277344,61.377769470214844,59.48135757446289,,,81.81214904785156,64.80638122558594,69.30000305175781
01-17,,,,61.166465759277344,61.377769470214844,,,47.641517639160156,81.81214904785156,64.80638122558594,69.0
01-18,,,,61.166465759277344,,,,47.641517639160156,81.81214904785156,64.80638122558594,
01-19,,,,,,,56.77566146850586,47.641517639160156,81.81214904785156,,
01-20,,,,,,59.48135757446289,56.77566146850586,47.641517639160156,,,
01-21,31.069313049316406,,,,61.377769470214844,59.48135757446289,49.47474670410156,,,,69.0
01-22,,,,61.166465759277344,61.377769470214844,59.48135757446289,49.47474670410156,,81.81214904785156,64.80638122558594,69.0
01-23,,,,61.166465759277344,61.377769470214844,59.48135757446289,,47.641517639160156,81.81214904785156,64.80638122558594,69.0
01-24,,,,61.166465759277344,62.31645965576172,,,47.641517639160156,81.81214904785156,64.80638122558594,69.0
01-25,,,,61.166465759277344,,,49.47474670410156,47.641517639160156,81.81214904785156,64.80638122558594,
01-26,,,,,,59.48135757446289,49.47474670410156,47.641517639160156,81.81214904785156,,
01-27,30.625457763671875,,,,62.31645965576172,59.48135757446289,49.47474670410156,47.641517639160156,,,69.0
01-28,,,,61.166465759277344,62.31645965576172,59.48135757446289,49.47474670410156,,,64.80638122558594,69.0
01-29,,,,61.166465759277344,62.31645965576172,59.48135757446289,49.47474670410156,,81.81214904785156,64.80638122558594,69.0
01-30,,,,61.166465759277344,62.31645965576172,59.48135757446289,,47.641517639160156,81.81214904785156,64.80638122558594,69.0
01-31,,,,61.166465759277344,62.31645965576172,,,47.641517639160156,81.81214904785156,69.86347198486328,69.0
02-01,,,,61.166465759277344,,,49.47474670410156,47.641517639160156,81.81214904785156,69.86347198486328,
02-02,,66.9322280883789,,,,59.48135757446289,49.47474670410156,47.641517639160156,81.81214904785156,,
02-03,,,,,62.31645965576172,59.48135757446289,49.47474670410156,47.641517639160156,,,69.0
02-04,,,,61.166465759277344,61.29322814941406,59.48135757446289,49.47474670410156,,,69.86347198486328,69.0
02-05,,,,61.166465759277344,61.29322814941406,59.48135757446289,49.47474670410156,,81.81214904785156,69.86347198486328,69.0
02-06,,,,61.166465759277344,61.29322814941406,59.48135757446289,,47.641517639160156,81.81214904785156,69.86347198486328,69.0
02-07,,,,61.166465759277344,61.29322814941406,,,47.641517639160156,81.81214904785156,69.86347198486328,69.0
02-08,,60.1413688659668,,61.166465759277344,,,49.47474670410156,47.641517639160156,81.81214904785156,69.86347198486328,
02-09,,61.69486618041992,,,,59.48135757446289,49.47474670410156,47.641517639160156,81.81214904785156,,
02-10,,,,,61.29322814941406,59.48135757446289,49.47474670410156,47.641517639160156,,,72.0
02-11,26.808401107788086,,,61.166465759277344,61.29322814941406,59.48135757446289,49.47474670410156,,,69.86347198486328,72.0
02-12,25.743125915527344,,,61.166465759277344,61.29322814941406,59.48135757446289,49.47474670410156,,81.81214904785156,69.86347198486328,72.0
02-13,,,,61.166465759277344,61.29322814941406,59.48135757446289,,47.641517639160156,81.81214904785156,69.86347198486328,72.0
02-14,,,,61.166465759277344,61.29322814941406,,,47.641517639160156,81.81214904785156,69.86347198486328,72.0
02-15,,,,61.166465759277344,,,,47.641517639160156,81.81214904785156,69.86347198486328,
02-16,,,,,,,49.47474670410156,47.641517639160156,81.81214904785156,,
02-17,25.210535049438477,,,,,59.48135757446289,49.38885498046875,47.641517639160156,,,
02-18,,59.1649169921875,,,61.29322814941406,59.48135757446289,49.38885498046875,,,,72.0
02-19,,58.23283767700195,,61.166465759277344,61.29322814941406,59.48135757446289,49.38885498046875,,,69.86347198486328,72.0
02-20,,,,61.166465759277344,61.29322814941406,59.48135757446289,,,81.81214904785156,69.86347198486328,72.0
02-21,,,,61.166465759277344,61.29322814941406,,,47.641517639160156,81.81214904785156,69.86347198486328,72.0
02-22,,58.4991340637207,,61.166465759277344,,,49.38885498046875,47.641517639160156,81.81214904785156,69.86347198486328,
02-23,,,,,,59.48135757446289,49.38885498046875,47.641517639160156,81.81214904785156,,
02-24,,,,,61.29322814941406,59.48135757446289,49.38885498046875,47.641517639160156,,,72.0
02-25,,,,61.166465759277344,61.29322814941406,59.48135757446289,49.38885498046875,,,69.86347198486328,67.69999694824219
02-26,,56.14674758911133,,61.166465759277344,61.29322814941406,59.48135757446289,49.38885498046875,,81.81214904785156,69.86347198486328,68.30000305175781
02-27,20.41703224182129,,,61.166465759277344,61.29322814941406,59.48135757446289,,47.641517639160156,81.81214904785156,69.86347198486328,68.30000305175781
02-28,,,,61.166465759277344,61.29322814941406,,,47.641517639160156,88.96825408935547,69.86347198486328,68.30000305175781
02-29,,,,,,,49.38885498046875,,,,
03-01,,,,61.166465759277344,,,49.38885498046875,47.641517639160156,88.96825408935547,69.86347198486328,
03-02,19.61805534362793,,,,,59.48135757446289,49.38885498046875,47.641517639160156,88.96825408935547,,68.30000305175781
03-03,19.561199188232422,,,,61.29322814941406,59.48135757446289,49.38885498046875,47.641517639160156,,,68.30000305175781
03-04,19.250720977783203,,,61.166465759277344,61.29322814941406,59.48135757446289,49.38885498046875,,,69.86347198486328,68.30000305175781
03-05,,,,61.166465759277344,61.29322814941406,59.48135757446289,,,88.96825408935547,69.86347198486328,68.30000305175781
03-06,,,,61.166465759277344,61.29322814941406,59.48135757446289,,54.45999526977539,88.96825408935547,69.86347198486328,68.30000305175781
03-07,,,,61.166465759277344,61.29322814941406,,49.38885498046875,54.45999526977539,88.96825408935547,69.86347198486328,
03-08,,,,61.166465759277344,,,49.38885498046875,54.45999526977539,88.96825408935547,69.86347198486328,
03-09,17.75389289855957,,,,,59.48135757446289,49.38885498046875,54.45999526977539,88.96825408935547,,68.30000305175781
03-10,19.218564987182617,,,,61.29322814941406,59.48135757446289,49.38885498046875,54.45999526977539,,,58.990501403808594
03-11,20.99399185180664,,,61.166465759277344,61.29322814941406,59.48135757446289,49.38885498046875,,,69.86347198486328,58.990501403808594
03-12,,,,61.166465759277344,61.29322814941406,59.48135757446289,,,88.96825408935547,69.86347198486328,58.990501403808594
03-13,,,,61.166465759277344,61.29322814941406,59.48135757446289,,54.45999526977539,88.96825408935547,69.86347198486328,58.990501403808594
03-14,,,,61.166465759277344,61.29322814941406,,49.38885498046875,54.45999526977539,88.96825408935547,69.86347198486328,
03-15,,,,61.166465759277344,,,49.38885498046875,54.45999526977539,88.96825408935547,69.86347198486328,
03-16,,,,,,59.48135757446289,49.38885498046875,54.45999526977539,88.96825408935547,,58.990501403808594
03-17,21.83733558654785,,,,61.29322814941406,59.48135757446289,49.38885498046875,54.45999526977539,,,58.990501403808594
03-18,21.926069259643555,,,61.166465759277344,61.29322814941406,59.48135757446289,49.38885498046875,,,69.86347198486328,58.990501403808594
03-19,22.6362247467041,,,61.166465759277344,61.29322814941406,59.48135757446289,,,88.96825408935547,69.86347198486328,58.990501403808594
03-20,,,,61.166465759277344,61.29322814941406,59.48135757446289,,54.45999526977539,88.96825408935547,69.86347198486328,58.990501403808594
03-21,,,,61.166465759277344,61.29322814941406,,49.38885498046875,54.45999526977539,88.96825408935547,69.86347198486328,
03-22,,,,61.166465759277344,,,49.38885498046875,54.45999526977539,88.96825408935547,69.86347198486328,
03-23,,,,,,59.48135757446289,49.38885498046875,54.45999526977539,88.96825408935547,,58.990501403808594
03-24,,,,,61.29322814941406,59.48135757446289,49.38885498046875,54.45999526977539,,,44.86000061035156
03-25,,,,61.166465759277344,61.29322814941406,62.50619125366211,,,,70.23811340332031,44.86000061035156
03-26,24.189722061157227,,,61.166465759277344,61.29322814941406,62.50619125366211,,,88.96825408935547,70.23811340332031,45.220298767089844
03-27,,,,61.166465759277344,61.29322814941406,62.50619125366211,,54.45999526977539,88.96825408935547,70.23811340332031,45.220298767089844
03-28,,,,61.166465759277344,61.29322814941406,,49.38885498046875,54.45999526977539,88.96825408935547,70.23811340332031,
03-29,,,,,,,49.38885498046875,54.45999526977539,88.96825408935547,70.23811340332031,
03-30,,,,,,62.50619125366211,57.54015350341797,54.45999526977539,,,45.220298767089844
03-31,,,,,61.29322814941406,62.50619125366211,57.54015350341797,54.45999526977539,,,45.220298767089844
04-01,24.994667053222656,,,61.166465759277344,61.29322814941406,62.50619125366211,57.54015350341797,,,70.23811340332031,42.69049835205078
04-02,28.93885612487793,,,61.166465759277344,61.29322814941406,62.50619125366211,,,88.96825408935547,70.23811340332031,42.69049835205078
04-03,,,,61.166465759277344,61.29322814941406,,,54.45999526977539,88.96825408935547,70.23811340332031,42.69049835205078
04-04,,,,61.166465759277344,61.29322814941406,,57.54015350341797,54.45999526977539,88.96825408935547,70.23811340332031,
04-05,,,,61.166465759277344,,,57.54015350341797,54.45999526977539,88.96825408935547,70.23811340332031,
04-06,,,,,,62.50619125366211,57.54015350341797,54.45999526977539,88.96825408935547,,42.69049835205078
04-07,,,,,61.29322814941406,62.50619125366211,59.26658630371094,54.45999526977539,,,42.69049835205078
04-08,,,,61.166465759277344,61.29322814941406,62.50619125366211,59.26658630371094,,,70.23811340332031,42.69049835205078
04-09,29.165817260742188,,,61.166465759277344,61.29322814941406,62.50619125366211,,,88.96825408935547,70.23811340332031,42.69049835205078
04-10,,,,61.166465759277344,61.29322814941406,62.50619125366211,,54.45999526977539,88.96825408935547,70.23811340332031,
04-11,,,,61.166465759277344,61.29322814941406,,59.26658630371094,54.45999526977539,88.96825408935547,70.23811340332031,
04-12,,,,61.166465759277344,,,59.26658630371094,54.45999526977539,88.96825408935547,70.23811340332031,
04-13,30.092866897583008,,,,,62.50619125366211,59.26658630371094,54.45999526977539,88.96825408935547,,42.69049835205078
04-14,,,,,61.29322814941406,62.50619125366211,59.26658630371094,,,,42.69049835205078
04-15,,,,61.166465759277344,71.10020446777344,62.50619125366211,59.26658630371094,,,70.23811340332031,42.69049835205078
04-16,,,,61.166465759277344,71.10020446777344,62.50619125366211,,,88.96825408935547,70.23811340332031,42.69049835205078
04-17,,,,61.166465759277344,71.10020446777344,62.50619125366211,,58.206214904785156,88.96825408935547,70.23811340332031,42.69049835205078
04-18,,,,61.166465759277344,,,59.26658630371094,58.206214904785156,88.96825408935547,70.23811340332031,
04-19,,,,61.166465759277344,,,59.26658630371094,56.49942398071289,88.96825408935547,,
04-20,,,,,,62.50619125366211,59.26658630371094,57.33086395263672,88.96825408935547,,42.69049835205078
04-21,,,,,71.10020446777344,62.50619125366211,60.855613708496094,56.89324188232422,,,43.6875
04-22,,,,61.166465759277344,71.10020446777344,62.50619125366211,60.855613708496094,,,70.23811340332031,43.6875
04-23,,60.940345764160156,,61.166465759277344,71.10020446777344,62.50619125366211,,,88.96825408935547,70.23811340332031,43.6875
04-24,,,,61.166465759277344,71.10020446777344,62.50619125366211,,56.89324188232422,88.96825408935547,70.23811340332031,43.6875
04-25,,,,61.166465759277344,71.10020446777344,,60.855613708496094,56.89324188232422,88.96825408935547,70.23811340332031,
04-26,,,,61.166465759277344,,,60.855613708496094,56.89324188232422,88.96825408935547,70.23811340332031,
04-27,34.797637939453125,,,,,62.50619125366211,60.855613708496094,59.2022819519043,88.96825408935547,,43.6875
04-28,,60.718414306640625,,,71.10020446777344,62.50619125366211,60.855613708496094,59.2022819519043,,,43.6875
04-29,,,,61.166465759277344,71.10020446777344,62.50619125366211,60.855613708496094,,,70.23811340332031,43.6875
04-30,,,,61.166465759277344,71.10020446777344,62.50619125366211,,,88.96825408935547,70.23811340332031,43.6875
05-01,,,,61.166465759277344,71.10020446777344,62.50619125366211,,59.2022819519043,88.96825408935547,70.23811340332031,43.6875
05-02,,,,61.166465759277344,71.10020446777344,,60.855613708496094,59.2022819519043,88.96825408935547,70.23811340332031,
05-03,,,,61.166465759277344,,,60.855613708496094,59.2022819519043,88.96825408935547,70.23811340332031,
05-04,37.177608489990234,,,,,62.50619125366211,60.855613708496094,59.2022819519043,88.96825408935547,,43.6875
05-05,,,,,71.10020446777344,62.50619125366211,60.855613708496094,62.162410736083984,,,43.6875
05-06,,,,61.166465759277344,71.10020446777344,62.50619125366211,60.855613708496094,,,70.23811340332031,43.6875
05-07,,,,61.166465759277344,71.10020446777344,62.50619125366211,,,88.96825408935547,70.23811340332031,43.6875
05-08,,,,61.166465759277344,71.10020446777344,62.50619125366211,,62.162410736083984,88.96825408935547,71.42859649658203,43.6875
05-09,,,,61.166465759277344,72.236572265625,,60.855613708496094,62.162410736083984,88.96825408935547,71.42859649658203,
05-10,,,,61.166465759277344,,,60.855613708496094,62.162410736083984,88.96825408935547,71.42859649658203,
05-11,,,,,,62.50619125366211,60.855613708496094,62.10113525390625,88.96825408935547,,43.6875
05-12,,,,,76.8747787475586,62.50619125366211,60.855613708496094,62.10113525390625,,,43.6875
05-13,,,,61.166465759277344,76.8747787475586,62.50619125366211,60.855613708496094,,,71.42859649658203,43.6875
05-14,,,,61.166465759277344,76.8747787475586,62.50619125366211,,,77.16825866699219,71.42859649658203,43.6875
05-15,,,,61.166465759277344,76.8747787475586,62.50619125366211,,62.10113525390625,77.16825866699219,70.1500015258789,43.6875
05-16,,,,61.166465759277344,76.8747787475586,,60.855613708496094,65.55558776855469,77.16825866699219,70.1500015258789,
05-17,,,,61.166465759277344,,,62.01361083984375,68.83332824707031,77.16825866699219,70.1500015258789,
05-18,,,,,,62.50619125366211,62.01361083984375,68.83332824707031,77.16825866699219,,43.6875
05-19,,,,,76.8747787475586,62.50619125366211,62.01361083984375,68.83332824707031,,,43.6875
05-20,,,,61.166465759277344,76.8747787475586,62.50619125366211,62.01361083984375,,,70.1500015258789,43.6875
05-21,,,,61.166465759277344,76.8747787475586,62.50619125366211,,,77.16825866699219,70.1500015258789,43.6875
05-22,,,,61.166465759277344,76.8747787475586,62.50619125366211,,68.83332824707031,77.16825866699219,70.1500015258789,43.6875
05-23,,,,61.166465759277344,76.8747787475586,,62.01361083984375,64.99360656738281,77.16825866699219,70.1500015258789,
05-24,,,,61.166465759277344,,,62.01361083984375,64.99360656738281,77.16825866699219,70.1500015258789,
05-25,,,,,,,62.01361083984375,64.99360656738281,77.16825866699219,,
05-26,,,,,,62.50619125366211,62.01361083984375,64.99360656738281,,,43.6875
05-27,,,,,76.8747787475586,62.50619125366211,62.01361083984375,,,,43.6875
05-28,,,,61.166465759277344,76.8747787475586,62.50619125366211,,,,70.1500015258789,50.7671012878418
05-29,,,,61.166465759277344,76.8747787475586,62.50619125366211,,,71.92384338378906,70.1500015258789,50.7671012878418
05-30,,,,61.166465759277344,76.8747787475586,,,64.99360656738281,71.92384338378906,70.1500015258789,
05-31,,,,61.166465759277344,,,62.01361083984375,64.99360656738281,71.92384338378906,70.1500015258789,
06-01,,,,,,62.50619125366211,62.01361083984375,64.99360656738281,71.92384338378906,,50.7671012878418
06-02,,,,,76.8747787475586,62.50619125366211,62.01361083984375,64.99360656738281,,,50.7671012878418
06-03,,,,61.166465759277344,76.8747787475586,62.50619125366211,62.01361083984375,,,70.1500015258789,50.7671012878418
06-04,,,,61.166465759277344,76.8747787475586,62.50619125366211,,,71.92384338378906,70.1500015258789,50.7671012878418
06-05,41.36665725708008,,,61.166465759277344,76.8747787475586,62.50619125366211,,67.42854309082031,71.92384338378906,70.1500015258789,50.7671012878418
06-06,,,,61.166465759277344,76.8747787475586,,62.01361083984375,67.42854309082031,71.92384338378906,70.1500015258789,
06-07,,51.930198669433594,,61.166465759277344,,,62.01361083984375,67.42854309082031,71.92384338378906,70.1500015258789,
06-08,,,,,,58.57946014404297,57.15581512451172,67.14759826660156,71.92384338378906,,50.7671012878418
06-09,,,,,76.8747787475586,58.57946014404297,57.15581512451172,67.14759826660156,,,50.7671012878418
06-10,,,,61.166465759277344,76.8747787475586,58.36478042602539,57.15581512451172,,,70.1500015258789,50.7671012878418
06-11,,,,61.166465759277344,76.8747787475586,58.36478042602539,,,71.92384338378906,70.1500015258789,50.7671012878418
06-12,,,,61.166465759277344,76.8747787475586,58.36478042602539,,67.14759826660156,71.92384338378906,70.1500015258789,50.7671012878418
06-13,,,,61.166465759277344,76.8747787475586,,57.15581512451172,67.14759826660156,71.92384338378906,70.1500015258789,
06-14,,,,61.166465759277344,,,57.15581512451172,68.73971557617188,71.92384338378906,70.12000274658203,
06-15,40.16818618774414,,,,,58.36478042602539,57.15581512451172,68.73971557617188,71.92384338378906,,50.7671012878418
06-16,,,,,76.8747787475586,58.36478042602539,57.15581512451172,68.5523910522461,,,50.7671012878418
06-17,34.43757247924805,,,61.166465759277344,76.8747787475586,58.36478042602539,57.15581512451172,,,70.12000274658203,50.7671012878418
06-18,,,61.166465759277344,61.166465759277344,76.8747787475586,58.36478042602539,,,71.92384338378906,70.12000274658203,50.7671012878418
06-19,,,61.166465759277344,61.166465759277344,76.8747787475586,58.36478042602539,,69.16107177734375,71.12773895263672,70.12000274658203,50.7671012878418
06-20,,,61.166465759277344,61.166465759277344,76.8747787475586,,57.15581512451172,69.16107177734375,71.12773895263672,70.12000274658203,
06-21,,,61.166465759277344,61.166465759277344,,,57.15581512451172,69.16107177734375,71.12773895263672,72.0,
06-22,,,61.166465759277344,,,62.2299690246582,57.15581512451172,69.16107177734375,71.12773895263672,,50.7671012878418
06-23,,,,,76.8747787475586,62.2299690246582,57.54972457885742,69.16107177734375,,,50.7671012878418
06-24,,,,61.166465759277344,76.8747787475586,62.2299690246582,52.21049499511719,,,72.0,50.7671012878418
06-25,,,61.166465759277344,61.166465759277344,76.8747787475586,62.2299690246582,,,71.12773895263672,72.0,50.7671012878418
06-26,,,61.166465759277344,61.166465759277344,76.8747787475586,62.2299690246582,,69.16107177734375,71.12773895263672,72.0,50.7671012878418
06-27,,,61.166465759277344,61.166465759277344,76.8747787475586,,52.21049499511719,69.76985931396484,71.12773895263672,72.0,
06-28,,,61.166465759277344,61.166465759277344,,,52.21049499511719,69.76985931396484,71.12773895263672,72.0,
06-29,,,61.166465759277344,,,62.2299690246582,52.21049499511719,69.76985931396484,71.12773895263672,,50.7671012878418
06-30,,,,,76.8747787475586,62.2299690246582,52.21049499511719,70.70638275146484,,,50.7671012878418
07-01,,,,61.166465759277344,76.8747787475586,62.2299690246582,52.21049499511719,,,72.0,50.7671012878418
07-02,,,61.166465759277344,61.166465759277344,76.8747787475586,62.2299690246582,,,71.12773895263672,72.0,50.7671012878418
07-03,,,61.166465759277344,61.166465759277344,76.8747787475586,,,70.70638275146484,71.12773895263672,72.0,
07-05,,,61.166465759277344,61.166465759277344,,,52.21049499511719,70.70638275146484,71.12773895263672,72.0,
07-06,,,61.166465759277344,,,62.2299690246582,52.21049499511719,70.70638275146484,71.12773895263672,,50.7671012878418
07-07,,,,,76.8747787475586,62.2299690246582,52.21049499511719,71.64281463623047,,,50.7671012878418
07-08,,,,61.166465759277344,76.8747787475586,62.2299690246582,52.166778564453125,,,72.0,50.7671012878418
07-09,,,61.166465759277344,61.166465759277344,76.8747787475586,62.2299690246582,,,71.12773895263672,72.0,50.7671012878418
07-10,,,61.166465759277344,61.166465759277344,76.8747787475586,62.2299690246582,,71.64281463623047,71.12773895263672,72.0,50.7671012878418
07-11,,,61.166465759277344,61.166465759277344,76.8747787475586,,52.166778564453125,71.64281463623047,71.12773895263672,72.0,
07-12,,,61.166465759277344,61.166465759277344,,,52.166778564453125,74.17144775390625,71.12773895263672,72.0,
07-13,,,61.166465759277344,,,62.2299690246582,52.166778564453125,74.17144775390625,71.12773895263672,,50.7671012878418
07-14,,,,,76.8747787475586,62.2299690246582,52.166778564453125,74.17144775390625,,,50.7671012878418
07-15,,,,61.166465759277344,76.8747787475586,62.2299690246582,52.166778564453125,,,72.0,50.7671012878418
07-16,,,61.166465759277344,61.166465759277344,76.8747787475586,62.2299690246582,,,71.12773895263672,72.0,50.7671012878418
07-17,,,61.166465759277344,61.166465759277344,76.8747787475586,62.2299690246582,,74.17144775390625,71.12773895263672,72.0,50.7671012878418
07-18,,,61.166465759277344,61.166465759277344,76.8747787475586,,52.166778564453125,74.17144775390625,71.12773895263672,72.0,
07-19,,,61.166465759277344,61.166465759277344,,,52.166778564453125,74.17144775390625,71.12773895263672,72.0,
07-20,,,61.166465759277344,,,62.2299690246582,52.166778564453125,74.17144775390625,71.12773895263672,,50.7671012878418
07-21,,,,,76.8747787475586,62.2299690246582,52.166778564453125,74.17144775390625,,,50.7671012878418
07-22,,,,61.166465759277344,76.8747787475586,62.2299690246582,52.166778564453125,,,72.0,50.7671012878418
07-23,,,61.166465759277344,61.166465759277344,76.8747787475586,62.2299690246582,,,71.12773895263672,72.0,50.7671012878418
07-24,,,61.166465759277344,61.166465759277344,76.8747787475586,62.2299690246582,,74.17144775390625,71.12773895263672,72.0,50.7671012878418
07-25,,,61.166465759277344,61.166465759277344,76.8747787475586,,52.166778564453125,74.17144775390625,71.12773895263672,72.0,
07-26,,,61.166465759277344,61.166465759277344,,,52.166778564453125,74.17144775390625,71.12773895263672,72.0,
07-27,,,61.166465759277344,,,62.2299690246582,55.01139831542969,74.17144775390625,71.12773895263672,,50.7671012878418
07-28,,,,,76.8747787475586,62.2299690246582,55.01139831542969,75.48253631591797,,,50.7671012878418
07-29,,,,61.166465759277344,76.8747787475586,62.2299690246582,55.01139831542969,,,72.0,50.7671012878418
07-30,,,61.166465759277344,61.166465759277344,76.8747787475586,62.2299690246582,,,71.12773895263672,72.0,50.7671012878418
07-31,,,61.166465759277344,61.166465759277344,64.50611114501953,62.2299690246582,,75.48253631591797,71.12773895263672,72.0,50.7671012878418
08-01,,,61.166465759277344,61.166465759277344,64.50611114501953,,55.01139831542969,75.48253631591797,71.12773895263672,72.0,
08-02,,,61.166465759277344,61.166465759277344,,,55.01139831542969,77.44920349121094,71.12773895263672,72.0,
08-03,,60.67395782470703,61.166465759277344,,,62.2299690246582,55.01139831542969,77.44920349121094,71.12773895263672,,50.7671012878418
08-04,,59.91943359375,,,64.50611114501953,62.2299690246582,55.01139831542969,77.44920349121094,,,50.7671012878418
08-05,,60.274559020996094,,61.166465759277344,64.50611114501953,62.2299690246582,55.01139831542969,,,72.0,50.7671012878418
08-06,42.121177673339844,,61.166465759277344,61.166465759277344,62.272865295410156,62.2299690246582,,,71.12773895263672,72.0,50.7671012878418
08-07,,,61.166465759277344,61.166465759277344,62.272865295410156,62.2299690246582,,77.44920349121094,71.12773895263672,64.75,50.7671012878418
08-08,,,61.166465759277344,61.166465759277344,62.272865295410156,,55.01139831542969,77.44920349121094,71.12773895263672,64.75,
08-09,,,61.166465759277344,61.166465759277344,,,55.01139831542969,77.44920349121094,71.12773895263672,64.75,
08-10,,58.809791564941406,61.166465759277344,,,62.2299690246582,55.01139831542969,77.26187896728516,71.12773895263672,,50.7671012878418
08-11,,,,,62.272865295410156,62.2299690246582,55.01139831542969,77.26187896728516,,,50.7671012878418
08-12,,,,61.166465759277344,62.272865295410156,55.70206832885742,55.01139831542969,,,64.75,50.7671012878418
08-13,,,61.166465759277344,61.166465759277344,62.272865295410156,55.70206832885742,,,71.12773895263672,64.75,50.7671012878418
08-14,,,61.166465759277344,61.166465759277344,62.272865295410156,56.77566146850586,,77.73013305664062,71.12773895263672,64.75,50.7671012878418
08-15,,,61.166465759277344,61.166465759277344,62.272865295410156,,55.01139831542969,77.73013305664062,71.12773895263672,64.75,
08-16,,,61.166465759277344,61.166465759277344,,,55.01139831542969,77.73013305664062,71.12773895263672,65.19999694824219,
08-17,38.79225158691406,,61.166465759277344,,,56.77566146850586,55.01139831542969,78.33892059326172,71.12773895263672,,50.7671012878418
08-18,,,,,62.272865295410156,56.77566146850586,55.01139831542969,78.33892059326172,,,50.7671012878418
08-19,,,,61.166465759277344,62.272865295410156,56.77566146850586,55.01139831542969,,,65.19999694824219,50.7671012878418
08-20,,,61.166465759277344,61.166465759277344,62.272865295410156,56.77566146850586,,,71.12773895263672,65.19999694824219,50.7671012878418
08-21,,,61.166465759277344,61.166465759277344,62.272865295410156,56.77566146850586,,78.33892059326172,71.12773895263672,65.19999694824219,50.7671012878418
08-22,,,61.166465759277344,61.166465759277344,62.272865295410156,,55.01139831542969,78.33892059326172,71.12773895263672,65.19999694824219,
08-23,,,61.166465759277344,61.166465759277344,,,54.34622573852539,78.33892059326172,71.12773895263672,65.19999694824219,
08-24,,,61.166465759277344,,,56.77566146850586,54.34622573852539,77.73013305664062,71.12773895263672,,50.7671012878418
08-25,,,,,62.272865295410156,56.77566146850586,54.34622573852539,77.73013305664062,,,52.76190185546875
08-26,,,,61.166465759277344,62.272865295410156,56.77566146850586,54.34622573852539,,,65.19999694824219,52.76190185546875
08-27,,,61.166465759277344,61.166465759277344,62.272865295410156,56.77566146850586,,,71.12773895263672,65.19999694824219,53.063201904296875
08-28,49.799747467041016,,61.166465759277344,61.166465759277344,62.272865295410156,56.77566146850586,,77.73013305664062,71.12773895263672,65.19999694824219,53.063201904296875
08-29,,,61.166465759277344,61.166465759277344,62.272865295410156,,54.34622573852539,77.73013305664062,71.12773895263672,65.19999694824219,
08-30,,,61.166465759277344,61.166465759277344,,,54.34622573852539,77.73013305664062,71.12773895263672,65.19999694824219,
08-31,,52.15213394165039,61.166465759277344,,,56.77566146850586,54.34622573852539,77.73013305664062,71.12773895263672,,53.063201904296875
09-01,,,,,,56.77566146850586,54.34622573852539,77.73013305664062,,,53.063201904296875
09-02,,,,,62.272865295410156,56.77566146850586,54.34622573852539,,,,53.063201904296875
09-03,,,,61.166465759277344,62.272865295410156,56.77566146850586,,,,65.19999694824219,53.063201904296875
09-04,,,61.166465759277344,61.166465759277344,62.272865295410156,56.77566146850586,,,71.12773895263672,65.19999694824219,53.063201904296875
09-05,,,61.166465759277344,61.166465759277344,62.272865295410156,,,77.73013305664062,71.12773895263672,67.30000305175781,
09-06,,,61.166465759277344,61.166465759277344,,,54.34622573852539,77.73013305664062,71.12773895263672,67.30000305175781,
09-07,,,61.166465759277344,,,,54.34622573852539,77.73013305664062,71.12773895263672,,
09-08,,,,,62.272865295410156,56.77566146850586,53.82975769042969,77.73013305664062,,,53.063201904296875
09-09,,,,61.166465759277344,62.272865295410156,56.77566146850586,53.47087860107422,,,67.30000305175781,53.063201904296875
09-10,54.815181732177734,,61.166465759277344,61.166465759277344,62.272865295410156,56.77566146850586,,,71.12773895263672,67.30000305175781,53.063201904296875
09-11,,,61.166465759277344,61.166465759277344,62.272865295410156,56.77566146850586,,77.73013305664062,71.12773895263672,67.30000305175781,53.063201904296875
09-12,,,61.166465759277344,61.166465759277344,62.272865295410156,,53.47087860107422,77.73013305664062,71.12773895263672,67.30000305175781,
09-13,,,61.166465759277344,61.166465759277344,,,53.47087860107422,77.73013305664062,71.12773895263672,67.30000305175781,
09-14,,,61.166465759277344,,,56.77566146850586,53.47087860107422,77.73013305664062,71.12773895263672,,53.063201904296875
09-15,,,,,62.272865295410156,56.77566146850586,53.47087860107422,82.03811645507812,,,53.063201904296875
09-16,,,,61.166465759277344,62.272865295410156,56.77566146850586,53.47087860107422,,,67.30000305175781,53.063201904296875
09-17,55.525325775146484,,61.166465759277344,61.166465759277344,62.272865295410156,56.77566146850586,,,71.12773895263672,67.30000305175781,53.063201904296875
09-18,,,61.166465759277344,61.166465759277344,62.272865295410156,56.77566146850586,,82.03811645507812,72.90718078613281,67.30000305175781,
09-19,,,61.166465759277344,61.166465759277344,62.272865295410156,,53.47087860107422,82.03811645507812,72.90718078613281,67.30000305175781,
09-20,,,61.166465759277344,61.166465759277344,,,51.457794189453125,82.03811645507812,72.90718078613281,67.30000305175781,
09-21,,,61.166465759277344,,,56.77566146850586,51.457794189453125,82.03811645507812,75.15478515625,,53.063201904296875
09-22,,,,,62.272865295410156,56.77566146850586,51.457794189453125,82.03811645507812,,,53.063201904296875
09-23,,,,61.166465759277344,62.272865295410156,56.77566146850586,51.457794189453125,,,72.0,53.063201904296875
09-24,,,61.166465759277344,61.166465759277344,62.272865295410156,56.77566146850586,,,75.15478515625,72.0,53.063201904296875
09-25,52.15213394165039,,61.166465759277344,53.769012451171875,62.272865295410156,56.77566146850586,,82.03811645507812,75.15478515625,72.0,53.063201904296875
09-26,,,61.166465759277344,53.769012451171875,62.272865295410156,,51.457794189453125,82.03811645507812,75.15478515625,72.0,
09-27,,,61.166465759277344,53.769012451171875,,,51.457794189453125,82.03811645507812,75.15478515625,72.0,
09-28,,,61.166465759277344,,,56.77566146850586,51.457794189453125,82.03811645507812,75.15478515625,,53.063201904296875
09-29,,,,,62.272865295410156,56.77566146850586,51.457794189453125,82.03811645507812,,,53.063201904296875
09-30,,,,53.769012451171875,62.272865295410156,56.77566146850586,50.54751205444336,,,72.0,53.063201904296875
10-01,,,61.166465759277344,53.769012451171875,62.272865295410156,56.77566146850586,,,75.15478515625,72.0,53.063201904296875
10-02,,,61.166465759277344,53.769012451171875,62.272865295410156,56.77566146850586,,82.03811645507812,75.15478515625,72.0,53.063201904296875
10-03,,,61.166465759277344,53.769012451171875,62.272865295410156,,50.54751205444336,82.03811645507812,75.15478515625,72.0,
10-04,,,61.166465759277344,53.769012451171875,,,50.54751205444336,82.03811645507812,75.15478515625,72.0,
10-05,,,61.166465759277344,,,56.77566146850586,50.54751205444336,82.03811645507812,75.15478515625,,53.063201904296875
10-06,,,,,62.272865295410156,56.77566146850586,50.54751205444336,82.03811645507812,,,53.063201904296875
10-07,,,,53.769012451171875,62.272865295410156,56.77566146850586,50.02226638793945,,,72.0,53.063201904296875
10-08,,,61.166465759277344,53.769012451171875,62.272865295410156,56.77566146850586,,,75.15478515625,72.0,53.063201904296875
10-09,,,61.166465759277344,53.769012451171875,62.272865295410156,56.77566146850586,,82.03811645507812,75.15478515625,72.0,53.063201904296875
10-10,,,61.166465759277344,53.769012451171875,62.272865295410156,,50.02226638793945,82.03811645507812,75.15478515625,72.0,
10-11,,,61.166465759277344,53.769012451171875,,,50.02226638793945,82.03811645507812,75.15478515625,72.0,
10-12,,,61.166465759277344,,,56.77566146850586,50.02226638793945,82.03811645507812,75.15478515625,,53.063201904296875
10-13,,,,,62.272865295410156,56.77566146850586,50.02226638793945,82.03811645507812,,,53.063201904296875
10-14,,,,53.769012451171875,62.272865295410156,56.77566146850586,50.02226638793945,,,72.0,53.063201904296875
10-15,,,61.166465759277344,53.769012451171875,62.272865295410156,56.77566146850586,,,75.15478515625,76.5,53.063201904296875
10-16,,,61.166465759277344,53.769012451171875,62.272865295410156,56.77566146850586,,82.03811645507812,75.15478515625,76.5,53.063201904296875
10-17,,,61.166465759277344,53.769012451171875,62.272865295410156,,50.02226638793945,82.03811645507812,69.60131072998047,76.5,
10-18,,,61.166465759277344,53.769012451171875,,,50.02226638793945,82.03811645507812,69.60131072998047,76.5,
10-19,,,61.166465759277344,,,56.77566146850586,50.02226638793945,82.03811645507812,69.60131072998047,,51.650001525878906
10-20,,65.6894760131836,,,62.272865295410156,56.77566146850586,50.02226638793945,82.03811645507812,,,52.112701416015625
10-21,,,,62.89957809448242,62.272865295410156,56.77566146850586,50.02226638793945,,,76.5,52.112701416015625
10-22,,,61.166465759277344,62.89957809448242,62.272865295410156,56.77566146850586,,,69.60131072998047,76.5,52.112701416015625
10-23,,,61.166465759277344,62.89957809448242,62.272865295410156,56.77566146850586,,82.03811645507812,69.60131072998047,76.5,52.112701416015625
10-24,,,61.166465759277344,62.89957809448242,62.272865295410156,,50.02226638793945,82.03811645507812,69.60131072998047,76.5,
10-25,,,61.166465759277344,62.89957809448242,,,50.02226638793945,82.03811645507812,69.60131072998047,76.5,
10-26,,,61.166465759277344,,,56.77566146850586,50.02226638793945,82.03811645507812,69.60131072998047,,52.112701416015625
10-27,,,,,62.272865295410156,56.77566146850586,50.02226638793945,82.03811645507812,,,52.112701416015625
10-28,,,,62.89957809448242,62.272865295410156,56.77566146850586,50.02226638793945,,,76.5,52.112701416015625
10-29,,,,62.89957809448242,62.272865295410156,56.77566146850586,,,69.60131072998047,76.5,52.112701416015625
10-30,,,,62.89957809448242,62.272865295410156,56.77566146850586,,82.03811645507812,69.60131072998047,76.5,52.112701416015625
10-31,,,61.166465759277344,62.89957809448242,62.272865295410156,,50.02226638793945,82.03811645507812,69.60131072998047,76.5,
11-01,,,61.166465759277344,62.89957809448242,,,50.02226638793945,82.03811645507812,69.60131072998047,70.5,
11-02,,,61.166465759277344,,,56.77566146850586,50.02226638793945,82.03811645507812,69.60131072998047,,52.112701416015625
11-03,,,,,62.272865295410156,56.77566146850586,50.02226638793945,82.03811645507812,,,52.112701416015625
11-04,,,,62.89957809448242,62.272865295410156,56.77566146850586,50.02226638793945,,,70.5,52.112701416015625
11-05,,,61.166465759277344,62.89957809448242,62.272865295410156,56.77566146850586,,,69.60131072998047,70.5,52.112701416015625
11-06,,,61.166465759277344,62.89957809448242,62.272865295410156,56.77566146850586,,82.03811645507812,69.60131072998047,70.5,52.112701416015625
11-07,,,61.166465759277344,62.89957809448242,62.272865295410156,,50.02226638793945,82.03811645507812,69.60131072998047,70.5,
11-08,,,61.166465759277344,62.89957809448242,,,50.02226638793945,82.03811645507812,69.60131072998047,70.5,
11-09,60.558563232421875,,61.166465759277344,,,56.77566146850586,50.02226638793945,82.03811645507812,69.60131072998047,,52.112701416015625
11-10,,,,,62.272865295410156,56.77566146850586,50.02226638793945,82.03811645507812,,,52.112701416015625
11-11,,,,62.89957809448242,62.272865295410156,56.77566146850586,50.02226638793945,,,70.5,52.112701416015625
11-12,,,61.166465759277344,62.89957809448242,62.272865295410156,56.77566146850586,,,69.60131072998047,70.5,52.112701416015625
11-13,61.783599853515625,,61.166465759277344,62.89957809448242,62.272865295410156,56.77566146850586,,82.03811645507812,69.60131072998047,70.5,52.112701416015625
11-14,,,61.166465759277344,62.89957809448242,62.272865295410156,,50.02226638793945,82.03811645507812,69.60131072998047,70.5,
11-15,,,61.166465759277344,62.89957809448242,,,50.02226638793945,82.03811645507812,69.60131072998047,70.5,
11-16,,65.1124267578125,61.166465759277344,,,56.77566146850586,50.02226638793945,81.00797271728516,69.60131072998047,,52.112701416015625
11-17,,,,,62.272865295410156,56.77566146850586,50.02226638793945,81.00797271728516,,,52.112701416015625
11-18,,,,62.89957809448242,62.272865295410156,56.77566146850586,50.02226638793945,,,70.5,
11-19,,,61.166465759277344,64.3840103149414,62.272865295410156,56.77566146850586,,,70.23811340332031,70.5,
11-20,,,61.166465759277344,64.3840103149414,62.272865295410156,56.77566146850586,,81.00797271728516,70.23811340332031,70.5,
11-21,,,61.166465759277344,64.3840103149414,62.272865295410156,,50.02226638793945,81.00797271728516,70.23811340332031,70.5,
11-22,,,,61.377769470214844,,,50.02226638793945,81.00797271728516,,70.5,
11-23,,,61.166465759277344,,,56.77566146850586,50.02226638793945,,70.23811340332031,,
11-24,,,,,62.272865295410156,56.77566146850586,,81.00797271728516,,,
11-25,,,,61.377769470214844,62.272865295410156,56.77566146850586,50.02226638793945,,,70.5,
11-26,,,61.166465759277344,61.377769470214844,62.272865295410156,,,,70.23811340332031,70.5,
11-27,62.71567916870117,,61.166465759277344,61.377769470214844,,56.77566146850586,,81.00797271728516,70.23811340332031,70.5,
11-28,,,61.166465759277344,,62.272865295410156,,50.02226638793945,81.00797271728516,70.23811340332031,,
11-29,,,61.166465759277344,61.377769470214844,,,50.02226638793945,81.00797271728516,70.23811340332031,70.5,
11-30,,60.3632926940918,61.166465759277344,,,56.77566146850586,50.02226638793945,81.00797271728516,70.23811340332031,,
12-01,,,,,62.272865295410156,56.77566146850586,50.02226638793945,81.00797271728516,,,
12-02,,,,61.377769470214844,62.272865295410156,56.77566146850586,47.641517639160156,,,70.5,
12-03,,,61.166465759277344,61.377769470214844,62.272865295410156,56.77566146850586,,,70.23811340332031,70.5,
12-04,67.46490478515625,,61.166465759277344,61.377769470214844,62.272865295410156,56.77566146850586,,82.55319213867188,70.23811340332031,70.5,
12-05,,,61.166465759277344,61.377769470214844,62.272865295410156,,47.641517639160156,82.55319213867188,,70.5,
12-06,,,61.166465759277344,61.377769470214844,,,47.641517639160156,82.55319213867188,70.23811340332031,70.5,
12-07,,,61.166465759277344,,,56.77566146850586,47.641517639160156,81.81214904785156,70.23811340332031,,
12-08,64.18035125732422,,,,62.272865295410156,56.77566146850586,47.641517639160156,81.81214904785156,,,
12-09,,65.73384857177734,,61.377769470214844,62.272865295410156,56.77566146850586,47.641517639160156,,,70.5,
12-10,63.95842361450195,65.6894760131836,61.166465759277344,61.377769470214844,62.272865295410156,56.77566146850586,,,70.23811340332031,70.5,
12-11,,,61.166465759277344,61.377769470214844,59.48135757446289,56.77566146850586,,81.81214904785156,70.23811340332031,68.1500015258789,
12-12,,,61.166465759277344,61.377769470214844,59.48135757446289,,47.641517639160156,81.81214904785156,70.23811340332031,68.1500015258789,
12-13,,,61.166465759277344,61.377769470214844,,,47.641517639160156,81.81214904785156,70.23811340332031,68.0999984741211,
12-14,,,61.166465759277344,,,56.77566146850586,47.641517639160156,81.81214904785156,70.23811340332031,,
12-15,,65.91140747070312,,,59.48135757446289,56.77566146850586,47.641517639160156,81.81214904785156,,,
12-16,,,,61.377769470214844,59.48135757446289,56.77566146850586,47.641517639160156,,,68.0999984741211,
12-17,,64.22480773925781,61.166465759277344,61.377769470214844,59.48135757446289,56.77566146850586,,,70.23811340332031,68.0999984741211,
12-18,62.493751525878906,,61.166465759277344,61.377769470214844,59.48135757446289,56.77566146850586,,81.81214904785156,70.23811340332031,68.0999984741211,
12-19,,,61.166465759277344,61.377769470214844,59.48135757446289,,47.641517639160156,81.81214904785156,70.23811340332031,68.0999984741211,
12-20,,,61.166465759277344,61.377769470214844,,,47.641517639160156,81.81214904785156,64.80638122558594,68.0999984741211,
12-21,,,61.166465759277344,,,56.77566146850586,47.641517639160156,81.81214904785156,64.80638122558594,,
12-22,,,,,59.48135757446289,56.77566146850586,47.641517639160156,81.81214904785156,,,
12-23,,,,61.377769470214844,59.48135757446289,56.77566146850586,47.641517639160156,,,68.0999984741211,
12-24,,,61.166465759277344,61.377769470214844,59.48135757446289,56.77566146850586,,,64.80638122558594,68.0999984741211,
12-26,,,61.166465759277344,61.377769470214844,59.48135757446289,,,81.81214904785156,64.80638122558594,68.0999984741211,
12-27,,,61.166465759277344,61.377769470214844,,,47.641517639160156,81.81214904785156,64.80638122558594,68.0999984741211,
12-28,,,61.166465759277344,,,56.77566146850586,47.641517639160156,81.81214904785156,64.80638122558594,,
12-29,,,,,59.48135757446289,56.77566146850586,47.641517639160156,81.81214904785156,,,
12-30,,,,61.377769470214844,59.48135757446289,56.77566146850586,47.641517639160156,,,68.0999984741211,
12-31,,,61.166465759277344,61.377769470214844,59.48135757446289,56.77566146850586,,,64.80638122558594,68.0999984741211,
