,2010,2011,2012,2013,2014,2015,2016,2017,2018,2019,2020
01-02,,,,11.927107810974121,8.205452919006348,5.460659027099609,,,9.08780574798584,7.677241325378418,8.187575340270996
01-03,,11.01219654083252,11.841365814208984,11.9155855178833,8.417816162109375,,,4.285262107849121,9.08780574798584,7.693422794342041,8.187575340270996
01-04,,11.01219654083252,11.846877098083496,11.921346664428711,,,1.7753809690475464,4.3112335205078125,9.404741287231445,7.693422794342041,
01-05,,11.603562355041504,11.830347061157227,,,5.294998645782471,1.7753809690475464,4.343698024749756,9.480530738830566,,
01-06,,11.576923370361328,11.979119300842285,,8.40011978149414,5.4299821853637695,1.7753809690475464,4.291754245758057,,,8.187575340270996
01-07,,11.576923370361328,,11.961681365966797,8.335232734680176,5.374760627746582,1.7753809690475464,,,7.693422794342041,8.187575340270996
01-08,,,,11.96744155883789,8.252645492553711,5.540420055389404,1.7753809690475464,,9.480530738830566,7.693422794342041,8.187575340270996
01-09,,,11.731164932250977,11.8291597366333,8.122868537902832,5.656996726989746,,4.291754245758057,9.273832321166992,7.693422794342041,8.007627487182617
01-10,,11.576923370361328,11.901979446411133,11.61020565032959,8.152360916137695,,,4.291754245758057,9.273832321166992,7.693422794342041,8.007627487182617
01-11,,11.502336502075195,11.681572914123535,11.350920677185059,,,1.5217548608779907,4.395639896392822,9.370291709899902,7.984654903411865,
01-12,,11.502336502075195,11.92952823638916,,,5.595641136169434,1.5280956029891968,4.395639896392822,9.26694393157959,,
01-13,,11.502336502075195,11.924017906188965,,7.963595867156982,5.7183518409729,1.6232051849365234,4.395639896392822,,,8.007627487182617
01-14,,11.885927200317383,,11.546826362609863,8.18185806274414,5.589505672454834,1.6232051849365234,,,7.984654903411865,8.007627487182617
01-15,,,,11.229921340942383,8.223151206970215,5.380897521972656,1.6232051849365234,,,8.518584251403809,8.007627487182617
01-16,,,,11.131969451904297,8.347028732299805,5.583370208740234,,,9.26694393157959,8.518584251403809,8.007627487182617
01-17,,,12.44748592376709,11.091635704040527,8.5947847366333,,,4.7137885093688965,9.26694393157959,8.696560859680176,8.007627487182617
01-18,,11.960515022277832,12.79463005065918,11.016731262207031,,,,4.7137885093688965,9.26694393157959,8.696560859680176,
01-19,,11.955183982849121,13.163808822631836,,,,1.6232051849365234,4.7137885093688965,8.853549003601074,,
01-20,,11.955183982849121,13.169317245483398,,,5.663131237030029,1.6232051849365234,4.7137885093688965,,,
01-21,,11.60888957977295,,,8.547593116760254,5.706081867218018,1.6232051849365234,,,,8.007627487182617
01-22,,,,11.195348739624023,8.63017749786377,5.865606784820557,1.6232051849365234,,8.853549003601074,8.696560859680176,8.007627487182617
01-23,,,13.059115409851074,10.889970779418945,8.506299018859863,5.5710978507995605,,4.97999382019043,8.853549003601074,8.672290802001953,8.007627487182617
01-24,,11.358492851257324,13.213401794433594,10.941825866699219,8.16416072845459,,,4.97999382019043,8.853549003601074,8.672290802001953,8.007627487182617
01-25,,11.262596130371094,13.395235061645508,11.005207061767578,,,1.8070837259292603,5.434491157531738,8.853549003601074,8.672290802001953,
01-26,,11.283903121948242,13.560541152954102,,,5.479065418243408,1.8070837259292603,5.4279985427856445,8.853549003601074,,
01-27,,11.172024726867676,13.643198013305664,,8.270340919494629,5.503608226776123,1.8070837259292603,5.4279985427856445,,,8.007627487182617
01-28,,10.884333610534668,,10.803539276123047,8.170060157775879,5.436117172241211,2.1431379318237305,,,8.672290802001953,7.530769348144531
01-29,,,,11.12620735168457,8.128767013549805,5.4238457679748535,2.1431379318237305,,8.853549003601074,8.672290802001953,7.530769348144531
01-30,,,13.389726638793945,11.108922958374023,8.057978630065918,5.399303913116455,,5.4279985427856445,8.853549003601074,8.672290802001953,7.530769348144531
01-31,,10.564676284790039,13.665234565734863,11.420065879821777,8.028484344482422,,,5.4279985427856445,8.247236251831055,8.672290802001953,7.539766788482666
02-01,,10.788434982299805,14.491762161254883,11.639013290405273,,,2.1431379318237305,5.4279985427856445,8.247236251831055,9.384195327758789,
02-02,,11.038833618164062,14.568906784057617,,,5.583370208740234,2.422126054763794,5.4279985427856445,8.247236251831055,,
02-03,,11.172024726867676,14.767269134521484,,7.833817481994629,5.816521167755127,2.4791922569274902,5.4279985427856445,,,7.395809650421143
02-04,,11.049489974975586,,11.350920677185059,7.881010055541992,5.804251194000244,2.872312307357788,,,9.384195327758789,7.395809650421143
02-05,,,,11.425825119018555,7.945899486541748,6.012860298156738,2.872312307357788,,8.247236251831055,9.384195327758789,7.395809650421143
02-06,,,14.993186950683594,11.310585021972656,7.922303199768066,5.865606784820557,,5.4279985427856445,8.247236251831055,9.384195327758789,7.395809650421143
02-07,,11.086784362792969,15.169511795043945,11.471920013427734,7.987191200256348,,,5.4279985427856445,8.247236251831055,9.384195327758789,7.395809650421143
02-08,,11.086784362792969,15.125431060791016,11.546826362609863,,,2.789884090423584,5.4279985427856445,7.627141952514648,9.384195327758789,
02-09,,11.086784362792969,14.905025482177734,,,5.841063976287842,2.789884090423584,5.4279985427856445,7.627141952514648,,
02-10,,11.43307876586914,14.304413795471191,,7.8928093910217285,5.730623722076416,2.789884090423584,5.4279985427856445,,,7.188870429992676
02-11,,11.43307876586914,,11.512251853942871,7.9930901527404785,5.497472286224365,2.789884090423584,,,9.384195327758789,7.1078948974609375
02-12,,,,11.494969367980957,7.987191200256348,5.589505672454834,2.789884090423584,,8.109437942504883,9.384195327758789,7.1078948974609375
02-13,,,14.508288383483887,11.650537490844727,7.916403293609619,5.779708385467529,,5.4279985427856445,8.267905235290527,9.384195327758789,7.1078948974609375
02-14,,11.43307876586914,14.524826049804688,11.904061317443848,8.010787963867188,,,5.4279985427856445,8.199005126953125,9.384195327758789,7.755702495574951
02-15,,11.710116386413574,14.122578620910645,11.754252433776855,,,,5.4279985427856445,8.51594066619873,9.384195327758789,
02-16,,11.907238006591797,13.984822273254395,,,,2.789884090423584,5.298142910003662,8.791539192199707,,
02-17,,11.75273609161377,14.381560325622559,,,5.761302471160889,2.789884090423584,5.291649341583252,,,
02-18,,11.459714889526367,,,8.411916732788086,5.8103861808776855,2.789884090423584,,,,7.755702495574951
02-19,,,,11.904061317443848,8.246746063232422,5.650861740112305,2.789884090423584,,,9.141501426696777,7.755702495574951
02-20,,,,11.408539772033691,8.046181678771973,5.841063976287842,,,8.791539192199707,9.141501426696777,7.755702495574951
02-21,,,14.298906326293945,11.276015281677246,8.057978630065918,,,5.291649341583252,8.791539192199707,9.141501426696777,7.755702495574951
02-22,,11.486353874206543,14.690125465393066,11.18382740020752,,,2.789884090423584,5.5968122482299805,8.791539192199707,9.141501426696777,
02-23,,11.294561386108398,14.574411392211914,,,5.94536828994751,2.884993314743042,5.5968122482299805,8.488382339477539,,
02-24,,11.092109680175781,14.877473831176758,,8.16416072845459,6.215334415435791,2.935718536376953,5.5968122482299805,,,7.755702495574951
02-25,,11.454388618469238,,11.189587593078613,8.09337329864502,6.031266689300537,2.935718536376953,,,9.141501426696777,7.755702495574951
02-26,,,,11.287538528442383,7.792527198791504,6.068079948425293,2.6503894329071045,,8.743308067321777,9.141501426696777,7.755702495574951
02-27,,,14.794819831848145,11.137730598449707,7.780727386474609,5.939233779907227,,5.5968122482299805,8.750198364257812,9.141501426696777,7.755702495574951
02-28,,11.774046897888184,15.389920234680176,11.068589210510254,7.881010055541992,,,5.473448753356934,8.58484172821045,9.141501426696777,7.755702495574951
02-29,,,15.37338924407959,,,,2.9801034927368164,,,,
03-01,,11.720768928527832,15.726037979125977,11.022493362426758,,,2.9801034927368164,5.473448753356934,8.427029609680176,9.141501426696777,
03-02,,11.928546905517578,15.896855354309082,,,5.890149116516113,2.9801034927368164,5.473448753356934,8.427029609680176,,6.936944961547852
03-03,,12.10435676574707,,,7.8161211013793945,5.69994592666626,2.9801034927368164,5.473448753356934,,,6.936944961547852
03-04,,11.987150192260742,,10.768970489501953,8.134663581848145,5.638589859008789,3.1069164276123047,,,9.141501426696777,6.936944961547852
03-05,,,15.406452178955078,11.080111503601074,8.075675964355469,5.62631893157959,,,8.427029609680176,8.372967720031738,6.936944961547852
03-06,,,14.734208106994629,10.803539276123047,8.382421493530273,5.564962863922119,,5.473448753356934,8.427029609680176,8.372967720031738,6.936944961547852
03-07,,12.22689437866211,15.00971508026123,10.659492492675781,8.128767013549805,,3.715618371963501,5.5968122482299805,8.427029609680176,8.372967720031738,
03-08,,12.22689437866211,15.152982711791992,10.642208099365234,,,3.335179328918457,5.5968122482299805,8.427029609680176,8.372967720031738,
03-09,,11.971169471740723,15.04277515411377,,,5.442251682281494,3.335179328918457,5.5968122482299805,8.427029609680176,,6.936944961547852
03-10,,11.50766658782959,,,8.01668643951416,5.012762069702148,3.335179328918457,5.5968122482299805,,,6.280139923095703
03-11,,11.37447452545166,,10.757447242736816,7.727637767791748,4.84710168838501,3.4302892684936523,,,8.372967720031738,6.280139923095703
03-12,,,15.031756401062012,10.4290189743042,7.810223579406738,4.8164238929748535,,,8.427029609680176,8.372967720031738,6.280139923095703
03-13,,,15.191555976867676,10.4290189743042,7.591961860656738,4.76733922958374,,5.5968122482299805,8.427029609680176,8.372967720031738,6.280139923095703
03-14,,11.37447452545166,14.794819831848145,10.331066131591797,7.603759765625,,3.4302892684936523,5.5968122482299805,8.427029609680176,8.777458190917969,
03-15,,10.825729370117188,15.224613189697266,10.331066131591797,,,3.4302892684936523,5.681219100952148,8.427029609680176,8.777458190917969,
03-16,,10.921627044677734,15.345839500427246,,,4.822559356689453,3.309816837310791,6.200644493103027,8.427029609680176,,6.280139923095703
03-17,,10.921627044677734,,,7.8928093910217285,4.798017501831055,3.309816837310791,6.200644493103027,,,6.280139923095703
03-18,,10.921627044677734,,10.308018684387207,7.780727386474609,5.0250325202941895,2.9927845001220703,,,8.777458190917969,4.084790229797363
03-19,,,15.25767707824707,9.96230411529541,7.438588619232178,5.092524528503418,,,6.779244422912598,9.65116024017334,4.084790229797363
03-20,,,14.794819831848145,9.92197036743164,7.462185382843018,5.62631893157959,,6.200644493103027,6.779244422912598,9.65116024017334,4.084790229797363
03-21,,11.512991905212402,14.607474327087402,9.835543632507324,7.532972812652588,,2.9927845001220703,6.200644493103027,6.779244422912598,9.65116024017334,
03-22,,11.512991905212402,14.221761703491211,9.96230411529541,,,3.246410369873047,6.2655720710754395,6.779244422912598,9.65116024017334,
03-23,,11.832650184631348,14.194209098815918,,,5.644725799560547,3.1956849098205566,6.2655720710754395,6.779244422912598,,3.922837972640991
03-24,,12.333449363708496,,,7.704042911529541,5.5710978507995605,3.1956849098205566,6.2655720710754395,,,3.922837972640991
03-25,,12.056408882141113,,9.96230411529541,7.851517200469971,5.442251682281494,,,,9.65116024017334,5.092491626739502
03-26,,,14.8058443069458,10.423255920410156,7.827920913696289,5.497472286224365,,,6.779244422912598,9.65116024017334,5.092491626739502
03-27,,,14.965638160705566,10.227351188659668,7.827920913696289,5.30726957321167,,6.2655720710754395,6.779244422912598,9.65116024017334,5.092491626739502
03-28,,12.253532409667969,14.544275283813477,10.29073429107666,7.869212627410889,,3.1956849098205566,6.2655720710754395,7.095259189605713,9.65116024017334,
03-29,,12.519911766052246,14.476495742797852,,,,3.1956849098205566,5.876003265380859,7.095259189605713,9.65116024017334,
03-30,,12.80760669708252,14.510388374328613,,,5.117066860198975,3.1956849098205566,5.876003265380859,,,5.074496746063232
03-31,,13.111279487609863,,,7.910505771636963,5.055710315704346,3.189344644546509,5.876003265380859,,,5.074496746063232
04-01,,13.691987991333008,,10.26192569732666,7.910505771636963,4.951406002044678,3.189344644546509,,,9.65116024017334,5.074496746063232
04-02,,,14.883171081542969,10.187019348144531,7.9812912940979,4.810287952423096,,,7.095259189605713,9.65116024017334,5.677318572998047
04-03,,,14.894468307495117,9.86435317993164,8.193655014038086,,,5.876003265380859,7.095259189605713,9.999021530151367,5.677318572998047
04-04,,13.798542976379395,14.866227149963379,9.777925491333008,8.465006828308105,,3.189344644546509,5.927946090698242,7.095259189605713,9.999021530151367,
04-05,,14.032962799072266,14.866227149963379,9.461020469665527,,,3.189344644546509,5.927946090698242,7.095259189605713,10.176997184753418,
04-06,,14.20627212524414,,,,4.988219738006592,3.189344644546509,5.927946090698242,7.095259189605713,,5.290432929992676
04-07,,13.767572402954102,,,8.252645492553711,4.883915424346924,3.189344644546509,5.927946090698242,,,5.677318572998047
04-08,,14.152109146118164,,9.674211502075195,8.512200355529785,4.932999134063721,3.189344644546509,,,10.176997184753418,5.677318572998047
04-09,,,14.758909225463867,9.795210838317871,8.564598083496094,4.853236675262451,,,7.095259189605713,10.39542293548584,5.677318572998047
04-10,,,14.934006690979004,10.011615753173828,8.239361763000488,4.853236675262451,,5.927946090698242,7.095259189605713,10.39542293548584,
04-11,,14.379585266113281,15.131696701049805,10.151230812072754,8.112879753112793,,3.189344644546509,5.927946090698242,7.095259189605713,9.756327629089355,
04-12,,13.854230880737305,15.335033416748047,9.784738540649414,,,3.189344644546509,5.61629056930542,6.831913471221924,9.756327629089355,
04-13,,13.789237976074219,15.075211524963379,,,4.613950252532959,3.2246038913726807,5.739655017852783,6.831913471221924,,5.677318572998047
04-14,,13.751324653625488,,,8.118903160095215,4.859373092651367,3.4489798545837402,,,,5.677318572998047
04-15,,13.789237976074219,,9.1448335647583,7.902076244354248,4.916438579559326,3.4489798545837402,,,9.756327629089355,5.677318572998047
04-16,,,15.233363151550293,9.447335243225098,8.118903160095215,4.872541904449463,,,6.831913471221924,9.756327629089355,5.677318572998047
04-17,,,15.17688274383545,9.1448335647583,8.215269088745117,4.859999656677246,,5.739655017852783,6.831913471221924,9.756327629089355,5.677318572998047
04-18,,13.274712562561035,15.210769653320312,9.1448335647583,,,3.4489798545837402,5.739655017852783,6.831913471221924,9.756327629089355,
04-19,,13.410117149353027,14.798446655273438,9.377528190612793,,,3.4489798545837402,5.421506404876709,7.096062183380127,,
04-20,,13.458855628967285,15.086507797241211,,,4.722038745880127,3.4489798545837402,5.577333927154541,7.096062183380127,,5.677318572998047
04-21,,13.908391952514648,,,8.215269088745117,4.471199989318848,3.4489798545837402,5.752639293670654,,,5.173467636108398
04-22,,,,9.278631210327148,8.064696311950684,4.483741760253906,3.4489798545837402,,,9.756327629089355,5.24544620513916
04-23,,,14.725019454956055,9.563681602478027,7.974352836608887,4.671870708465576,,,7.096062183380127,9.756327629089355,5.311844348907471
04-24,,,14.945301055908203,9.592766761779785,8.05264949798584,5.016773700714111,,5.733161449432373,7.096062183380127,9.756327629089355,5.311844348907471
04-25,,13.908391952514648,15.193825721740723,9.61603832244873,8.040605545043945,,3.4489798545837402,5.765625476837158,7.096062183380127,9.327566146850586,
04-26,,13.946301460266113,15.17688274383545,9.598583221435547,,,3.4489798545837402,5.972789287567139,6.822534561157227,9.287116050720215,
04-27,,14.352507591247559,15.216419219970703,,,5.135922431945801,3.4489798545837402,5.972789287567139,6.822534561157227,,5.112650394439697
04-28,,14.617891311645508,,,8.118903160095215,5.449470043182373,3.4489798545837402,5.972789287567139,,,5.216989994049072
04-29,,14.715378761291504,,9.505507469177246,8.13094711303711,5.355405807495117,3.4489798545837402,,,9.287116050720215,5.216989994049072
04-30,,,15.188180923461914,9.185555458068848,8.161063194274902,5.154735565185547,,,6.822534561157227,9.295207023620605,5.216989994049072
05-01,,,15.35197925567627,9.133197784423828,8.209246635437012,5.016773700714111,,5.972789287567139,6.838165283203125,9.295207023620605,5.216989994049072
05-02,,14.81286334991455,15.312438011169434,9.208824157714844,8.450162887573242,,3.9746603965759277,5.972789287567139,7.017910957336426,8.939253807067871,
05-03,,14.385001182556152,15.572259902954102,9.488054275512695,,,3.9746603965759277,5.972789287567139,7.017910957336426,8.939253807067871,
05-04,,13.615921974182129,14.832340240478516,,,5.142192840576172,3.4361581802368164,5.972789287567139,7.111691951751709,,5.216989994049072
05-05,,12.982245445251465,,,8.389933586120605,5.449470043182373,3.4361581802368164,5.972789287567139,,,5.216989994049072
05-06,,13.588842391967773,,9.464786529541016,8.389933586120605,5.367948055267334,3.4361581802368164,,,8.939253807067871,5.216989994049072
05-07,,,14.85492992401123,9.336804389953613,8.40198040008545,5.029315948486328,,,7.111691951751709,8.939253807067871,5.216989994049072
05-08,,,13.951210975646973,9.389162063598633,8.359820365905762,5.135922431945801,,5.972789287567139,7.111691951751709,8.939253807067871,5.216989994049072
05-09,,13.5400972366333,13.516294479370117,9.237911224365234,8.161063194274902,,2.9297094345092773,5.972789287567139,7.002281188964844,9.298063278198242,
05-10,,13.670083045959473,13.567126274108887,9.086661338806152,,,2.9297094345092773,5.972789287567139,7.47899866104126,9.298063278198242,
05-11,,13.583426475524902,13.34119701385498,,,5.004232406616211,2.9297094345092773,5.972789287567139,7.47899866104126,,5.216989994049072
05-12,,13.07973575592041,,,8.233339309692383,4.997961521148682,2.9297094345092773,5.972789287567139,,,5.4256696701049805
05-13,,12.901006698608398,,8.894688606262207,8.323680877685547,4.941522598266602,2.660458564758301,,,9.298063278198242,5.4256696701049805
05-14,,,12.685995101928711,8.795792579650879,8.347772598266602,4.8098320960998535,,,7.666561126708984,9.298063278198242,5.4256696701049805
05-15,,,12.460067749023438,8.731802940368652,8.185154914855957,4.841187000274658,,5.972789287567139,7.791600704193115,9.298063278198242,5.4256696701049805
05-16,,12.901006698608398,12.697294235229492,8.574734687805176,8.3839111328125,,2.660458564758301,5.327082633972168,7.986976146697998,9.23099136352539,
05-17,,12.917256355285645,12.22283935546875,8.813244819641113,,,2.660458564758301,5.327082633972168,7.986976146697998,9.23099136352539,
05-18,,13.07973575592041,12.109874725341797,,,4.834915637969971,2.660458564758301,5.098394870758057,7.986976146697998,,5.4256696701049805
05-19,,12.960582733154297,,,8.40198040008545,4.653058052062988,2.660458564758301,5.098394870758057,,,5.4256696701049805
05-20,,12.873924255371094,,8.743435859680176,8.088787078857422,4.596619129180908,2.660458564758301,,,9.23099136352539,5.4256696701049805
05-21,,,12.539141654968262,8.836515426635742,8.191177368164062,4.659328937530518,,,7.986976146697998,9.23099136352539,5.975825309753418
05-22,,,12.493955612182617,8.883054733276367,8.29356861114502,4.659328937530518,,5.098394870758057,7.971345901489258,9.23099136352539,5.880970478057861
05-23,,11.882792472839355,12.256731986999512,8.720169067382812,8.299591064453125,,2.660458564758301,5.098394870758057,7.971345901489258,9.23099136352539,
05-24,,12.191507339477539,12.369693756103516,8.58055305480957,,,2.660458564758301,5.414522647857666,7.971345901489258,9.23099136352539,
05-25,,12.029025077819824,12.443122863769531,,,,2.660458564758301,5.414522647857666,7.971345901489258,,
05-26,,12.278162956237793,,,,4.39594841003418,2.660458564758301,5.414522647857666,,,6.004281520843506
05-27,,12.749357223510742,,,8.124923706054688,4.308154582977295,2.660458564758301,,,,6.45009708404541
05-28,,,,8.83069896697998,7.890031337738037,4.308154582977295,,,,9.23099136352539,6.554436683654785
05-29,,,12.900630950927734,8.865602493286133,8.01651382446289,4.339509010314941,,,7.580594539642334,9.23099136352539,6.554436683654785
05-30,,,12.42052936553955,8.894688606262207,7.950261116027832,,,5.414522647857666,7.791600704193115,9.23099136352539,
05-31,,13.04182243347168,12.680350303649902,9.121564865112305,,,2.660458564758301,5.111845970153809,7.791600704193115,9.23099136352539,
06-01,,12.722274780273438,12.505253791809082,,,4.107483386993408,2.660458564758301,5.111845970153809,7.791600704193115,,6.554436683654785
06-02,,12.505635261535645,,,7.847870349884033,4.151379585266113,2.660458564758301,5.111845970153809,,,6.554436683654785
06-03,,12.48397159576416,,9.1448335647583,7.817755222320557,4.170193672180176,2.788673162460327,,,9.23099136352539,6.554436683654785
06-04,,,12.482660293579102,9.1448335647583,7.72741174697876,4.201549053192139,,,7.791600704193115,9.23099136352539,6.554436683654785
06-05,,,12.866742134094238,8.795792579650879,7.841848850250244,4.076128959655762,,5.111845970153809,7.791600704193115,9.23099136352539,7.540922164916992
06-06,,12.592289924621582,13.324254035949707,8.813244819641113,7.9201459884643555,,2.788673162460327,5.111845970153809,7.791600704193115,9.23099136352539,
06-07,,12.998497009277344,13.273416519165039,9.02267074584961,,,2.788673162460327,5.111845970153809,7.791600704193115,9.23099136352539,
06-08,,12.884758949279785,13.51064395904541,,,4.126296043395996,2.788673162460327,5.111845970153809,7.791600704193115,,7.540922164916992
06-09,,12.917256355285645,,,7.980375289916992,4.301883697509766,2.788673162460327,4.957146167755127,,,7.540922164916992
06-10,,12.722274780273438,,8.842334747314453,8.082764625549316,4.540180683135986,2.8143160343170166,,,9.23099136352539,8.015193939208984
06-11,,,13.307305335998535,8.51074504852295,8.01651382446289,4.446115970611572,,,7.791600704193115,9.23099136352539,7.872912406921387
06-12,,,13.742223739624023,8.46420669555664,7.87196159362793,4.5150957107543945,,4.957146167755127,7.791600704193115,9.23099136352539,7.872912406921387
06-13,,12.901006698608398,13.9963960647583,8.522379875183105,7.950261116027832,,2.8143160343170166,4.957146167755127,7.791600704193115,9.23099136352539,
06-14,,13.426362037658691,13.595369338989258,8.365313529968262,,,2.8143160343170166,4.957146167755127,7.791600704193115,9.23099136352539,
06-15,,13.323456764221191,13.781757354736328,,,4.483741760253906,2.8143160343170166,4.957146167755127,7.791600704193115,,7.114077568054199
06-16,,13.231383323669434,,,7.841848850250244,4.496283054351807,2.8143160343170166,4.957146167755127,,,7.114077568054199
06-17,,13.269299507141113,,8.458390235900879,7.829802513122559,4.471199989318848,2.8143160343170166,,,9.23099136352539,7.114077568054199
06-18,,,14.244915008544922,8.487476348876953,8.034581184387207,4.471199989318848,,,7.182026386260986,9.23099136352539,7.114077568054199
06-19,,,14.340938568115234,8.231513977050781,7.992421627044678,4.471199989318848,,4.957146167755127,7.182026386260986,9.23099136352539,7.114077568054199
06-20,,13.14472484588623,14.284459114074707,7.7952141761779785,8.05264949798584,,2.8143160343170166,4.957146167755127,7.158581733703613,9.23099136352539,
06-21,,13.475107192993164,13.437217712402344,8.056995391845703,,,2.8143160343170166,4.957146167755127,7.158581733703613,9.23099136352539,
06-22,,13.404698371887207,13.01359748840332,,,4.471199989318848,2.8143160343170166,4.957146167755127,7.158581733703613,,7.379670143127441
06-23,,13.242218971252441,,,8.004467010498047,4.558992385864258,2.987405776977539,4.957146167755127,,,7.379670143127441
06-24,,13.345122337341309,,8.115166664123535,7.793664932250977,4.558992385864258,2.987405776977539,,,9.23099136352539,7.379670143127441
06-25,,,12.917574882507324,8.04535961151123,7.87798547744751,4.558992385864258,,,7.158581733703613,9.23099136352539,7.066649913787842
06-26,,,13.01359748840332,8.13261890411377,7.87196159362793,4.558992385864258,,4.957146167755127,7.158581733703613,9.23099136352539,7.066649913787842
06-27,,13.713411331176758,13.019245147705078,8.23733139038086,7.902076244354248,,2.987405776977539,4.957146167755127,6.54119348526001,9.23099136352539,
06-28,,13.89755630493164,12.680350303649902,8.603822708129883,,,2.987405776977539,4.957146167755127,6.54119348526001,9.23099136352539,
06-29,,14.157526969909668,13.267767906188965,,,4.558992385864258,2.987405776977539,4.957146167755127,6.54119348526001,,7.066649913787842
06-30,,14.460826873779297,,,7.87798547744751,4.558992385864258,2.987405776977539,4.957146167755127,,,7.2373881340026855
07-01,,14.37417221069336,,8.621273040771484,7.865940093994141,4.558992385864258,2.987405776977539,,,10.186786651611328,7.2373881340026855
07-02,,,13.431567192077637,8.545648574829102,7.667182922363281,4.558992385864258,,,6.54119348526001,10.186786651611328,7.2373881340026855
07-03,,,13.719629287719727,8.400216102600098,7.733436107635498,,,4.957146167755127,6.54119348526001,10.186786651611328,
07-05,,14.379585266113281,14.278806686401367,8.091897010803223,,,2.987405776977539,4.957146167755127,6.54119348526001,10.186786651611328,
07-06,,14.666634559631348,13.747871398925781,,,3.9381678104400635,2.987405776977539,4.957146167755127,6.54119348526001,,7.2373881340026855
07-07,,14.932023048400879,,,7.751504898071289,3.925626516342163,3.045102596282959,4.957146167755127,,,7.474524021148682
07-08,,14.623307228088379,,8.097715377807617,7.787641525268555,3.925626516342163,3.045102596282959,,,10.186786651611328,7.474524021148682
07-09,,,12.669052124023438,8.46420669555664,7.8057098388671875,3.925626516342163,,,6.54119348526001,9.851420402526855,7.474524021148682
07-10,,,12.386641502380371,8.400216102600098,7.697298049926758,3.925626516342163,,4.957146167755127,6.54119348526001,9.70888900756836,7.474524021148682
07-11,,14.108782768249512,11.83875560760498,8.58055305480957,7.649115085601807,,3.263068199157715,4.957146167755127,6.54119348526001,9.70888900756836,
07-12,,13.973381996154785,11.607178688049316,8.737619400024414,,,3.263068199157715,4.957146167755127,7.697820663452148,9.70888900756836,
07-13,,14.06545352935791,11.850053787231445,,,3.925626516342163,3.263068199157715,4.957146167755127,7.697820663452148,,7.474524021148682
07-14,,14.135866165161133,,,7.76957368850708,3.925626516342163,3.263068199157715,4.957146167755127,,,7.474524021148682
07-15,,14.352507591247559,,8.964495658874512,7.67922830581665,4.132567882537842,3.263068199157715,,,9.70888900756836,7.474524021148682
07-16,,,11.985611915588379,8.958680152893066,7.733436107635498,3.944439172744751,,,7.697820663452148,9.70888900756836,7.474524021148682
07-17,,,11.770978927612305,9.005217552185059,7.619000434875488,3.944439172744751,,4.957146167755127,7.697820663452148,9.70888900756836,7.474524021148682
07-18,,14.352507591247559,12.03079891204834,8.743435859680176,7.745480537414551,,3.263068199157715,4.957146167755127,7.697820663452148,9.70888900756836,
07-19,,14.569147109985352,12.200247764587402,8.650360107421875,,,3.263068199157715,4.957146167755127,7.697820663452148,9.70888900756836,
07-20,,14.569147109985352,11.765331268310547,,,3.944439172744751,3.263068199157715,4.957146167755127,7.697820663452148,,7.474524021148682
07-21,,15.175743103027344,,,7.847870349884033,3.83783221244812,3.263068199157715,4.957146167755127,,,7.474524021148682
07-22,,15.164911270141602,,9.168102264404297,7.950261116027832,3.7124128341674805,3.263068199157715,,,9.70888900756836,7.872912406921387
07-23,,,10.901145935058594,9.470602989196777,7.986398696899414,3.7124128341674805,,,7.330512523651123,9.70888900756836,7.872912406921387
07-24,,,10.901145935058594,9.32517147064209,8.046627044677734,3.7124128341674805,,4.957146167755127,7.330512523651123,9.70888900756836,7.872912406921387
07-25,,15.099919319152832,10.884204864501953,9.266999244689941,8.058672904968262,,3.263068199157715,4.957146167755127,7.330512523651123,9.70888900756836,
07-26,,15.408632278442383,11.4716215133667,8.98776626586914,,,3.263068199157715,4.957146167755127,7.330512523651123,9.70888900756836,
07-27,,15.07283878326416,11.714497566223145,,,3.3925931453704834,3.814391613006592,5.562497615814209,7.510258674621582,,7.872912406921387
07-28,,14.617891311645508,,,8.203224182128906,3.3925931453704834,3.814391613006592,5.562497615814209,,,7.958281517028809
07-29,,14.569147109985352,,9.173920631408691,8.28152084350586,3.3925931453704834,3.910553455352783,,,9.70888900756836,7.958281517028809
07-30,,,11.861351013183594,9.086661338806152,8.28152084350586,3.5619094371795654,,,7.510258674621582,9.901724815368652,7.958281517028809
07-31,,,11.567642211914062,9.086661338806152,8.257431030273438,3.5619094371795654,,5.562497615814209,7.510258674621582,9.901724815368652,7.958281517028809
08-01,,15.056588172912598,11.273931503295898,8.970314979553223,8.149017333984375,,3.9426069259643555,5.562497615814209,7.510258674621582,9.901724815368652,
08-02,,14.433746337890625,11.064946174621582,9.243729591369629,,,3.8784995079040527,5.562497615814209,7.510258674621582,9.901724815368652,
08-03,,14.433746337890625,11.494213104248047,,,3.461574077606201,3.8784995079040527,5.703743934631348,7.510258674621582,,7.958281517028809
08-04,,13.5400972366333,,,8.203224182128906,3.3549671173095703,3.8464460372924805,5.703743934631348,,,7.958281517028809
08-05,,13.5400972366333,,8.958680152893066,8.040605545043945,3.3549671173095703,3.9426069259643555,,,9.901724815368652,7.853941440582275
08-06,,,11.703201293945312,9.005217552185059,7.938215732574463,3.386322498321533,,,7.510258674621582,9.901724815368652,7.853941440582275
08-07,,,12.188950538635254,8.947044372558594,8.022536277770996,3.4678456783294678,,5.703743934631348,7.510258674621582,9.901724815368652,7.853941440582275
08-08,,11.779885292053223,12.352750778198242,9.127381324768066,8.209246635437012,,3.7823376655578613,5.703743934631348,8.033867835998535,9.901724815368652,
08-09,,12.375651359558105,12.352750778198242,9.063390731811523,,,3.7823376655578613,5.703743934631348,8.033867835998535,9.901724815368652,
08-10,,12.343152046203613,12.74247932434082,,,3.461574077606201,4.006714344024658,5.703743934631348,8.033867835998535,,7.853941440582275
08-11,,12.700610160827637,,,8.438118934631348,3.461574077606201,3.923374891281128,5.703743934631348,,,7.588349342346191
08-12,,13.269299507141113,,9.389162063598633,8.49232292175293,3.3236124515533447,3.9426069259643555,,,9.901724815368652,7.778058052062988
08-13,,,12.793315887451172,9.301900863647461,8.64289665222168,3.2609024047851562,,,7.690005779266357,9.901724815368652,7.645262241363525
08-14,,,12.510899543762207,9.528777122497559,8.438118934631348,3.2734451293945312,,5.703743934631348,7.690005779266357,9.901724815368652,7.645262241363525
08-15,,13.437192916870117,12.375344276428223,9.435698509216309,8.305611610412598,,3.8464460372924805,5.703743934631348,7.244548797607422,9.901724815368652,
08-16,,13.485943794250488,12.256731986999512,9.546229362487793,,,3.8464460372924805,5.703743934631348,7.244548797607422,9.901724815368652,
08-17,,13.816314697265625,12.172005653381348,,,3.2734451293945312,3.8464460372924805,5.703743934631348,7.244548797607422,,7.645262241363525
08-18,,12.965996742248535,,,8.426071166992188,3.2734451293945312,3.8464460372924805,5.703743934631348,,,7.645262241363525
08-19,,12.743943214416504,,9.197189331054688,8.468232154846191,3.2734451293945312,3.8464460372924805,,,9.901724815368652,7.645262241363525
08-20,,,12.098580360412598,9.330989837646484,8.323680877685547,3.2420904636383057,,,7.244548797607422,9.901724815368652,7.645262241363525
08-21,,,12.279321670532227,9.080842971801758,8.329703330993652,3.1668384075164795,,5.92570686340332,7.244548797607422,9.901724815368652,7.645262241363525
08-22,,12.451472282409668,12.324511528015137,9.028487205505371,8.36584186553955,,3.8464460372924805,5.92570686340332,7.244548797607422,9.901724815368652,
08-23,,12.64645004272461,11.95737361907959,9.278631210327148,,,3.8464460372924805,5.92570686340332,7.244548797607422,7.1768646240234375,
08-24,,12.505635261535645,11.398193359375,,,2.9410836696624756,3.8464460372924805,6.255286693572998,7.244548797607422,,8.195417404174805
08-25,,12.819766998291016,,,8.287543296813965,2.90972900390625,3.8464460372924805,6.524332046508789,,,8.214387893676758
08-26,,12.998497009277344,,9.296085357666016,8.275498390197754,2.991251230239868,3.55796217918396,,,7.1768646240234375,8.043649673461914
08-27,,,11.42078685760498,9.243729591369629,8.498347282409668,2.991251230239868,,,7.244548797607422,7.1768646240234375,8.043649673461914
08-28,,,11.048001289367676,9.168102264404297,8.486299514770508,2.991251230239868,,6.524332046508789,7.244548797607422,7.1768646240234375,8.043649673461914
08-29,,13.648417472839355,10.53400993347168,9.208824157714844,8.486299514770508,,3.397693634033203,6.524332046508789,7.244548797607422,7.1768646240234375,
08-30,,13.935470581054688,10.149927139282227,9.226275444030762,,,3.397693634033203,6.524332046508789,7.244548797607422,7.1768646240234375,
08-31,,14.433746337890625,10.093445777893066,,,2.991251230239868,3.25024676322937,6.598318099975586,7.244548797607422,,8.043649673461914
09-01,,15.018677711486816,,,,2.991251230239868,3.397693634033203,6.598318099975586,,,8.043649673461914
09-02,,14.347091674804688,,,8.516416549682617,2.991251230239868,3.397693634033203,,,,7.806513786315918
09-03,,,,9.249543190002441,8.341750144958496,3.116670846939087,,,,7.1768646240234375,7.806513786315918
09-04,,,9.980480194091797,9.406614303588867,8.480278968811035,2.85329008102417,,,7.244548797607422,7.58768892288208,7.806513786315918
09-05,,,9.799734115600586,9.493873596191406,8.215269088745117,,,6.598318099975586,7.502444744110107,7.58768892288208,
09-06,,14.08170223236084,10.302430152893066,9.697479248046875,,,3.397693634033203,6.598318099975586,7.502444744110107,7.58768892288208,
09-07,,14.617891311645508,10.703458786010742,,,,3.441195487976074,6.719388484954834,7.502444744110107,,
09-08,,14.542065620422363,,,8.118903160095215,2.85329008102417,3.441195487976074,6.719388484954834,,,7.806513786315918
09-09,,14.244184494018555,,10.00579833984375,8.004467010498047,3.0561912059783936,3.40873122215271,,,7.58768892288208,7.806513786315918
09-10,,,10.901145935058594,10.046520233154297,7.976243019104004,3.005465269088745,,,7.502444744110107,7.58768892288208,7.806513786315918
09-11,,,11.121429443359375,10.093121528625488,7.822854042053223,3.2210469245910645,,6.719388484954834,7.502444744110107,7.58768892288208,7.806513786315918
09-12,,13.599675178527832,11.19485855102539,9.939746856689453,7.835124969482422,,3.40873122215271,6.719388484954834,7.502444744110107,7.58768892288208,
09-13,,14.460826873779297,11.45467758178711,9.86306095123291,,,3.40873122215271,6.450344085693359,7.502444744110107,7.58768892288208,
09-14,,14.460826873779297,12.059041976928711,,,3.0498502254486084,3.40873122215271,6.607434272766113,7.502444744110107,,7.806513786315918
09-15,,14.135866165161133,,,7.78603982925415,3.2527503967285156,3.40873122215271,6.607434272766113,,,7.806513786315918
09-16,,14.076288223266602,,9.992837905883789,7.779903411865234,3.2527503967285156,3.40873122215271,,,7.58768892288208,7.901368618011475
09-17,,,12.047740936279297,10.087223052978516,7.7492265701293945,3.290794610977173,,,7.502444744110107,7.58768892288208,7.740116119384766
09-18,,,12.115524291992188,10.44115924835205,7.816717147827148,3.0498502254486084,,6.256047248840332,7.502444744110107,7.637994766235352,7.787543773651123
09-19,,13.26387882232666,12.290105819702148,10.44115924835205,7.890344619750977,,3.40873122215271,6.194038391113281,8.237058639526367,7.637994766235352,
09-20,,13.410117149353027,11.95591926574707,10.051830291748047,,,3.40873122215271,6.194038391113281,8.364877700805664,7.637994766235352,
09-21,,13.103198051452637,11.61020565032959,,,3.0498502254486084,3.40873122215271,6.194038391113281,8.364877700805664,,7.559892654418945
09-22,,12.122384071350098,,,7.393364906311035,2.821587085723877,3.40873122215271,6.194038391113281,,,7.370184421539307
09-23,,12.056262016296387,,10.022333145141602,7.203160762786865,2.821587085723877,3.5645592212677,,,7.637994766235352,6.8389997482299805
09-24,,,11.63325309753418,10.022333145141602,7.356550216674805,2.6123452186584473,,,8.364877700805664,7.512231826782227,6.960000038146973
09-25,,,11.483442306518555,9.845364570617676,7.111128807067871,2.6694114208221436,,6.194038391113281,8.364877700805664,7.218785285949707,7.179999828338623
09-26,,12.315241813659668,10.999444961547852,9.839466094970703,7.215433120727539,,3.5645592212677,6.194038391113281,8.203082084655762,7.218785285949707,
09-27,,13.004011154174805,11.345161437988281,9.656598091125488,,,3.571051836013794,6.194038391113281,8.203082084655762,7.218785285949707,
09-28,,12.656869888305664,11.21839714050293,,,2.352379322052002,3.571051836013794,6.194038391113281,8.203082084655762,,7.179999828338623
09-29,,12.26565170288086,,,7.000688552856445,2.352379322052002,3.765836715698242,6.194038391113281,,,7.179999828338623
09-30,,11.58238697052002,,9.703789710998535,6.914788722991943,2.352379322052002,4.070999622344971,,,7.202017307281494,7.179999828338623
10-01,,,11.322110176086426,9.450133323669434,6.859570026397705,2.415785789489746,,,8.203082084655762,7.436773777008057,7.480000019073486
10-02,,,11.160778045654297,9.40294075012207,7.031364917755127,2.415785789489746,,6.194038391113281,8.162632942199707,7.436773777008057,7.480000019073486
10-03,,10.899125099182129,10.803539276123047,9.597607612609863,7.092719554901123,,3.9930851459503174,6.194038391113281,8.162632942199707,7.436773777008057,
10-04,,10.94871997833252,10.913018226623535,9.72148609161377,,,4.025548934936523,6.194038391113281,7.919937610626221,7.604457378387451,
10-05,,11.064434051513672,10.2849702835083,,,2.5933237075805664,4.025548934936523,6.876140594482422,7.919937610626221,,7.449999809265137
10-06,,11.406061172485352,,,7.1295342445373535,2.6757519245147705,4.3047404289245605,6.876140594482422,,,7.449999809265137
10-07,,11.791776657104492,,9.76278018951416,7.031364917755127,2.6757519245147705,4.5449748039245605,,,7.604457378387451,7.449999809265137
10-08,,,10.2849702835083,9.515022277832031,7.123398303985596,2.6757519245147705,,,7.919937610626221,7.470310688018799,7.449999809265137
10-09,,,10.77473258972168,9.491427421569824,6.933196067810059,2.6757519245147705,,6.876140594482422,8.72891902923584,7.411622047424316,7.449999809265137
10-10,,12.331774711608887,10.918779373168945,9.662496566772461,6.761399269104004,,4.5449748039245605,6.876140594482422,8.72891902923584,7.170875549316406,
10-11,,12.331774711608887,10.976399421691895,9.579912185668945,,,4.5449748039245605,6.876140594482422,8.72891902923584,7.2068657875061035,
10-12,,12.695443153381348,11.17806339263916,,,2.967421770095825,4.5449748039245605,6.876140594482422,8.72891902923584,,7.449999809265137
10-13,,12.24912166595459,,,7.080450057983398,2.967421770095825,4.5449748039245605,6.876140594482422,,,7.639999866485596
10-14,,12.513607025146484,,9.691991806030273,7.215433120727539,2.9484000205993652,4.5449748039245605,,,7.2068657875061035,8.100000381469727
10-15,9.920034408569336,,10.889970779418945,9.71558666229248,7.184756278991699,3.1069164276123047,,,8.72891902923584,6.873964309692383,
10-16,,,11.091635704040527,9.644798278808594,7.000688552856445,3.1069164276123047,,6.876140594482422,8.470046043395996,6.873964309692383,
10-17,,12.480549812316895,11.558347702026367,9.756880760192871,7.1172637939453125,,4.5449748039245605,6.876140594482422,8.470046043395996,6.873964309692383,
10-18,9.920034408569336,12.590751647949219,11.523777961730957,9.40884017944336,,,4.5449748039245605,6.876140594482422,8.470046043395996,6.873964309692383,
10-19,9.920034408569336,11.791776657104492,11.425825119018555,,,2.929377794265747,4.609902858734131,6.876140594482422,8.470046043395996,,
10-20,9.936017036437988,11.152597427368164,,,6.8779754638671875,2.9610812664031982,4.609902858734131,6.876140594482422,,,
10-21,10.2556734085083,11.406061172485352,,9.361649513244629,6.9761457443237305,2.808905601501465,4.609902858734131,,,6.873964309692383,
10-22,10.2556734085083,,11.667823791503906,9.62120246887207,6.767535209655762,2.808905601501465,,,8.470046043395996,6.873964309692383,
10-23,,,11.091635704040527,9.172882080078125,6.6632304191589355,2.827927827835083,,6.876140594482422,8.470046043395996,6.873964309692383,
10-24,,11.780755043029785,11.091635704040527,9.33215618133545,6.700045108795166,,4.609902858734131,6.876140594482422,7.855218410491943,7.36881685256958,
10-25,10.2556734085083,11.973610877990723,11.431586265563965,9.190579414367676,,,4.681324481964111,6.876140594482422,7.855218410491943,7.36881685256958,
10-26,10.372880935668945,11.863405227661133,11.489205360412598,,,2.827927827835083,4.681324481964111,6.876140594482422,7.855218410491943,,
10-27,10.010603904724121,12.855238914489746,,,6.552790641784668,2.827927827835083,4.681324481964111,6.876140594482422,,,
10-28,10.010603904724121,13.169317245483398,,9.379344940185547,6.7368574142456055,2.5869829654693604,4.681324481964111,,,7.36881685256958,
10-29,10.191742897033691,,,9.279065132141113,6.546655178070068,2.5869829654693604,,,8.405326843261719,7.36881685256958,
10-30,,,,9.149288177490234,6.509840965270996,2.6630706787109375,,6.876140594482422,8.405326843261719,7.36881685256958,
10-31,,12.601770401000977,11.327872276306152,9.107994079589844,6.331910133361816,,4.824166297912598,6.876140594482422,8.211170196533203,7.36881685256958,
11-01,10.122485160827637,11.758713722229004,11.535301208496094,8.883835792541504,,,4.824166297912598,6.876140594482422,8.211170196533203,7.36881685256958,
11-02,10.39418888092041,12.14993667602539,11.546826362609863,,,2.6630706787109375,4.934544086456299,6.876140594482422,8.898805618286133,,
11-03,10.735159873962402,12.662384033203125,,,6.442349910736084,2.764521360397339,4.934544086456299,6.876140594482422,,,
11-04,10.735159873962402,12.612791061401367,,8.995914459228516,6.448485851287842,2.878652334213257,4.934544086456299,,,7.36881685256958,
11-05,10.79376220703125,,11.788823127746582,9.043105125427246,6.227605819702148,2.878652334213257,,,8.898805618286133,7.36881685256958,
11-06,,,11.869490623474121,9.001812934875488,6.215334415435791,2.878652334213257,,6.876140594482422,8.898805618286133,7.80968713760376,
11-07,,13.059115409851074,11.811871528625488,8.801247596740723,6.430078983306885,,4.934544086456299,7.255086898803711,8.898805618286133,7.746705532073975,
11-08,10.79376220703125,13.086664199829102,11.765775680541992,8.801247596740723,,,4.934544086456299,7.255086898803711,8.898805618286133,7.746705532073975,
11-09,10.68188190460205,12.205036163330078,11.558347702026367,,,2.878652334213257,5.161792755126953,7.255086898803711,8.898805618286133,,
11-10,10.713850021362305,12.370345115661621,,,6.423943519592285,2.878652334213257,5.161792755126953,7.255086898803711,,,
11-11,10.713850021362305,12.353811264038086,,8.606583595275879,6.147843360900879,2.878652334213257,5.064401149749756,,,7.746705532073975,
11-12,10.713850021362305,,11.558347702026367,8.547593116760254,6.147843360900879,2.30165433883667,,,8.898805618286133,7.746705532073975,
11-13,,,10.976399421691895,8.470906257629395,6.160114765167236,2.1621601581573486,,7.255086898803711,8.898805618286133,7.6747260093688965,
11-14,,12.304222106933594,10.77473258972168,8.588885307312012,6.227605819702148,,5.064401149749756,7.255086898803711,8.898805618286133,7.6747260093688965,
11-15,10.687209129333496,12.386872291564941,10.319540977478027,8.529894828796387,,,4.739759922027588,7.027719020843506,8.64802074432373,7.6747260093688965,
11-16,10.229036331176758,12.469526290893555,10.319540977478027,,,2.1621601581573486,4.739759922027588,7.027719020843506,8.64802074432373,,
11-17,10.36755084991455,12.034224510192871,,,6.288961410522461,2.1367974281311035,4.739759922027588,7.027719020843506,,,
11-18,10.36755084991455,11.935038566589355,,8.518097877502441,6.350317478179932,2.1875224113464355,4.739759922027588,,,7.6747260093688965,
11-19,10.218379974365234,,10.613399505615234,8.311634063720703,6.227605819702148,2.250929117202759,,,8.64802074432373,7.6747260093688965,
11-20,,,10.2849702835083,8.229048728942871,5.951504707336426,2.2826318740844727,,7.027719020843506,8.64802074432373,7.6747260093688965,
11-21,,11.543817520141602,10.123638153076172,8.293937683105469,6.430078983306885,,4.726774215698242,7.027719020843506,8.64802074432373,8.115596771240234,
11-22,10.229036331176758,11.384025573730469,,8.1582612991333,,,4.726774215698242,7.027719020843506,,8.115596771240234,
11-23,10.229036331176758,10.799945831298828,10.158207893371582,,,2.2826318740844727,4.772223949432373,,8.64802074432373,,
11-24,10.229036331176758,,,,6.196927070617676,2.2826318740844727,,7.027719020843506,,,
11-25,,11.0919828414917,,8.18775749206543,6.2398762702941895,2.2826318740844727,4.772223949432373,,,8.115596771240234,
11-26,9.96798038482666,,10.181258201599121,8.075675964355469,6.08035135269165,,,,8.64802074432373,8.115596771240234,
11-27,,,10.630682945251465,8.111069679260254,,2.2826318740844727,,7.027719020843506,7.72578239440918,8.295543670654297,
11-28,,11.659530639648438,10.365636825561523,,6.074216365814209,,4.772223949432373,7.7029314041137695,7.984654903411865,,
11-29,9.696273803710938,11.163614273071289,10.4290189743042,8.134663581848145,,,4.772223949432373,7.7029314041137695,7.984654903411865,8.295543670654297,
11-30,9.696273803710938,12.094834327697754,10.123638153076172,,,2.009984254837036,4.337204933166504,7.606472015380859,7.984654903411865,,
12-01,9.685616493225098,12.232589721679688,,,5.94536828994751,2.009984254837036,4.337204933166504,7.606472015380859,,,
12-02,9.685616493225098,12.028712272644043,,8.111069679260254,5.926962375640869,2.009984254837036,3.778822183609009,,,8.295543670654297,
12-03,10.250345230102539,,10.048734664916992,7.9753947257995605,5.791979789733887,2.016324996948242,,,7.984654903411865,8.295543670654297,
12-04,,,9.956544876098633,7.875111103057861,5.779708385467529,2.016324996948242,,7.971637725830078,7.984654903411865,8.295543670654297,
12-05,,11.968099594116211,10.256160736083984,7.951796531677246,5.7183518409729,,4.070999622344971,7.971637725830078,,8.295543670654297,
12-06,10.303622245788574,12.210548400878906,10.630682945251465,8.134663581848145,,,4.2787699699401855,7.971637725830078,7.984654903411865,8.295543670654297,
12-07,10.474105834960938,11.6430025100708,10.4578275680542,,,2.0416877269744873,4.2787699699401855,7.971637725830078,7.984654903411865,,
12-08,10.420829772949219,11.560346603393555,,,5.607913017272949,1.8831710815429688,4.3891472816467285,7.716711521148682,,,
12-09,10.420829772949219,12.045244216918945,,8.057978630065918,5.583370208740234,1.7436772584915161,4.109955787658691,,,8.295543670654297,
12-10,10.40484619140625,,10.39444637298584,8.282140731811523,5.4238457679748535,1.7690399885177612,,,7.183763027191162,8.295543670654297,
12-11,,,10.417494773864746,8.069777488708496,5.166151523590088,1.7690399885177612,,7.716711521148682,7.183763027191162,8.304539680480957,
12-12,,11.681572914123535,10.676778793334961,8.09337329864502,5.166151523590088,,4.090477466583252,7.716711521148682,7.183763027191162,8.304539680480957,
12-13,10.372880935668945,11.295859336853027,10.647970199584961,8.388320922851562,,,4.161898136138916,7.778720378875732,7.183763027191162,8.304539680480957,
12-14,10.372880935668945,11.025861740112305,10.584589958190918,,,1.6422269344329834,4.161898136138916,7.6753716468811035,7.183763027191162,,
12-15,10.372880935668945,10.94871997833252,,,5.117066860198975,1.6422269344329834,4.161898136138916,7.6753716468811035,,,
12-16,10.495416641235352,11.020350456237793,,8.352927207946777,5.104795455932617,1.6422269344329834,4.161898136138916,,,8.304539680480957,
12-17,10.335587501525879,,10.711349487304688,8.128767013549805,5.288862705230713,1.6422269344329834,,,7.6206135749816895,8.304539680480957,
12-18,,,11.17806339263916,8.347028732299805,5.663131237030029,1.6422269344329834,,7.6753716468811035,7.6206135749816895,8.304539680480957,
12-19,,10.551985740661621,11.408539772033691,8.122868537902832,5.681540489196777,,4.161898136138916,7.6753716468811035,7.6206135749816895,8.304539680480957,
12-20,10.335587501525879,11.114023208618164,11.379730224609375,7.951796531677246,,,4.0060715675354,7.6753716468811035,7.7581400871276855,8.295543670654297,
12-21,10.724503517150879,11.020350456237793,11.293304443359375,,,1.6422269344329834,4.122941493988037,7.6753716468811035,7.7581400871276855,,
12-22,10.77778148651123,11.207697868347168,,,5.595641136169434,1.6422269344329834,4.122941493988037,7.6753716468811035,,,
12-23,10.77778148651123,11.213208198547363,,8.175957679748535,5.577234745025635,1.6422269344329834,4.122941493988037,,,8.187575340270996,
12-24,,,11.420065879821777,8.223151206970215,5.460659027099609,1.6422269344329834,,,7.7581400871276855,8.187575340270996,
12-26,,,11.333634376525879,8.16416072845459,5.442251682281494,,,7.6753716468811035,7.7581400871276855,8.187575340270996,
12-27,10.77778148651123,11.406061172485352,11.523777961730957,8.175957679748535,,,4.122941493988037,8.743308067321777,7.7581400871276855,8.187575340270996,
12-28,10.77778148651123,11.428106307983398,11.639013290405273,,,1.8768306970596313,4.122941493988037,8.743308067321777,7.7581400871276855,,
12-29,10.77778148651123,11.30688190460205,,,5.583370208740234,1.8768306970596313,4.285262107849121,8.743308067321777,,,
12-30,11.01219654083252,11.417083740234375,,8.358824729919434,5.47292947769165,1.8768306970596313,4.285262107849121,,,8.187575340270996,
12-31,11.01219654083252,,11.725443840026855,8.288039207458496,5.41157341003418,1.7753809690475464,,,7.677241325378418,8.187575340270996,
