,2009,2010,2013,2014,2015,2016,2017,2018,2019,ups,downs,end_day_sum,avg
01-02,0.0,0.0,0.0,0.0,0.0,0.0,0.0,0.0039999997243285144,0.0,1.0,5.0,01-17,0.0004444444138142794
01-03,0.0,0.0,0.0,0.0,0.0,0.0,0.0,0.0039999997243285144,0.0,1.0,5.0,01-18,0.0004444444138142794
01-04,0.0,0.0,0.0,0.0,0.0,0.0,0.0,0.0039999997243285144,0.0,1.0,5.0,01-19,0.0004444444138142794
01-05,0.0,0.0,0.0,0.0,0.0,0.0,0.0,0.0039999997243285144,0.0,1.0,5.0,01-20,0.0004444444138142794
01-06,0.0,0.0,0.0,0.0,0.0,0.0,0.0,0.0039999997243285144,0.0,1.0,6.0,01-21,0.0004444444138142794
01-07,0.0,0.0,0.0,0.0,0.0,0.0,0.0,0.0039999997243285144,0.0,1.0,6.0,01-22,0.0004444444138142794
01-08,0.0,0.0,0.0,0.0,0.0,0.0,0.0,0.0039999997243285144,0.0,1.0,6.0,01-23,0.0004444444138142794
01-09,0.0,0.0,0.0,0.0,0.0,0.0,0.0,0.0039999997243285144,0.0,1.0,6.0,01-24,0.0004444444138142794
01-10,0.0,0.0,0.0,0.0,0.0,0.0,0.0,0.0039999997243285144,0.0,1.0,6.0,01-25,0.0004444444138142794
01-11,0.0,0.0,0.0,0.0,0.0,0.0,0.0,0.0,0.0,0.0,7.0,01-26,0.0
01-12,0.0,0.0,0.0,0.0,0.0,0.0,0.0,0.0,0.0,0.0,7.0,01-27,0.0
01-13,0.0,0.0,0.0,0.0,0.0,0.0,0.0,0.0,0.0,0.0,7.0,01-28,0.0
01-14,0.0,0.0,0.0,0.0,0.0,0.0,0.0,0.0,0.0,0.0,7.0,01-29,0.0
01-15,0.0,0.0,0.0,0.0,0.0,0.0,0.0,0.0,0.0,0.0,7.0,01-30,0.0
01-16,0.0,0.0,0.0,0.0,0.0,0.0,0.0,0.0,0.0,0.0,7.0,01-31,0.0
01-17,0.0,0.0,0.0,0.0,0.0,0.0,0.0,0.0,0.0,0.0,7.0,02-01,0.0
01-18,0.0,0.0,0.0,0.0,0.0,0.0,0.0,0.0,0.0,0.0,7.0,02-02,0.0
01-19,0.0,0.0,0.0,0.0,0.0,0.0,0.0,0.0,0.0,0.0,7.0,02-03,0.0
01-20,0.0,0.0,0.0,0.0,0.0,0.0,0.0,0.0,0.0,0.0,7.0,02-04,0.0
01-21,0.0,0.0,0.0,0.0,0.0,0.0,0.0,0.0,0.0,0.0,7.0,02-05,0.0
01-22,0.0,0.0,0.0,0.0,0.0,0.0,0.0,0.0,0.0,0.0,6.0,02-06,0.0
01-23,0.0,0.0,0.0,0.0,0.0,0.0,0.0,0.0,0.0,0.0,6.0,02-07,0.0
01-24,0.0,0.0,0.0,0.0,0.0,0.0,0.0,0.0,0.0,0.0,6.0,02-08,0.0
01-25,0.0,0.0,0.0,0.0,0.0,0.0,0.0,0.0,0.0,0.0,6.0,02-09,0.0
01-26,0.0,0.0,0.0,0.0,0.0,0.0,0.0,0.0,0.0,0.0,6.0,02-10,0.0
01-27,0.0,0.0,0.0,0.0,0.0,0.0,0.0,0.0,0.0,0.0,6.0,02-11,0.0
01-28,0.0,0.0,0.0,0.0,0.0,0.0,0.0,0.0,0.0,0.0,6.0,02-12,0.0
01-29,0.0,0.0,0.0,0.0,0.0,0.0,0.0,0.0,0.0,0.0,6.0,02-13,0.0
01-30,0.0,0.0,0.0,0.0,0.0,0.0,0.0,0.0,0.0,0.0,7.0,02-14,0.0
01-31,0.0,0.0,0.0,0.0,0.0,0.0,0.0,0.0,0.0,0.0,7.0,02-15,0.0
02-01,0.0,0.0,0.0,0.0,0.0,0.0,0.0,0.0,0.0,0.0,7.0,02-16,0.0
02-02,0.0,0.0,0.0,0.0,0.0,0.0,0.0,0.0,0.0,0.0,7.0,02-17,0.0
02-03,0.0,0.0,0.0,0.0,0.0,0.01470000110566616,0.0,0.0,0.0,1.0,6.0,02-18,0.001633333456185129
02-04,0.0,0.0,0.0,0.0,0.0,0.01470000110566616,0.0,0.0,0.0,1.0,6.0,02-19,0.001633333456185129
02-05,0.0,0.0,0.0,0.0,0.0,0.01470000110566616,0.0,0.0,0.0,1.0,6.0,02-20,0.001633333456185129
02-06,0.0,0.0,0.0,0.0,0.0,0.01470000110566616,0.0,0.0,0.0,1.0,6.0,02-21,0.001633333456185129
02-07,0.0,0.0,0.0,0.0,0.0,0.01470000110566616,0.0,0.0,0.0,1.0,6.0,02-22,0.001633333456185129
02-08,0.0,0.0,0.0,0.0,0.0,0.01470000110566616,0.0,0.0,0.0,1.0,6.0,02-23,0.001633333456185129
02-09,0.0,0.0,0.0,0.0,0.0,0.01470000110566616,0.0,0.0,0.0,1.0,6.0,02-24,0.001633333456185129
02-10,0.0,0.0,0.0,0.0,0.0,0.01470000110566616,0.0,0.0,0.0,1.0,6.0,02-25,0.001633333456185129
02-11,0.0,0.0,0.0,0.0,0.0,0.01470000110566616,0.0,0.0,0.0,1.0,6.0,02-26,0.001633333456185129
02-12,0.0,0.0,0.0,0.0,0.0,0.01470000110566616,0.0,0.0,0.0,1.0,6.0,02-27,0.001633333456185129
02-13,0.0,0.0,0.0,0.0,0.0,0.0,0.0,0.0,0.0,0.0,7.0,02-28,0.0
02-14,0.0,0.0,0.0,0.0,0.0,0.0,0.0,0.0,0.0,0.0,7.0,03-01,0.0
02-15,0.0,0.0,0.0,0.0,0.0,0.0,0.0,0.0,0.0,0.0,7.0,03-02,0.0
02-16,0.0,0.0,0.0,0.0,0.0,0.0,0.0,0.0,0.0,0.0,7.0,03-03,0.0
02-17,0.0,0.0,0.0,0.0,0.0,0.0,0.0,0.0,0.0,0.0,7.0,03-04,0.0
02-18,0.0,0.0,0.0,0.0,0.0,0.0,0.0,0.0,0.0,0.0,7.0,03-05,0.0
02-19,0.0,0.0,0.0,-0.004780001938343048,0.0,0.0,0.0,0.0,0.0,0.0,7.0,03-06,-0.000531111326482561
02-20,0.0,0.0,0.0,-0.004780001938343048,0.0,0.0,0.009999999776482579,0.0,0.0,1.0,6.0,03-07,0.0005799997597932811
02-21,0.0,0.0,0.0,-0.004780001938343048,0.0,0.0,0.009999999776482579,0.0,0.0,1.0,6.0,03-08,0.0005799997597932811
02-22,0.0,0.0,0.0,-0.004780001938343048,0.0,0.0,0.009999999776482579,0.0,0.0,1.0,6.0,03-09,0.0005799997597932811
02-23,0.0,0.0,0.0,-0.004780001938343048,0.0,0.0,0.009999999776482579,0.0,0.0,1.0,6.0,03-10,0.0005799997597932811
02-24,0.0,0.0,0.0,-0.004780001938343048,0.0,0.0,0.009999999776482579,0.0,0.0,1.0,6.0,03-11,0.0005799997597932811
02-25,0.0,0.0,0.0,-0.004780001938343048,0.0,0.0,0.009999999776482579,0.0,0.0,1.0,6.0,03-12,0.0005799997597932811
02-26,0.0,0.0,0.0,-0.004780001938343048,0.0,0.0,0.009999999776482579,0.0,0.0,1.0,6.0,03-13,0.0005799997597932811
02-27,0.0,0.0,0.0,-0.004780001938343048,0.0,0.0,0.009999999776482579,0.0,0.0,1.0,6.0,03-14,0.0005799997597932811
02-28,0.0,0.0,0.0,-0.004780001938343048,0.0,0.0,0.009999999776482579,0.0,0.0,1.0,6.0,03-15,0.0005799997597932811
02-29,0.0,0.0,0.0,0.0,0.0,0.0,0.0,0.0,0.0,0.0,1.0,03-15,0.0
03-01,0.0,0.0,0.0,-0.004780001938343048,0.0,0.0,0.009999999776482579,0.0,0.0,1.0,6.0,03-16,0.0005799997597932811
03-02,0.0,0.0,0.0,-0.004780001938343048,0.0,0.0,0.009999999776482579,0.0,0.0,1.0,6.0,03-17,0.0005799997597932811
03-03,0.0,0.0,0.0,-0.004780001938343048,0.0,0.0,0.0,0.0,0.0,0.0,7.0,03-18,-0.000531111326482561
03-04,0.0,0.0,0.0,0.0,0.0,0.0,0.0,0.0,0.0,0.0,7.0,03-19,0.0
03-05,0.0,0.0,0.0,0.0,0.0,0.0,0.0,0.0,0.0,0.0,7.0,03-20,0.0
03-06,0.0,0.0,0.0,0.0,0.0,0.0,0.0,0.0,0.0,0.0,7.0,03-21,0.0
03-07,0.0,0.0,0.0,0.0,0.0,0.0,0.0,0.0,0.0,0.0,7.0,03-22,0.0
03-08,0.0,0.0,0.0,0.0,0.0034900009632110596,0.0,0.0,0.0,0.0,1.0,6.0,03-23,0.0003877778848012288
03-09,0.0,0.0,0.0,0.0,0.0034900009632110596,0.0,0.0,0.0,0.0,1.0,6.0,03-24,0.0003877778848012288
03-10,0.0,0.0,0.0,0.0,0.0034900009632110596,0.0,0.0,0.0,0.0,1.0,6.0,03-25,0.0003877778848012288
03-11,0.0,0.0,0.0,0.0,0.0034900009632110596,0.0,0.0,0.0,0.0,1.0,6.0,03-26,0.0003877778848012288
03-12,0.0,0.0,0.0,0.0,0.0034900009632110596,0.0,0.0,0.0,0.0,1.0,6.0,03-27,0.0003877778848012288
03-13,0.0,0.0,0.0,0.0,0.0034900009632110596,0.0,0.0,0.0,0.0,1.0,6.0,03-28,0.0003877778848012288
03-14,0.0,0.0,0.0,0.0,0.0034900009632110596,0.0,0.0,0.0,0.0,1.0,6.0,03-29,0.0003877778848012288
03-15,0.0,0.0,0.0,0.0,0.0034900009632110596,0.0,0.0,0.0,0.0,1.0,6.0,03-30,0.0003877778848012288
03-16,0.0,0.0,0.0,0.0,0.0034900009632110596,0.0,0.0,0.0,0.0,1.0,6.0,03-31,0.0003877778848012288
03-17,0.0,0.0,0.0,0.0,0.0034900009632110596,0.0,0.0,0.0,0.0,1.0,6.0,04-01,0.0003877778848012288
03-18,0.0,0.0,0.0,0.0,0.0034900009632110596,0.0,0.0,0.0,0.0,1.0,6.0,04-02,0.0003877778848012288
03-19,0.0,0.0,0.0,0.0,0.0,0.0,0.0,0.0,0.0,0.0,7.0,04-03,0.0
03-20,0.0,0.0,0.0,0.0,0.0,0.0,0.0,0.004999999888241293,0.0,1.0,6.0,04-04,0.0005555555431379215
03-21,0.0,0.0,0.0,0.0,0.0,0.0,0.0,0.004999999888241293,0.0,1.0,6.0,04-05,0.0005555555431379215
03-22,0.0,0.0,0.0,0.0,0.0,0.0,0.0,0.004999999888241293,0.0,1.0,6.0,04-06,0.0005555555431379215
03-23,0.0,0.0,0.0,0.0,0.0,0.0,0.0,0.004999999888241293,0.0,1.0,6.0,04-07,0.0005555555431379215
03-24,0.0,0.0,0.0,0.0,0.0,0.0,0.0,0.004999999888241293,0.0,1.0,6.0,04-08,0.0005555555431379215
03-25,0.0,0.0,0.0,0.0,0.0,0.0,0.0,0.004999999888241293,0.0,1.0,6.0,04-09,0.0005555555431379215
03-26,0.0,0.0,0.0,0.0,0.0,0.0,0.0,0.004999999888241293,0.0,1.0,6.0,04-10,0.0005555555431379215
03-27,0.0,0.0,0.0,0.0,0.0,0.0,0.0,0.004999999888241293,0.0,1.0,6.0,04-11,0.0005555555431379215
03-28,0.0,0.0,0.0,0.0,0.0,0.0,0.0,0.004999999888241293,0.0,1.0,6.0,04-12,0.0005555555431379215
03-29,0.0,0.0,0.0,0.0,0.0,0.0,0.0,0.004999999888241293,0.0,1.0,6.0,04-13,0.0005555555431379215
03-30,0.0,0.0,0.0,0.0,0.0,0.0,0.0,0.0,0.0,0.0,7.0,04-14,0.0
03-31,0.0,0.0,0.0,0.0,0.0,0.0,0.0,0.0,0.0,0.0,7.0,04-15,0.0
04-01,0.0,0.0,0.0,0.0,0.0,0.0,0.0,0.0,0.0,0.0,7.0,04-16,0.0
04-02,0.0,0.0,0.0,0.0,0.0,0.0,0.0,0.0,0.0,0.0,7.0,04-17,0.0
04-03,0.0,0.0,0.0,0.0,0.0,0.0,-0.01999999955296516,0.0,0.0,0.0,7.0,04-18,-0.0022222221725516846
04-04,0.0,0.0,0.0,0.0,0.0,0.0,-0.01999999955296516,0.0,0.0,0.0,7.0,04-19,-0.0022222221725516846
04-05,0.0,0.0,0.0,0.0,0.0,0.0,-0.01999999955296516,0.0,0.0,0.0,7.0,04-20,-0.0022222221725516846
04-06,0.0,0.0,0.0,0.0,0.0,0.0,-0.01999999955296516,0.0,0.0,0.0,8.0,04-21,-0.0022222221725516846
04-07,0.0,0.0,0.0,0.0,0.0,0.0,-0.01999999955296516,0.0,0.0,0.0,8.0,04-22,-0.0022222221725516846
04-08,0.0,0.0,-0.04303999990224838,0.0,0.0,0.0,-0.01999999955296516,0.0,0.0,0.0,8.0,04-23,-0.007004444383912616
04-09,0.0,0.0,-0.04303999990224838,0.004780001938343048,0.0,0.0,-0.01999999955296516,0.0,0.0,1.0,7.0,04-24,-0.006473333057430055
04-10,0.0,0.0,-0.04303999990224838,0.004780001938343048,0.0,0.0,-0.01999999955296516,0.0,0.0,1.0,7.0,04-25,-0.006473333057430055
04-11,0.0,0.0,-0.04303999990224838,0.004780001938343048,0.0,0.0,-0.01999999955296516,0.0,0.0,1.0,7.0,04-26,-0.006473333057430055
04-12,0.0,0.0,-0.04303999990224838,0.004780001938343048,0.0,0.0,-0.01999999955296516,0.0,0.0,1.0,7.0,04-27,-0.006473333057430055
04-13,0.0,0.0,-0.04303999990224838,0.004780001938343048,0.0,0.0,0.0,0.0,0.0,1.0,7.0,04-28,-0.004251110884878371
04-14,0.0,0.0,-0.04303999990224838,0.004780001938343048,0.0,0.0,0.0,0.0,0.0,1.0,7.0,04-29,-0.004251110884878371
04-15,0.0,0.0,-0.04303999990224838,0.004780001938343048,0.0,0.0,0.0,0.0,0.0,1.0,7.0,04-30,-0.004251110884878371
04-16,0.0,0.0,-0.04303999990224838,0.004780001938343048,0.0,0.0,0.0,0.0,0.0,1.0,7.0,05-01,-0.004251110884878371
04-17,0.0,0.0,-0.04303999990224838,0.004780001938343048,0.0,0.0,0.0,0.0,0.0,1.0,7.0,05-02,-0.004251110884878371
04-18,0.0,0.0,-0.04303999990224838,0.004780001938343048,0.0,0.0,0.0,0.0,0.0,1.0,7.0,05-03,-0.004251110884878371
04-19,0.0,0.0,0.0,0.004780001938343048,0.0,0.0,0.0,0.0,0.0,1.0,7.0,05-04,0.000531111326482561
04-20,0.0,0.0,0.0,0.004780001938343048,0.0,0.0,0.0,0.0,0.0,1.0,7.0,05-05,0.000531111326482561
04-21,0.0,0.0,0.0,0.004780001938343048,0.0,0.0,0.0,0.0,0.0,1.0,7.0,05-06,0.000531111326482561
04-22,0.0,0.0,0.0,0.0,0.0,0.0,0.0,0.0,0.0,0.0,8.0,05-07,0.0
04-23,0.0,0.0,0.0,0.0,0.0,0.0,0.01999999955296516,0.0,0.0,1.0,7.0,05-08,0.0022222221725516846
04-24,0.0,0.0,0.0,0.0,0.0,0.0,0.01999999955296516,0.0,0.0,1.0,7.0,05-09,0.0022222221725516846
04-25,0.0,0.0,0.0,0.0,0.0,0.0,0.01999999955296516,0.0,0.0,1.0,7.0,05-10,0.0022222221725516846
04-26,0.0,0.0,0.0,0.0,0.0,-0.0047000013291835785,0.01999999955296516,0.0,0.0,1.0,7.0,05-11,0.001699999802642398
04-27,0.0,0.0,0.0,0.0,0.0,-0.0047000013291835785,0.01999999955296516,0.0,0.0,1.0,7.0,05-12,0.001699999802642398
04-28,0.0,0.0,0.0,0.0,0.0,-0.0047000013291835785,0.01999999955296516,0.0,0.0,1.0,7.0,05-13,0.001699999802642398
04-29,0.0,0.0,0.0,0.0,0.0,-0.0047000013291835785,0.01999999955296516,0.0,0.0,1.0,7.0,05-14,0.001699999802642398
04-30,0.0,0.0,0.0,0.0,0.0,-0.0047000013291835785,0.01999999955296516,0.0,0.0,1.0,7.0,05-15,0.001699999802642398
05-01,0.0,0.0,0.0,0.0,0.0,-0.0047000013291835785,0.01999999955296516,0.0,0.0,1.0,6.0,05-16,0.001699999802642398
05-02,0.0,0.0,0.0,0.0,0.0,-0.0047000013291835785,0.01999999955296516,0.0,0.0,1.0,6.0,05-17,0.001699999802642398
05-03,0.0,0.0,0.0,0.0,0.0,-0.0047000013291835785,0.01999999955296516,0.0,0.0,1.0,6.0,05-18,0.001699999802642398
05-04,0.0,0.0,0.0,0.0,0.0,-0.0047000013291835785,0.0,0.0,0.0,0.0,7.0,05-19,-0.0005222223699092865
05-05,0.0,0.0,0.0,0.0,0.0,-0.0047000013291835785,0.0,0.0,0.0,0.0,7.0,05-20,-0.0005222223699092865
05-06,0.0,0.0,0.0,0.0,0.0,-0.0047000013291835785,0.0,0.0,0.0,0.0,8.0,05-21,-0.0005222223699092865
05-07,0.0,0.0,0.0,0.0,0.0,0.0,0.0,0.0,0.0,0.0,8.0,05-22,0.0
05-08,0.0,0.0,0.0,0.0,0.0,0.0,0.0,0.0,0.0,0.0,8.0,05-23,0.0
05-09,0.0,0.0,0.0,0.0,0.0,0.0,0.0,0.0,0.0,0.0,8.0,05-24,0.0
05-10,0.0,0.0,0.0,0.0,0.0,0.0,0.0,0.0,0.0,0.0,8.0,05-25,0.0
05-11,0.0,0.0,0.0,0.0,0.0,0.0,0.0,0.0,0.0,0.0,8.0,05-26,0.0
05-12,0.0,0.0,0.0,0.0,0.0,0.0,0.0,0.0,0.0,0.0,8.0,05-27,0.0
05-13,0.0,0.0,0.0,0.0,0.0,0.0,0.0,0.0,0.0,0.0,8.0,05-28,0.0
05-14,0.0,0.0,0.0,0.0,0.0,0.0,0.0,0.0,0.0,0.0,8.0,05-29,0.0
05-15,0.0,0.0,0.0,0.0,0.0,0.0,0.0,0.0,0.0,0.0,8.0,05-30,0.0
05-16,0.0,0.0,0.0,0.0,0.0,0.0,0.0,0.0,0.0,0.0,8.0,05-31,0.0
05-17,0.0,0.0,0.0,0.0,0.0,0.0,0.0,0.0,0.0,0.0,8.0,06-01,0.0
05-18,0.0,0.0,0.0,0.0,0.0,0.0,0.0,0.0,0.0,0.0,8.0,06-02,0.0
05-19,0.0,0.0,0.0,0.0,0.0,0.0,0.0,0.0,0.0,0.0,8.0,06-03,0.0
05-20,0.0,0.0,0.0,0.0,0.0,0.0,0.0,0.0,0.0,0.0,8.0,06-04,0.0
05-21,0.0,0.0,0.0,0.0,0.0,0.0,0.0,0.0,0.0,0.0,8.0,06-05,0.0
05-22,0.0,0.0,0.0,0.0,0.0,0.0,0.0,0.0,0.0,0.0,8.0,06-06,0.0
05-23,0.0,0.0,0.0,0.0,0.0,0.0,0.0,0.0,0.0,0.0,8.0,06-07,0.0
05-24,0.0,0.0,0.0,0.0,-0.05499999783933163,0.0,0.0,0.0,0.0,0.0,8.0,06-08,-0.006111110871036847
05-25,0.0,0.0,0.0,0.0,-0.05499999783933163,0.0,0.0,0.0,0.0,0.0,8.0,06-09,-0.006111110871036847
05-26,0.0,0.0,0.0,0.0,-0.05499999783933163,0.0,0.0,0.0,0.0,0.0,8.0,06-10,-0.006111110871036847
05-27,0.0,0.0,0.0,0.0,-0.05499999783933163,0.0,0.0,0.0,0.0,0.0,8.0,06-11,-0.006111110871036847
05-28,0.0,0.0,0.0,0.0,-0.05499999783933163,0.0,0.0,0.0,0.0,0.0,8.0,06-12,-0.006111110871036847
05-29,0.0,0.0,0.0,0.0,-0.05499999783933163,0.0,0.0,0.0,0.0,0.0,8.0,06-13,-0.006111110871036847
05-30,0.0,0.0,0.0,0.0,-0.05499999783933163,0.0,0.0,0.0,0.0,0.0,8.0,06-14,-0.006111110871036847
05-31,0.0,0.0,0.0,0.0,-0.05499999783933163,0.0,0.0,0.0,0.0,0.0,8.0,06-15,-0.006111110871036847
06-01,0.0,0.0,0.0,0.0,-0.05499999783933163,0.0,0.0,0.0,0.0,0.0,8.0,06-16,-0.006111110871036847
06-02,0.0,0.0,0.0,0.0,-0.05499999783933163,0.0,0.0,0.0,0.0,0.0,8.0,06-17,-0.006111110871036847
06-03,0.0,0.0,0.0,0.0,-0.05499999783933163,0.0,0.0,0.0,0.0,0.0,8.0,06-18,-0.006111110871036847
06-04,0.0,0.0,0.0,0.0,0.0,0.0,0.0,-0.009999999776482582,0.0,0.0,8.0,06-19,-0.0011111110862758425
06-05,0.0,0.0,0.0,0.0,0.0,0.0,0.0,-0.009999999776482582,0.0,0.0,8.0,06-20,-0.0011111110862758425
06-06,0.0,0.0,0.0,0.0,0.0,0.0,0.0,-0.009999999776482582,0.0,0.0,8.0,06-21,-0.0011111110862758425
06-07,0.0,0.0,0.0,0.0,0.004999998956918713,0.0,0.0,-0.009999999776482582,0.0,1.0,7.0,06-22,-0.0005555556466182077
06-08,0.0,0.0,0.0,0.0,0.004999998956918713,0.0,0.0,-0.009999999776482582,0.0,1.0,6.0,06-23,-0.0005555556466182077
06-09,0.0,0.0,0.0,0.0,0.004999998956918713,0.0,0.0,-0.009999999776482582,0.0,1.0,5.0,06-24,-0.0005555556466182077
06-10,0.0,0.0,0.0,0.0,0.004999998956918713,0.0,0.0,-0.009999999776482582,0.0,1.0,5.0,06-25,-0.0005555556466182077
06-11,0.0,0.0,0.0,0.0,0.004999998956918713,0.0,0.0,-0.009999999776482582,0.0,1.0,5.0,06-26,-0.0005555556466182077
06-12,0.0,0.0,0.0,0.0,0.004999998956918713,0.0,0.0,-0.009999999776482582,0.0,1.0,5.0,06-27,-0.0005555556466182077
06-13,0.0,0.0,0.0,0.0,0.004999998956918713,0.0,0.0,-0.009999999776482582,0.0,1.0,5.0,06-28,-0.0005555556466182077
06-14,0.0,0.0,0.0,0.0,0.004999998956918713,0.0,0.0,-0.009999999776482582,0.0,1.0,5.0,06-29,-0.0005555556466182077
06-15,0.0,0.0,0.0,0.0,0.004999998956918713,0.0,0.0,0.0,0.0,1.0,5.0,06-30,0.0005555554396576347
06-16,0.0,0.0,0.0,0.0,0.004999998956918713,0.0,0.0,0.0,0.0,1.0,5.0,07-01,0.0005555554396576347
06-17,0.0,0.0,0.0,0.0,0.004999998956918713,0.0,0.0,0.0,0.0,1.0,5.0,07-02,0.0005555554396576347
06-18,0.0,0.0,0.0,0.0,0.0,0.0,0.0,0.0,0.0,0.0,6.0,07-03,0.0
06-19,0.0,0.0,0.0,0.0,0.0,0.0,0.0,0.0,0.0,0.0,6.0,07-04,0.0
06-20,0.0,0.0,0.0,0.0,0.0,0.0,0.0,0.0,0.0,0.0,6.0,07-05,0.0
06-21,0.0,0.0,0.0,0.0,0.0,0.0,0.0,0.0,0.0,0.0,6.0,07-06,0.0
06-22,0.0,0.0,0.0,0.0,0.0,0.0,0.0,0.0,0.0,0.0,6.0,07-07,0.0
06-23,0.0,0.0,0.0,0.0,0.0,0.0,0.0,0.0,0.0,0.0,6.0,07-08,0.0
06-24,0.0,0.0,0.0,0.0,0.0,0.0,0.0,0.0,0.0,0.0,6.0,07-09,0.0
06-25,0.0,0.0,0.0,0.0,0.0,0.0,-0.014999999664723871,0.0,0.0,0.0,6.0,07-10,-0.0016666666294137635
06-26,0.0,0.0,0.0,0.019129998981952667,0.0,0.0,-0.014999999664723871,0.0,0.0,1.0,5.0,07-11,0.00045888881302542174
06-27,0.0,0.0,0.0,0.019129998981952667,0.0,0.0,-0.014999999664723871,0.0,0.0,1.0,5.0,07-12,0.00045888881302542174
06-28,0.0,0.0,0.0,0.019129998981952667,0.0,0.0,-0.014999999664723871,0.0,0.0,1.0,5.0,07-13,0.00045888881302542174
06-29,0.0,0.0,0.0,0.019129998981952667,0.0,0.0,-0.014999999664723871,0.0,0.0,1.0,5.0,07-14,0.00045888881302542174
06-30,0.0,0.0,0.0,0.019129998981952667,0.0,0.0,-0.014999999664723871,0.0,0.0,1.0,5.0,07-15,0.00045888881302542174
07-01,0.0,0.0,0.0,0.019129998981952667,0.0,0.0,-0.014999999664723871,0.0,0.0,1.0,5.0,07-16,0.00045888881302542174
07-02,0.0,0.0,0.0,0.019129998981952667,0.0,0.0,-0.014999999664723871,0.0,0.0,1.0,5.0,07-17,0.00045888881302542174
07-03,0.0,0.0,0.0,0.019129998981952667,0.0,0.0,-0.014999999664723871,0.0,0.0,1.0,5.0,07-18,0.00045888881302542174
07-05,0.0,0.0,0.0,0.019129998981952667,0.0,0.0,-0.014999999664723871,0.0,0.0,1.0,5.0,07-20,0.00045888881302542174
07-06,0.0,0.0,0.0,0.019129998981952667,0.0,0.0,0.0,0.0,0.0,1.0,5.0,07-21,0.0021255554424391854
07-07,0.0,0.0,0.0,0.019129998981952667,0.0,0.0,0.0,0.0,0.0,1.0,5.0,07-22,0.0021255554424391854
07-08,0.0,0.0,0.0,0.019129998981952667,0.0,0.0,0.0,0.0,0.0,1.0,5.0,07-23,0.0021255554424391854
07-09,0.0,0.0,0.0,0.0,0.0,0.0,0.0,0.0,0.0,0.0,6.0,07-24,0.0
07-10,0.0,0.0,0.0,0.0,0.0,0.0,0.0,0.0,0.0,0.0,6.0,07-25,0.0
07-11,0.0,0.0,0.0,0.0,0.0,0.0,0.0,0.0,0.0,0.0,6.0,07-26,0.0
07-12,0.0,0.0,0.0,0.0,0.0,0.0,0.0,0.0,0.0,0.0,6.0,07-27,0.0
07-13,0.0,0.0,0.0,0.0,0.0,0.0,0.0,0.0,0.0,0.0,6.0,07-28,0.0
07-14,0.0,0.0,0.0,0.0,0.0,0.0,0.0,0.0,0.0,0.0,7.0,07-29,0.0
07-15,0.0,0.0,0.0,0.0,0.0,0.0,0.0,0.0,0.0,0.0,7.0,07-30,0.0
07-16,0.0,0.0,0.0,0.0,0.0,0.0,0.0,0.0,0.0,0.0,7.0,07-31,0.0
07-17,0.0,0.0,0.0,0.0,0.0,0.0,0.0,0.0,0.0,0.0,7.0,08-01,0.0
07-18,0.0,0.0,0.0,0.0,0.0,0.0,0.0,0.0,0.0,0.0,7.0,08-02,0.0
07-19,0.0,0.0,0.0,0.0,0.0,0.0,0.0,0.0,0.0,0.0,7.0,08-03,0.0
07-20,0.0,0.0,0.0,0.0,0.0,0.0,0.0,0.0,0.0,0.0,7.0,08-04,0.0
07-21,0.0,0.0,0.0,0.0,-0.009999999776482579,0.0,0.0,0.0,0.0,0.0,7.0,08-05,-0.001111111086275842
07-22,0.0,0.0,0.0,0.0,-0.009999999776482579,0.0,0.0,0.0,0.0,0.0,7.0,08-06,-0.001111111086275842
07-23,0.0,0.0,0.0,0.0,-0.009999999776482579,0.0,0.0,0.0,0.0,0.0,7.0,08-07,-0.001111111086275842
07-24,0.0,0.0,0.0,0.0,-0.009999999776482579,0.0,0.0,0.0,0.0,0.0,7.0,08-08,-0.001111111086275842
07-25,0.0,0.0,0.0,0.0,-0.009999999776482579,0.0,0.0,0.0,0.0,0.0,7.0,08-09,-0.001111111086275842
07-26,0.0,0.0,0.0,0.0,-0.016999999061226845,0.0,0.0,0.0,0.0,0.0,7.0,08-10,-0.0018888887845807606
07-27,0.0,0.0,0.0,0.0,-0.016999999061226845,0.0,0.0,0.0,0.0,0.0,7.0,08-11,-0.0018888887845807606
07-28,0.0,0.0,0.0,0.0,-0.016999999061226845,0.0,0.0,0.0,0.0,0.0,7.0,08-12,-0.0018888887845807606
07-29,0.0,0.0,0.0,0.0,-0.016999999061226845,0.0,0.0,0.0,0.0,0.0,7.0,08-13,-0.0018888887845807606
07-30,0.0,0.0,0.0,0.0,-0.016999999061226845,0.0,0.0,0.0,0.0,0.0,7.0,08-14,-0.0018888887845807606
07-31,0.0,0.0,0.0,0.0,-0.016999999061226845,0.0,0.0,0.0,0.0,0.0,7.0,08-15,-0.0018888887845807606
08-01,0.0,0.0,0.0,0.0,-0.006999999284744264,0.0,0.0,0.0,0.0,0.0,7.0,08-16,-0.0007777776983049182
08-02,0.0,0.0,0.0,0.0,-0.006999999284744264,0.0,0.0,0.0,0.0,0.0,7.0,08-17,-0.0007777776983049182
08-03,0.0,0.0,0.0,0.0,-0.006999999284744264,0.0,0.0,0.0,0.0,0.0,7.0,08-18,-0.0007777776983049182
08-04,0.0,0.0,0.0,0.0,-0.006999999284744264,0.0,0.0,0.0,0.0,0.0,6.0,08-19,-0.0007777776983049182
08-05,0.0,0.0,0.0,0.0,-0.006999999284744264,0.0,0.0,0.0,0.0,0.0,6.0,08-20,-0.0007777776983049182
08-06,0.0,0.0,0.0,0.0,0.0,0.0,0.0,0.0,0.0,0.0,6.0,08-21,0.0
08-07,0.0,0.0,0.0,0.0,0.0,0.0,0.0,0.0,0.0,0.0,6.0,08-22,0.0
08-08,0.0,0.0,0.0,0.0,0.0,0.0,0.0,0.0,0.0,0.0,6.0,08-23,0.0
08-09,0.0,0.0,0.0,0.0,-0.0030000004917383177,0.0,0.0,0.0,0.0,0.0,6.0,08-24,-0.00033333338797092416
08-10,0.0,0.0,0.0,0.0,-0.0030000004917383177,0.0,0.0,0.0,0.0,0.0,6.0,08-25,-0.00033333338797092416
08-11,0.0,0.0,0.0,0.0,-0.0030000004917383177,0.0,0.0,0.0,0.0,0.0,6.0,08-26,-0.00033333338797092416
08-12,0.0,0.0,0.0,0.0,-0.0030000004917383177,0.0,0.0,0.0,0.0,0.0,6.0,08-27,-0.00033333338797092416
08-13,0.0,0.0,0.0,0.0,-0.0030000004917383177,0.0,0.0,0.0,0.0,0.0,6.0,08-28,-0.00033333338797092416
08-14,0.0,0.0,0.0,0.0,-0.0030000004917383177,0.0,0.0,0.0,0.0,0.0,6.0,08-29,-0.00033333338797092416
08-15,0.0,0.0,0.0,0.0,-0.0030000004917383177,0.0,0.0,0.0,0.0,0.0,6.0,08-30,-0.00033333338797092416
08-16,0.0,0.0,0.0,0.0,-0.0030000004917383177,0.0,0.0,0.0,0.0,0.0,6.0,08-31,-0.00033333338797092416
08-17,0.0,0.0,0.0,0.0,-0.0030000004917383177,0.0,0.0,0.0,0.0,0.0,6.0,09-01,-0.00033333338797092416
08-18,0.0,0.0,0.0,0.0,-0.0030000004917383177,0.0,0.0,0.0,0.0,0.0,6.0,09-02,-0.00033333338797092416
08-19,0.0,0.0,0.0,0.0,-0.0030000004917383177,0.0,0.0,0.0,0.0,0.0,6.0,09-03,-0.00033333338797092416
08-20,0.0,0.0,0.0,0.0,0.0,0.0,0.0,0.0,0.0,0.0,6.0,09-04,0.0
08-21,0.0,0.0,0.0,0.0,0.0,0.0,0.0,0.0,0.0,0.0,6.0,09-05,0.0
08-22,0.0,0.0,0.0,0.0,0.0,0.0,0.0,0.0,0.0,0.0,6.0,09-06,0.0
08-23,0.0,0.0,0.0,0.0,0.0,0.0,0.0,0.0,0.0,0.0,6.0,09-07,0.0
08-24,0.0,0.0,0.0,0.0,0.0,0.0,0.0,0.0,0.0,0.0,6.0,09-08,0.0
08-25,0.0,0.0,0.0,0.0,0.0,0.0,0.0,0.0,0.0,0.0,6.0,09-09,0.0
08-26,0.0,0.0,0.0,0.028690002858638763,0.0,0.0,0.0,0.0,0.0,1.0,5.0,09-10,0.003187778095404307
08-27,0.0,0.0,0.0,0.028690002858638763,0.0,0.0,0.0,0.0,0.0,1.0,5.0,09-11,0.003187778095404307
08-28,0.0,0.0,0.0,0.028690002858638763,0.0,0.0,0.0,0.0,0.0,1.0,5.0,09-12,0.003187778095404307
08-29,0.0,0.0,0.0,0.028690002858638763,0.0,0.0,0.0,0.0,0.0,1.0,5.0,09-13,0.003187778095404307
08-30,0.0,0.0,0.0,0.028690002858638763,0.0,0.0,0.0,0.0,0.0,1.0,5.0,09-14,0.003187778095404307
08-31,0.0,0.0,0.0,0.028690002858638763,0.0,0.0,0.0,0.0,0.0,1.0,5.0,09-15,0.003187778095404307
09-01,0.0,0.0,0.0,0.028690002858638763,0.009999999776482582,0.0,0.0,0.0,0.0,2.0,4.0,09-16,0.004298889181680149
09-02,0.0,0.0,0.0,0.028690002858638763,0.012000000104308128,0.0,0.0,0.0,0.0,2.0,4.0,09-17,0.004521111440327432
09-03,0.0,0.0,0.0,0.028690002858638763,0.012000000104308128,0.0,0.0,0.0,0.0,2.0,4.0,09-18,0.004521111440327432
09-04,0.0,0.0,0.0,0.028690002858638763,0.012000000104308128,0.0,0.0,0.0,0.0,2.0,4.0,09-19,0.004521111440327432
09-05,0.0,0.0,0.0,0.028690002858638763,0.012000000104308128,0.0,0.0,0.0,0.0,2.0,4.0,09-20,0.004521111440327432
09-06,0.0,0.0,0.0,0.0,0.012000000104308128,0.0,0.0,0.0,0.0,1.0,5.0,09-21,0.0013333333449231253
09-07,0.0,0.0,0.0,0.0,0.012000000104308128,0.0,0.0,0.0,0.0,1.0,5.0,09-22,0.0013333333449231253
09-08,0.0,0.0,0.0,0.0,0.012000000104308128,0.0,0.0,0.0,0.0,1.0,5.0,09-23,0.0013333333449231253
09-09,0.0,0.0,0.0,0.0,0.012000000104308128,0.0,0.0,0.0,0.0,1.0,5.0,09-24,0.0013333333449231253
09-10,0.0,0.0,0.0,0.0,0.012000000104308128,0.0,0.0,0.0,0.0,1.0,5.0,09-25,0.0013333333449231253
09-11,0.0,0.0,0.0,0.0,0.012000000104308128,0.0,0.0,0.0,0.0,1.0,5.0,09-26,0.0013333333449231253
09-12,0.0,0.0,0.0,0.0,0.0020000003278255463,0.0,0.0,0.0,0.0,1.0,5.0,09-27,0.00022222225864728293
09-13,0.0,0.0,0.0,0.0,0.0020000003278255463,0.0,0.0,0.0,0.0,1.0,5.0,09-28,0.00022222225864728293
09-14,0.0,0.0,0.0,0.0,0.0020000003278255463,0.0,0.0,0.0,0.0,1.0,5.0,09-29,0.00022222225864728293
09-15,0.0,0.0,0.0,0.0,0.0,0.0,0.0,0.0,0.0,0.0,6.0,09-30,0.0
09-16,0.0,0.0,0.0,0.0,0.0,0.0,0.0,0.0,0.0,0.0,6.0,10-01,0.0
09-17,0.0,0.0,0.009570002555847168,0.0,0.0,0.0,0.0,0.0,0.0,1.0,5.0,10-02,0.001063333617316352
09-18,0.0,0.0,0.009570002555847168,0.0,0.0,0.0,0.0,0.0,0.0,1.0,5.0,10-03,0.001063333617316352
09-19,0.0,0.0,0.009570002555847168,0.0,0.0,0.0,0.0,0.0,0.0,1.0,5.0,10-04,0.001063333617316352
09-20,0.0,0.0,0.009570002555847168,0.0,0.0,0.0,0.0,0.0,0.0,1.0,5.0,10-05,0.001063333617316352
09-21,0.0,0.0,0.009570002555847168,0.0,0.0,0.0,0.0,0.0,0.0,1.0,5.0,10-06,0.001063333617316352
09-22,0.0,0.0,0.009570002555847168,0.0,0.0,0.0,0.0,0.0,0.0,1.0,5.0,10-07,0.001063333617316352
09-23,0.0,0.0,0.009570002555847168,0.0,0.0,0.0,0.0,0.0,0.0,1.0,5.0,10-08,0.001063333617316352
09-24,0.0,0.0,0.009570002555847168,0.0,0.0,0.0,0.0,0.0,0.0,1.0,5.0,10-09,0.001063333617316352
09-25,0.0,0.0,0.009570002555847168,0.0,0.0,0.0,0.0,0.0,0.0,1.0,5.0,10-10,0.001063333617316352
09-26,0.0,0.0,0.009570002555847168,0.0,0.0,0.0,0.0,0.0,0.0,1.0,5.0,10-11,0.001063333617316352
09-27,0.0,0.0,0.009570002555847168,0.0,0.0,0.0,0.0,0.0,0.0,1.0,5.0,10-12,0.001063333617316352
09-28,0.0,0.0,0.0,0.0,0.0,0.0,0.0,0.0,0.0,0.0,6.0,10-13,0.0
09-29,0.0,0.0,0.0,0.0,0.0,0.0,0.0,0.0,0.0,0.0,6.0,10-14,0.0
09-30,0.0,0.0,0.0,0.0,0.0,0.0,0.0,0.0,0.0,0.0,6.0,10-15,0.0
10-01,0.0,0.0,0.0,0.0,0.0,0.0,0.0,0.0,0.0,0.0,6.0,10-16,0.0
10-02,0.0,0.0,0.0,0.0,0.0,0.0,0.0,0.0,0.0,0.0,6.0,10-17,0.0
10-03,0.0,0.0,0.0,0.0,0.0,0.0,0.0,0.0,0.0,0.0,6.0,10-18,0.0
10-04,0.0,0.0,0.0,0.0,0.0,0.0,0.0,0.0,0.0,0.0,6.0,10-19,0.0
10-05,0.0,0.0,0.0,0.0,0.0,0.0,0.0,0.0,0.0,0.0,6.0,10-20,0.0
10-06,0.0,0.0,0.0,0.0,0.0,0.0,0.0,0.0,0.0,0.0,6.0,10-21,0.0
10-07,0.0,0.0,0.0,0.0,0.0,0.0,0.0,0.0,0.0,0.0,6.0,10-22,0.0
10-08,0.0,0.0,0.0,0.0,0.0,0.0,0.0,0.0,0.0,0.0,6.0,10-23,0.0
10-09,0.0,0.0,0.0,0.0,0.0,0.0,0.0,0.0,0.0,0.0,6.0,10-24,0.0
10-10,0.0,0.0,0.0,0.0,0.0,0.0,0.0,0.0,0.0,0.0,6.0,10-25,0.0
10-11,0.0,0.0,0.0,0.0,0.0,0.0,0.0,0.0,0.0,0.0,6.0,10-26,0.0
10-12,0.0,0.0,0.0,0.0,0.0,0.0,0.0,0.0,0.0,0.0,6.0,10-27,0.0
10-13,0.0,0.0,0.0,0.0,0.0,0.0,0.0,0.0,0.0,0.0,6.0,10-28,0.0
10-14,0.0,0.0,0.0,0.0,0.0,0.0,0.0,0.0,0.0,0.0,6.0,10-29,0.0
10-15,0.0,0.0,0.0,0.0,0.0,0.0,0.0,0.0,0.0,0.0,6.0,10-30,0.0
10-16,0.0,0.0,0.0,0.0,0.0,0.0,0.0,0.0,0.0,0.0,6.0,10-31,0.0
10-17,0.0,0.0,0.0,0.0,0.0,0.0,0.0,0.0,0.0,0.0,6.0,11-01,0.0
10-18,0.0,0.0,0.0,0.0,0.0,0.0,0.0,0.0,0.0,0.0,6.0,11-02,0.0
10-19,0.0,0.0,0.0,0.0,0.0,0.0,0.0,0.0,0.0,0.0,6.0,11-03,0.0
10-20,0.0,0.0,0.0,0.0,0.0,0.0,0.0,0.0,0.0,0.0,6.0,11-04,0.0
10-21,0.0,0.0,0.0,0.0,0.0,0.0,0.0,0.0,0.0,0.0,6.0,11-05,0.0
10-22,0.0,0.0,0.0,0.014339998364448533,0.0,0.0,0.0,0.0,0.0,1.0,5.0,11-06,0.0015933331516053927
10-23,0.0,0.0,0.0,0.014339998364448533,0.0,0.0,0.0,0.0,0.0,1.0,5.0,11-07,0.0015933331516053927
10-24,0.0,0.0,0.0,0.014339998364448533,0.0,0.0,0.0,0.0,0.0,1.0,5.0,11-08,0.0015933331516053927
10-25,0.0,0.0,0.0,0.014339998364448533,0.0,0.0,0.0,0.0,0.0,1.0,5.0,11-09,0.0015933331516053927
10-26,0.0,0.0,0.0,0.014339998364448533,0.0,0.0,0.0,0.0,0.0,1.0,5.0,11-10,0.0015933331516053927
10-27,0.0,0.0,0.0,0.014339998364448533,0.0,0.0,0.0,0.0,0.0,1.0,5.0,11-11,0.0015933331516053927
10-28,0.0,0.0,0.0,0.014339998364448533,0.0,0.0,0.0,0.0,0.0,1.0,5.0,11-12,0.0015933331516053927
10-29,0.0,0.0,0.0,0.014339998364448533,0.0,0.0,0.0,0.0,0.0,1.0,5.0,11-13,0.0015933331516053927
10-30,0.0,0.0,-0.009570002555847168,0.014339998364448533,0.0,0.0,0.0,0.0,0.0,1.0,5.0,11-14,0.0005299995342890406
10-31,0.0,0.0,-0.009570002555847168,0.014339998364448533,0.0,0.0,0.0,0.0,0.0,1.0,5.0,11-15,0.0005299995342890406
11-01,0.0,0.0,-0.009570002555847168,0.014339998364448533,0.0,0.0,0.0,0.0,0.0,1.0,5.0,11-16,0.0005299995342890406
11-02,0.0,0.0,-0.009570002555847168,0.014339998364448533,0.0,0.0,0.0,0.0,0.0,1.0,5.0,11-17,0.0005299995342890406
11-03,0.0,0.0,-0.009570002555847168,0.014339998364448533,0.0,0.0,0.0,0.0,0.0,1.0,5.0,11-18,0.0005299995342890406
11-04,0.0,0.0,-0.009570002555847168,0.0,0.0,0.0,0.0,0.0,0.0,0.0,6.0,11-19,-0.001063333617316352
11-05,0.0,0.0,-0.009570002555847168,0.0,0.0,0.0,0.0,0.0,0.0,0.0,6.0,11-20,-0.001063333617316352
11-06,0.0,0.0,-0.009570002555847168,0.0,0.0,0.0,0.0,0.0,0.0,0.0,6.0,11-21,-0.001063333617316352
11-07,0.0,0.0,-0.009570002555847168,0.0,0.0,0.0,0.0,0.0,0.0,0.0,6.0,11-22,-0.001063333617316352
11-08,0.0,0.0,-0.009570002555847168,0.0,0.0,0.0,0.0,0.0,0.0,0.0,7.0,11-23,-0.001063333617316352
11-09,0.0,0.0,-0.009570002555847168,0.0,0.0,0.0,0.0,0.0,0.0,0.0,7.0,11-24,-0.001063333617316352
11-10,0.0,0.0,-0.009570002555847168,0.0,0.0,0.0,0.0,0.0,0.0,0.0,7.0,11-25,-0.001063333617316352
11-11,0.0,0.0,-0.009570002555847168,0.0,0.0,0.0,0.0,0.0,0.0,0.0,7.0,11-26,-0.001063333617316352
11-12,0.0,0.0,0.0,0.0,0.0,0.0,0.0,0.0,0.0,0.0,7.0,11-27,0.0
11-13,0.0,0.0,0.0,0.0,0.0,0.0,0.0,0.0,0.0,0.0,7.0,11-28,0.0
11-14,0.0,0.0,0.0,0.0,0.0,0.0,0.0,0.0,0.0,0.0,7.0,11-29,0.0
11-15,0.0,0.0,0.0,0.0,0.0,0.0,0.0,0.0,0.0,0.0,7.0,11-30,0.0
11-16,0.0,0.0,0.0,0.0,0.0,0.0,0.0,0.0,0.0,0.0,7.0,12-01,0.0
11-17,0.0,0.0,-0.00477999821305275,0.0,0.0,0.0,0.0,0.0,0.0,0.0,7.0,12-02,-0.0005311109125614166
11-18,0.0,0.0,-0.00477999821305275,0.0,0.0,0.0,0.0,0.0,0.0,0.0,7.0,12-03,-0.0005311109125614166
11-19,0.0,0.0,-0.00477999821305275,0.0,0.0,0.0,0.0,0.0,0.0,0.0,7.0,12-04,-0.0005311109125614166
11-20,0.0,0.0,-0.00477999821305275,0.0,0.0,0.0,0.0,0.0,0.0,0.0,7.0,12-05,-0.0005311109125614166
11-21,0.0,0.0,0.009570002555847168,0.0,0.0,0.0,0.0,0.0,0.0,1.0,6.0,12-06,0.001063333617316352
11-22,0.0,0.0,0.009570002555847168,0.0,0.0,0.0,0.0,0.0,0.0,1.0,6.0,12-07,0.001063333617316352
11-23,0.0,0.0,0.009570002555847168,0.0,0.0020000003278255463,0.0,0.0,0.0,0.0,2.0,5.0,12-08,0.0012855558759636348
11-24,0.0,0.0,0.009570002555847168,0.0,0.0020000003278255463,0.0,0.0,0.0,0.0,2.0,4.0,12-09,0.0012855558759636348
11-25,0.0,0.0,0.009570002555847168,0.0,0.0020000003278255463,0.0,0.0,0.0,0.0,2.0,4.0,12-10,0.0012855558759636348
11-26,0.0,0.0,0.009570002555847168,0.0,0.0020000003278255463,0.0,0.0,0.0,0.0,2.0,4.0,12-11,0.0012855558759636348
11-27,0.0,0.0,0.014350000768899918,0.0,0.0020000003278255463,0.0,0.0,0.0,0.0,2.0,4.0,12-12,0.0018166667885250514
11-28,0.0,0.0,0.014350000768899918,0.0,0.0020000003278255463,0.0,0.0,0.0,0.0,2.0,4.0,12-13,0.0018166667885250514
11-29,0.0,0.0,0.014350000768899918,0.0,0.0020000003278255463,0.0,-0.0039999997243285144,0.0,0.0,2.0,4.0,12-14,0.0013722223747107722
11-30,0.0,0.0,0.014350000768899918,0.0,0.0020000003278255463,0.0,-0.0039999997243285144,0.0,0.0,2.0,4.0,12-15,0.0013722223747107722
12-01,0.0,0.0,0.014350000768899918,0.0,0.0020000003278255463,0.0,-0.0039999997243285144,0.0,0.0,2.0,4.0,12-16,0.0013722223747107722
12-02,0.0,0.0,0.014350000768899918,0.0,0.0020000003278255463,0.0,-0.0039999997243285144,0.0,0.0,2.0,4.0,12-17,0.0013722223747107722
12-03,0.0,0.0,0.014350000768899918,0.0,0.0020000003278255463,0.0,-0.0039999997243285144,0.0,0.0,2.0,4.0,12-18,0.0013722223747107722
12-04,0.0,0.0,0.0,0.0,0.0,0.0,-0.0039999997243285144,0.0,0.0,0.0,6.0,12-19,-0.0004444444138142794
12-05,0.0,0.0,0.0,0.0,0.0,0.0,-0.0039999997243285144,0.0,0.0,0.0,6.0,12-20,-0.0004444444138142794
12-06,0.0,0.0,0.0,0.0,0.0,0.0,-0.0039999997243285144,0.0,0.0,0.0,6.0,12-21,-0.0004444444138142794
12-07,0.0,0.0,0.0,0.0,0.0,0.0,-0.0039999997243285144,0.0,0.0,0.0,6.0,12-22,-0.0004444444138142794
12-08,0.0,0.0,0.0,0.0,0.0,0.0,-0.0039999997243285144,0.0,0.0,0.0,6.0,12-23,-0.0004444444138142794
12-09,0.0,0.0,0.0,0.0,0.0,0.0,-0.0039999997243285144,0.0,0.0,0.0,6.0,12-24,-0.0004444444138142794
12-10,0.0,0.0,0.0,0.0,0.0,0.0,-0.0039999997243285144,0.0,0.0,0.0,6.0,12-25,-0.0004444444138142794
12-11,0.0,0.0,0.0,0.0,0.0,0.0,-0.0039999997243285144,0.0,0.0,0.0,6.0,12-26,-0.0004444444138142794
12-12,0.0,0.0,0.0,0.0,0.0,0.0,0.0,0.0,0.0,0.0,6.0,12-27,0.0
12-13,0.0,0.0,0.0,0.0,0.0,0.0,0.0,0.0,0.0,0.0,6.0,12-28,0.0
12-14,0.0,0.0,0.0,-0.0334700047969818,0.0,0.0,0.0,0.0,0.0,0.0,6.0,12-29,-0.0037188894218868665
12-15,0.0,0.0,0.0,-0.0334700047969818,0.0,0.0,0.0,0.0,0.0,0.0,6.0,12-30,-0.0037188894218868665
12-16,0.0,0.0,0.0,-0.0334700047969818,0.0,0.0,0.0,0.0,0.0,0.0,6.0,12-31,-0.0037188894218868665
12-17,0.0,0.0,0.0,-0.0334700047969818,0.0,0.0,0.0,0.0,0.0,0.0,6.0,01-01,-0.0037188894218868665
12-18,0.0,0.0,0.0,-0.0334700047969818,0.0,0.0,0.0,0.0,0.0,0.0,6.0,01-02,-0.0037188894218868665
12-19,0.0,0.0,0.0,-0.0334700047969818,0.0,0.0,0.0,0.0,0.0,0.0,6.0,01-03,-0.0037188894218868665
12-20,0.0,0.0,0.0,-0.0334700047969818,0.0,0.0,0.0,0.0,0.0,0.0,6.0,01-04,-0.0037188894218868665
12-21,0.0,0.0,0.0,-0.0334700047969818,-0.014000000432133675,0.0,0.0,0.0,0.0,0.0,6.0,01-05,-0.005274445025457274
12-22,0.0,0.0,0.0,-0.0334700047969818,-0.014000000432133675,0.0,0.0,0.0,0.0,0.0,6.0,01-06,-0.005274445025457274
12-23,0.0,0.0,0.0,-0.0334700047969818,-0.014000000432133675,0.0,0.0,0.0,0.0,0.0,6.0,01-07,-0.005274445025457274
12-24,0.0,0.0,0.0,0.0,-0.014000000432133675,0.0,0.0,0.0,0.0,0.0,6.0,01-08,-0.0015555556035704082
12-26,0.0,0.0,0.0,0.0,-0.014000000432133675,0.0,0.0,0.0,0.0,0.0,6.0,01-10,-0.0015555556035704082
12-27,0.0,0.0,0.0,0.0,-0.014000000432133675,0.0,0.0,0.0,0.0,0.0,6.0,01-11,-0.0015555556035704082
12-28,0.0,0.0,0.0,0.0,-0.014000000432133675,0.0,0.0,0.0,0.0,0.0,6.0,01-12,-0.0015555556035704082
12-29,0.0,0.0,0.0,0.0,-0.014000000432133675,0.0,0.0,0.0,0.0,0.0,6.0,01-13,-0.0015555556035704082
12-30,0.0,0.0,0.0,0.0,-0.014000000432133675,0.0,0.0,0.0,0.0,0.0,6.0,01-14,-0.0015555556035704082
12-31,0.0,0.0,0.0,0.0,0.0,0.0,0.0,0.0,0.0,0.0,6.0,01-15,0.0
