,2009,2011,2012,2013,2014,2015,2016,2017,2018,2019,2020,ups,downs,avg
01-02,0.0,0.0,0.0,0.0,0.0,0.0,0.0,0.0,0.0,0.0,0.2624631971810087,1.0,9.0,0.023860290652818972
01-03,0.0,0.0,0.0,0.0,0.0,0.0,0.0,0.0,0.0,0.0,0.2624631971810087,1.0,9.0,0.023860290652818972
01-04,0.0,0.0,0.0,0.0,0.0,0.0,1.0416705989173811,0.0,0.0,0.0,0.2624631971810087,2.0,8.0,0.11855761782712636
01-05,0.0,0.0,0.0,0.0,0.0,0.0,1.0416705989173811,0.0,0.0,0.0,0.2624631971810087,2.0,8.0,0.11855761782712636
01-06,0.0,0.0,0.0,0.0,0.0,0.0,1.0416705989173811,0.0,0.0,0.0,0.2624631971810087,2.0,8.0,0.11855761782712636
01-07,0.0,0.0,0.0,0.0,0.0,0.0,1.0416705989173811,0.0,0.0,0.0,0.2624631971810087,2.0,8.0,0.11855761782712636
01-08,0.0,0.0,0.0,0.0,0.0,0.0,1.0416705989173811,0.0,0.0,0.0,0.2624631971810087,2.0,8.0,0.11855761782712636
01-09,0.0,0.0,0.0,0.0,0.0,0.0,1.0416705989173811,0.0,0.0,0.0,0.0,1.0,9.0,0.09469732717430737
01-10,0.0,0.0,0.0,0.0,0.0,0.0,1.0416705989173811,0.0,0.0,0.0,0.0,1.0,9.0,0.09469732717430737
01-11,0.0,0.0,0.0,0.0,0.0,0.0,1.0416705989173811,0.0,0.0,0.0,0.0,1.0,9.0,0.09469732717430737
01-12,0.0,0.0,0.0,0.0,0.0,0.0,1.0416705989173811,0.0,0.0,0.0,0.0,1.0,9.0,0.09469732717430737
01-13,0.0,0.0,0.0,0.0,0.0,0.0,-3.485835339719993,0.0,0.0,0.0,0.0,0.0,10.0,-0.31689412179272664
01-14,0.0,0.0,0.0,0.0,0.0,0.0,-4.575164077686868,0.0,0.0,0.0,0.0,0.0,10.0,-0.41592400706244254
01-15,0.0,0.0,0.0,0.0,0.0,0.0,-4.575164077686868,0.0,0.0,0.0,0.0,0.0,9.0,-0.41592400706244254
01-16,0.0,0.0,0.0,0.0,0.0,0.0,-4.575164077686868,0.0,0.0,0.0,0.0,0.0,9.0,-0.41592400706244254
01-17,0.0,0.0,0.0,0.0,0.0,0.0,-1.0526355944181742,0.0,0.0,0.0,0.0,0.0,9.0,-0.09569414494710675
01-18,0.0,0.0,0.0,0.0,0.0,0.0,-1.0526355944181742,0.0,0.0,0.0,0.0,0.0,9.0,-0.09569414494710675
01-19,0.0,0.0,0.0,0.0,0.0,0.0,-1.0526355944181742,0.0,0.0,0.0,0.0,0.0,9.0,-0.09569414494710675
01-20,0.0,0.0,0.0,0.0,0.0,0.0,-1.0526355944181742,0.0,0.0,0.0,0.0,0.0,9.0,-0.09569414494710675
01-21,0.0,0.0,0.0,0.0,0.0,0.0,-1.0526355944181742,0.0,0.0,0.0,0.0,0.0,9.0,-0.09569414494710675
01-22,0.0,0.0,0.0,0.0,0.0,0.0,-1.0526355944181742,0.0,0.0,0.0,0.0,0.0,9.0,-0.09569414494710675
01-23,0.0,0.0,0.0,5.2287593513843005,0.0,0.0,-1.0526355944181742,0.0,0.0,0.0,0.0,1.0,8.0,0.3796476142696478
01-24,0.0,0.0,0.0,5.2287593513843005,0.0,0.0,-1.0526355944181742,0.0,0.0,0.0,0.0,1.0,8.0,0.3796476142696478
01-25,0.0,0.0,0.0,5.2287593513843005,0.0,0.0,-1.0526355944181742,0.0,0.0,0.0,0.0,1.0,8.0,0.3796476142696478
01-26,0.0,0.0,0.0,5.2287593513843005,0.0,0.0,3.368417840254953,0.0,0.0,0.0,0.0,2.0,7.0,0.7815615628762959
01-27,0.0,0.0,0.0,5.2287593513843005,0.0,0.0,3.368417840254953,0.0,0.0,1.388887601134196,0.0,3.0,6.0,0.9078240720703136
01-28,0.0,0.0,0.0,5.2287593513843005,0.0,0.0,0.0,0.0,0.0,1.388887601134196,0.0,2.0,7.0,0.6016042684107724
01-29,0.0,0.0,0.0,5.2287593513843005,0.0,0.0,0.0,0.0,0.0,1.388887601134196,0.0,2.0,7.0,0.6016042684107724
01-30,0.0,0.0,0.0,5.2287593513843005,0.0,0.0,0.0,0.0,0.0,1.388887601134196,0.0,2.0,7.0,0.6016042684107724
01-31,0.0,0.0,0.0,5.2287593513843005,0.0,0.0,0.0,0.0,0.0,1.388887601134196,0.0,2.0,7.0,0.6016042684107724
02-01,0.0,0.0,0.0,5.2287593513843005,0.0,0.0,0.0,0.0,0.0,1.388887601134196,0.0,2.0,7.0,0.6016042684107724
02-02,0.0,0.0,0.0,5.2287593513843005,0.0,0.0,0.0,0.0,0.0,1.388887601134196,0.0,2.0,7.0,0.6016042684107724
02-03,0.0,0.0,0.0,5.2287593513843005,0.0,0.0,0.0,0.0,0.0,1.388887601134196,0.0,2.0,7.0,0.6016042684107724
02-04,0.0,0.0,0.0,5.2287593513843005,0.0,0.0,0.0,0.0,0.0,1.388887601134196,0.0,2.0,7.0,0.6016042684107724
02-05,0.0,0.0,0.0,0.0,0.0,0.0,0.0,0.0,0.0,-0.7092157807798928,0.0,0.0,9.0,-0.06447416188908116
02-06,0.0,0.0,0.0,0.0,0.0,0.0,0.0,0.0,0.0,-0.7092157807798928,0.0,0.0,9.0,-0.06447416188908116
02-07,0.0,0.0,0.0,0.0,0.0,0.0,0.0,0.0,0.0,-2.127654105987167,0.0,0.0,9.0,-0.19342310054428793
02-08,0.0,0.0,0.0,0.0,0.0,0.0,-2.7027027027027026,0.0,0.0,-2.127654105987167,0.0,0.0,9.0,-0.43912334624453364
02-09,0.0,0.0,0.0,0.0,0.0,0.0,-2.7027027027027026,0.0,0.0,-2.127654105987167,0.0,0.0,9.0,-0.43912334624453364
02-10,0.0,0.0,0.0,0.6493469498212479,0.0,0.0,-2.7027027027027026,0.0,0.0,-2.127654105987167,0.0,1.0,8.0,-0.3800918053516929
02-11,0.0,0.0,0.0,1.2903213500976447,0.0,0.0,-2.7027027027027026,0.0,0.0,-2.127654105987167,0.0,1.0,8.0,-0.32182140532656595
02-12,0.0,0.0,0.0,1.2903213500976447,0.0,0.0,-2.7027027027027026,0.0,0.0,-2.127654105987167,0.05246709948606522,2.0,7.0,-0.3170516690096509
02-13,0.0,0.0,0.0,1.2903213500976447,0.0,0.0,-2.7027027027027026,0.0,0.0,-2.127654105987167,-2.144770116417813,1.0,8.0,-0.5168005068190944
02-14,0.0,0.0,13.428572246006556,1.2903213500976447,0.0,0.0,-2.7027027027027026,0.0,0.0,-2.127654105987167,-2.144770116417813,2.0,7.0,0.7039787882724109
02-15,0.0,0.0,13.428572246006556,1.2903213500976447,0.0,0.0,-2.7027027027027026,0.0,0.0,0.0,-2.144770116417813,2.0,7.0,0.8974018888166988
02-16,0.0,0.0,13.428572246006556,1.2903213500976447,0.0,0.0,-2.7027027027027026,0.0,0.0,0.0,-4.670321090600943,2.0,7.0,0.6678063457091415
02-17,0.0,0.0,13.428572246006556,1.2903213500976447,0.0,0.0,-2.7027027027027026,0.0,0.0,0.0,-4.958675688408374,2.0,7.0,0.6415922913630114
02-18,0.0,0.0,13.428572246006556,1.2903213500976447,0.0,0.0,-2.7027027027027026,0.0,0.0,0.0,-4.958675688408374,2.0,7.0,0.6415922913630114
02-19,0.0,0.0,13.428572246006556,4.850744631044863,0.0,0.0,0.0,0.0,0.0,0.0,-5.248612351209686,2.0,7.0,1.1846095023492487
02-20,0.0,0.0,13.428572246006556,4.850744631044863,0.0,0.0,0.0,0.0,0.0,0.0,-5.248612351209686,2.0,7.0,1.1846095023492487
02-21,0.0,0.0,13.428572246006556,4.228857639316802,0.0,0.0,0.0,0.0,0.0,0.0,-5.248612351209686,2.0,7.0,1.1280743212830613
02-22,0.0,0.0,13.428572246006556,3.6069647167782986,0.0,0.0,0.0,0.0,0.0,0.0,-5.248612351209686,2.0,7.0,1.0715386010522878
02-23,0.0,0.0,13.428572246006556,3.6069647167782986,0.0,0.0,0.0,0.0,0.0,0.0,-5.248612351209686,2.0,7.0,1.0715386010522878
02-24,0.0,0.0,13.428572246006556,3.6069647167782986,0.0,0.0,0.0,0.0,0.0,0.0,-5.248612351209686,2.0,7.0,1.0715386010522878
02-25,0.0,0.0,0.0,3.6069647167782986,0.0,0.0,0.0,0.0,0.0,0.0,-5.303862233370337,1.0,8.0,-0.1542634105992762
02-26,0.0,0.0,0.0,3.6069647167782986,0.0,0.0,0.0,0.0,0.0,0.0,-3.0386697539720533,1.0,8.0,0.051663178436931384
02-27,0.0,0.0,0.0,3.6069647167782986,0.0,0.0,0.0,0.0,0.0,0.0,-0.5524882837687902,1.0,8.0,0.2776796757281371
02-28,0.0,0.0,0.0,3.6069647167782986,0.0,0.0,0.0,0.0,0.0,0.0,-0.27623887296563093,1.0,8.0,0.3027932585284243
02-29,0.0,0.0,0.0,0.0,0.0,0.0,0.0,0.0,0.0,0.0,-0.27623887296563093,0.0,3.0,-0.02511262481505736
03-01,0.0,0.0,0.0,3.6069647167782986,0.0,0.0,0.0,0.0,0.0,0.0,-0.27623887296563093,1.0,8.0,0.3027932585284243
03-02,0.0,0.0,0.0,0.0,0.0,0.0,0.0,0.0,0.0,0.0,-0.8333312140570747,0.0,9.0,-0.0757573830960977
03-03,0.0,0.0,0.0,0.0,0.0,0.0,0.0,0.0,0.0,0.0,-13.125002384185791,0.0,9.0,-1.193182034925981
03-04,0.0,0.0,0.0,0.0,0.0,0.0,0.0,0.0,0.0,0.0,-13.125002384185791,0.0,9.0,-1.193182034925981
03-05,0.0,0.0,0.0,0.0,0.0,0.0,0.0,0.0,0.0,0.0,-13.125002384185791,0.0,9.0,-1.193182034925981
03-06,0.0,0.0,0.0,0.0,0.0,0.0,0.0,0.0,0.0,0.0,-13.125002384185791,0.0,9.0,-1.193182034925981
03-07,0.0,0.0,0.0,0.0,0.0,0.0,0.0,0.0,0.0,0.0,-13.125002384185791,0.0,9.0,-1.193182034925981
03-08,0.0,0.0,0.0,0.0,0.0,0.0,0.0,0.0,0.0,0.0,-13.125002384185791,0.0,9.0,-1.193182034925981
03-09,0.0,0.0,0.0,0.0,0.0,0.0,2.631578947368421,0.0,0.0,0.0,-13.125002384185791,1.0,8.0,-0.9539475851652154
03-10,0.0,0.0,0.0,0.0,0.0,0.0,2.631578947368421,0.0,0.0,0.0,-13.125002384185791,1.0,8.0,-0.9539475851652154
03-11,0.0,0.0,0.0,0.0,0.0,0.0,2.631578947368421,0.0,0.0,1.0526289019668311,-13.125002384185791,2.0,7.0,-0.8582540486227763
03-12,0.0,0.0,0.0,0.0,0.0,0.0,2.631578947368421,0.0,0.0,1.0526289019668311,-13.125002384185791,2.0,7.0,-0.8582540486227763
03-13,0.0,0.0,0.0,0.0,0.0,0.0,2.631578947368421,0.0,0.0,1.0526289019668311,-12.5,2.0,7.0,-0.8014356500604317
03-14,0.0,0.0,0.0,0.0,0.0,0.0,2.631578947368421,0.0,0.0,1.0526289019668311,0.0,2.0,7.0,0.3349279863032047
03-15,0.0,0.0,0.0,0.0,0.0,0.0,2.1164001407603137,0.0,0.0,1.0526289019668311,4.1916211434725845,3.0,6.0,0.6691500169272481
03-16,0.0,0.0,0.0,0.0,0.0,0.0,2.1164001407603137,0.0,0.0,1.0526289019668311,4.1916211434725845,3.0,6.0,0.6691500169272481
03-17,0.0,0.0,0.0,0.0,0.0,0.0,5.128205128205128,0.0,0.0,1.0526289019668311,4.1916211434725845,3.0,6.0,0.9429504703313221
03-18,0.0,0.0,0.0,0.0,0.0,0.0,5.128205128205128,0.0,0.0,1.0526289019668311,4.1916211434725845,3.0,6.0,0.9429504703313221
03-19,0.0,0.0,0.0,0.0,0.0,0.0,5.128205128205128,0.0,0.0,1.0526289019668311,4.1916211434725845,3.0,6.0,0.9429504703313221
03-20,0.0,0.0,0.0,0.0,0.0,0.0,5.128205128205128,0.0,0.0,1.0526289019668311,4.1916211434725845,3.0,6.0,0.9429504703313221
03-21,0.0,0.0,0.0,0.0,0.0,0.0,5.128205128205128,0.0,0.0,1.0526289019668311,4.1916211434725845,3.0,6.0,0.9429504703313221
03-22,0.0,0.0,0.0,0.0,0.0,0.0,2.564102564102564,0.0,0.0,0.0,4.1916211434725845,2.0,7.0,0.6141567006886498
03-23,0.0,0.0,0.0,0.0,0.0,0.0,2.564102564102564,0.0,0.0,0.0,4.1916211434725845,2.0,7.0,0.6141567006886498
03-24,0.0,0.0,0.0,0.0,0.0,0.0,2.564102564102564,0.0,0.0,0.0,4.1916211434725845,2.0,7.0,0.6141567006886498
03-25,0.0,0.0,0.0,0.0,0.0,0.0,3.0769250331780853,0.0,0.0,0.0,4.1916211434725845,2.0,7.0,0.6607769251500609
03-26,0.0,0.0,0.0,0.0,0.0,0.0,3.0769250331780853,0.0,0.0,0.0,0.0,1.0,8.0,0.2797204575616441
03-27,0.0,0.0,0.0,0.0,0.0,0.0,3.0769250331780853,0.0,0.0,0.0,0.0,1.0,8.0,0.2797204575616441
03-28,0.0,0.0,0.0,0.0,0.0,0.0,3.0769250331780853,0.0,0.0,0.0,0.0,1.0,8.0,0.2797204575616441
03-29,0.0,0.0,0.0,0.0,0.0,0.0,3.0769250331780853,0.0,0.0,0.0,0.0,1.0,8.0,0.2797204575616441
03-30,0.0,0.0,0.0,0.0,0.0,0.0,0.0,0.0,0.0,0.0,0.0,0.0,9.0,0.0
03-31,0.0,0.0,0.0,0.0,0.0,0.0,2.5,0.0,0.0,1.7241379310344827,0.0,2.0,7.0,0.38401253918495293
04-01,0.0,0.0,0.0,0.0,0.0,0.0,2.5,0.0,0.0,1.7241379310344827,0.0,2.0,7.0,0.38401253918495293
04-02,0.0,0.0,0.0,0.0,0.0,0.0,2.5,0.0,0.0,1.7241379310344827,0.0,2.0,7.0,0.38401253918495293
04-03,0.0,0.0,0.0,0.0,0.0,0.0,2.5,0.0,0.0,0.0,0.0,1.0,8.0,0.22727272727272727
04-04,0.0,0.0,0.0,0.0,0.0,0.0,2.5,0.0,0.0,0.0,0.0,1.0,8.0,0.22727272727272727
04-05,0.0,0.0,0.0,0.0,0.0,0.0,2.5,8.89830655731095,0.0,0.0,0.29850290782416045,3.0,6.0,1.0633463150122826
04-06,0.0,0.0,0.0,0.0,0.0,0.0,2.5,8.89830655731095,0.0,0.0,0.29850290782416045,3.0,6.0,1.0633463150122826
04-07,0.0,0.0,0.0,0.0,0.0,0.0,2.5,8.89830655731095,0.0,0.0,-2.3911790911547564,2.0,7.0,0.818829769650563
04-08,0.0,0.0,0.0,0.0,0.0,0.0,2.5,8.89830655731095,0.0,0.0,-2.3911790911547564,2.0,7.0,0.818829769650563
04-09,0.0,0.0,0.0,0.0,0.0,0.0,2.5,8.89830655731095,0.0,0.0,-3.598014227731476,2.0,7.0,0.7091174845072249
04-10,0.0,0.0,0.0,0.0,0.0,0.0,2.5,8.89830655731095,0.0,0.0,-3.598014227731476,2.0,7.0,0.7091174845072249
04-11,0.0,0.0,0.0,0.0,0.0,0.0,2.5,8.89830655731095,0.0,-1.7543859649122806,-3.598014227731476,2.0,7.0,0.5496278513333812
04-12,0.0,0.0,0.0,0.0,0.0,0.0,2.5,8.89830655731095,0.0,-1.7543859649122806,-3.598014227731476,2.0,7.0,0.5496278513333812
04-13,0.0,0.0,0.0,0.0,0.0,0.0,0.0,8.89830655731095,0.0,-1.7543859649122806,-3.598014227731476,1.0,8.0,0.32235512406065386
04-14,0.0,0.0,0.0,0.0,0.0,0.0,0.0,8.89830655731095,0.0,-1.7543859649122806,-3.598014227731476,1.0,8.0,0.32235512406065386
04-15,0.0,0.0,0.0,0.0,0.0,0.0,0.0,8.89830655731095,0.0,-1.7543859649122806,-1.8292753133372635,1.0,8.0,0.4831495708237641
04-16,0.0,0.0,0.0,0.0,0.0,0.0,0.0,8.89830655731095,0.0,0.0,-2.134148717139377,1.0,8.0,0.6149234400155975
04-17,0.0,0.0,0.0,0.0,0.0,0.0,0.0,8.89830655731095,0.0,0.0,-2.134148717139377,1.0,8.0,0.6149234400155975
04-18,0.0,0.0,0.0,0.0,0.0,0.0,0.0,0.0,0.0,0.0,0.5487814309836714,1.0,8.0,0.04988922099851558
04-19,0.0,0.0,0.0,0.0,0.0,0.0,0.0,0.0,0.0,0.0,0.5487814309836714,1.0,8.0,0.04988922099851558
04-20,0.0,0.0,0.0,0.0,0.0,0.0,0.0,0.0,0.0,0.0,0.5487814309836714,1.0,8.0,0.04988922099851558
04-21,0.0,0.0,0.0,0.0,0.0,0.0,0.0,0.0,0.0,0.0,0.5487814309836714,1.0,8.0,0.04988922099851558
04-22,0.0,0.0,0.0,0.0,0.0,0.0,0.0,0.0,0.0,0.0,1.7073096695715915,1.0,8.0,0.15520996996105377
04-23,0.0,0.0,0.0,0.0,0.0,0.0,0.0,0.0,0.0,0.0,1.7073096695715915,1.0,8.0,0.15520996996105377
04-24,0.0,0.0,0.0,0.0,0.0,0.0,0.0,0.0,0.0,3.389830508474576,1.7073096695715915,2.0,7.0,0.4633763798223789
04-25,0.0,0.0,0.0,0.0,0.0,0.0,0.0,0.0,0.0,8.064516129032258,1.7073096695715915,2.0,7.0,0.8883477998730772
04-26,0.0,0.0,0.0,0.0,0.0,0.0,0.0,0.0,0.0,8.064516129032258,1.7073096695715915,2.0,7.0,0.8883477998730772
04-27,0.0,0.0,0.0,0.0,0.0,0.0,0.0,0.0,0.0,8.064516129032258,1.7073096695715915,2.0,7.0,0.8883477998730772
04-28,0.0,0.0,0.0,0.0,0.0,0.0,0.0,0.0,0.0,8.064516129032258,0.0,1.0,8.0,0.7331378299120235
04-29,0.0,0.0,0.0,0.0,0.0,0.0,0.0,0.0,0.0,8.064516129032258,0.0,1.0,8.0,0.7331378299120235
04-30,0.0,0.0,0.0,0.0,0.0,0.0,0.0,0.0,0.0,8.064516129032258,0.0,1.0,8.0,0.7331378299120235
05-01,0.0,0.0,0.0,0.0,0.0,0.0,0.0,0.0,0.0,8.064516129032258,0.0,1.0,8.0,0.7331378299120235
05-02,0.0,0.0,0.0,0.0,0.0,0.0,0.0,0.0,0.0,8.064516129032258,0.0,1.0,8.0,0.7331378299120235
05-03,0.0,0.0,0.0,0.0,0.0,0.0,0.0,0.0,7.4074074074074066,8.064516129032258,0.0,2.0,7.0,1.4065385033126967
05-04,0.0,0.0,0.0,0.0,0.0,0.0,0.0,0.0,7.4074074074074066,8.064516129032258,0.0,2.0,7.0,1.4065385033126967
05-05,0.0,0.0,0.0,0.0,0.0,0.0,0.0,0.0,7.4074074074074066,8.064516129032258,0.0,2.0,7.0,1.4065385033126967
05-06,0.0,0.0,0.0,0.0,0.0,0.0,0.0,0.0,7.4074074074074066,8.064516129032258,0.0,2.0,7.0,1.4065385033126967
05-07,0.0,0.0,0.0,0.0,0.0,0.0,0.0,0.0,7.4074074074074066,4.838709677419355,0.0,2.0,7.0,1.1132833713478874
05-08,0.0,0.0,0.0,0.0,0.0,0.0,0.0,0.0,7.4074074074074066,0.0,0.0,1.0,8.0,0.6734006734006733
05-09,0.0,0.0,0.0,0.0,0.0,0.0,0.0,0.0,7.4074074074074066,0.0,0.0,1.0,8.0,0.6734006734006733
05-10,0.0,0.0,0.0,0.0,0.0,0.0,0.0,0.0,7.4074074074074066,0.0,0.0,1.0,8.0,0.6734006734006733
05-11,0.0,0.0,0.0,0.0,0.0,0.0,0.0,0.0,7.4074074074074066,0.0,0.0,1.0,9.0,0.6734006734006733
05-12,0.0,0.0,0.0,0.0,4.878044241883012,0.0,0.0,0.0,7.4074074074074066,0.0,0.0,2.0,8.0,1.1168592408445834
05-13,0.0,0.0,0.0,0.0,4.878044241883012,0.0,0.0,0.0,7.4074074074074066,0.0,0.0,2.0,8.0,1.1168592408445834
05-14,0.0,0.0,0.0,0.0,4.878044241883012,0.0,0.0,0.0,7.4074074074074066,0.0,0.0,2.0,8.0,1.1168592408445834
05-15,0.0,0.0,0.0,0.0,4.878044241883012,0.0,0.0,0.0,7.4074074074074066,0.0,0.0,2.0,8.0,1.1168592408445834
05-16,0.0,0.0,0.0,0.0,4.878044241883012,0.0,0.0,0.0,0.0,0.0,0.0,1.0,9.0,0.4434585674439102
05-17,0.0,0.0,0.0,0.0,4.878044241883012,2.857142857142857,0.0,0.0,0.0,0.0,0.0,2.0,8.0,0.70319882718417
05-18,0.0,0.0,0.0,0.0,4.878044241883012,2.857142857142857,0.0,0.0,0.0,0.0,0.0,2.0,8.0,0.70319882718417
05-19,0.0,0.0,0.0,0.0,4.878044241883012,2.857142857142857,0.0,0.0,0.0,0.0,0.0,2.0,8.0,0.70319882718417
05-20,0.0,0.0,0.0,0.0,4.878044241883012,2.857142857142857,0.0,0.0,0.0,0.0,0.0,2.0,8.0,0.70319882718417
05-21,0.0,0.0,0.0,0.0,4.878044241883012,2.857142857142857,0.0,0.0,0.0,0.0,0.0,2.0,8.0,0.70319882718417
05-22,0.0,0.0,0.0,0.0,0.0,2.857142857142857,0.0,0.0,0.0,0.0,0.0,1.0,9.0,0.25974025974025977
05-23,0.0,0.0,0.0,0.0,0.0,2.857142857142857,0.0,0.0,0.0,0.0,0.0,1.0,9.0,0.25974025974025977
05-24,0.0,0.0,0.0,0.0,0.0,2.857142857142857,0.0,0.0,0.0,0.0,0.0,1.0,9.0,0.25974025974025977
05-25,0.0,0.0,0.0,0.0,0.0,2.857142857142857,0.0,0.0,0.0,0.0,0.0,1.0,9.0,0.25974025974025977
05-26,0.0,0.0,0.0,0.0,0.0,2.857142857142857,0.0,0.0,0.0,0.0,0.0,1.0,9.0,0.25974025974025977
05-27,0.0,0.0,0.0,0.0,0.0,2.857142857142857,0.0,0.0,0.0,0.0,0.0,1.0,9.0,0.25974025974025977
05-28,0.0,0.0,0.0,0.0,0.0,0.0,0.0,0.0,0.0,0.0,0.0,0.0,10.0,0.0
05-29,0.0,0.0,0.0,0.0,-2.3720296498646385,0.0,0.0,0.0,0.0,0.0,0.0,0.0,10.0,-0.2156390590786035
05-30,0.0,0.0,0.0,0.0,-2.3720296498646385,0.0,0.0,0.0,0.0,0.0,0.0,0.0,10.0,-0.2156390590786035
05-31,0.0,0.0,0.0,0.0,-2.3720296498646385,0.0,0.0,0.0,0.0,0.0,0.0,0.0,10.0,-0.2156390590786035
06-01,0.0,0.0,0.0,0.0,-1.7369650416853857,0.0,0.0,0.0,0.0,0.0,0.0,0.0,10.0,-0.1579059128804896
06-02,0.0,0.0,0.0,0.0,-1.7369650416853857,0.0,0.0,0.0,0.0,0.0,0.0,0.0,10.0,-0.1579059128804896
06-03,0.0,0.0,0.0,0.0,-1.7369650416853857,0.0,0.0,0.0,0.0,0.0,0.0,0.0,10.0,-0.1579059128804896
06-04,0.0,0.0,0.0,0.0,-1.7369650416853857,0.0,0.0,0.0,0.0,0.0,0.0,0.0,9.0,-0.1579059128804896
06-05,0.0,0.0,0.0,0.0,-1.7369650416853857,0.0,0.0,0.0,0.0,0.0,0.0,0.0,9.0,-0.1579059128804896
06-06,0.0,0.0,0.0,0.0,-1.7369650416853857,0.0,0.0,0.0,0.0,0.0,0.0,0.0,10.0,-0.1579059128804896
06-07,0.0,0.0,0.0,0.0,-1.7369650416853857,0.0,0.0,0.0,0.0,0.0,0.0,0.0,10.0,-0.1579059128804896
06-08,0.0,0.0,0.0,0.0,-1.7369650416853857,0.0,0.0,0.0,0.0,0.0,0.0,0.0,10.0,-0.1579059128804896
06-09,0.0,0.0,0.0,0.0,-1.7369650416853857,0.0,0.0,0.0,0.0,0.0,0.0,0.0,10.0,-0.1579059128804896
06-10,0.0,0.0,0.0,0.0,-1.7369650416853857,0.0,0.0,0.0,0.0,3.125,0.0,1.0,9.0,0.12618499621041948
06-11,0.0,0.0,0.0,0.0,0.6203497286820595,0.0,0.0,0.0,0.0,3.125,0.0,2.0,8.0,0.3404863389710963
06-12,0.0,0.0,0.0,0.0,0.0,0.0,0.0,0.0,0.0,3.125,0.0,1.0,9.0,0.2840909090909091
06-13,0.0,0.0,0.0,0.0,0.0,0.0,0.0,0.0,0.0,3.125,0.0,1.0,9.0,0.2840909090909091
06-14,0.0,0.0,0.0,0.0,0.0,-2.941176470588235,0.0,0.0,0.0,3.125,0.0,1.0,9.0,0.016711229946524086
06-15,0.0,0.0,0.0,0.0,0.0,-2.941176470588235,0.0,0.0,0.0,3.125,0.0,1.0,9.0,0.016711229946524086
06-16,0.0,0.0,0.0,0.0,0.0,0.5681839733083904,0.0,0.0,0.0,3.125,0.0,2.0,8.0,0.33574399757349005
06-17,0.0,0.0,0.0,0.0,0.0,0.5681839733083904,0.0,0.0,0.0,3.125,0.0,2.0,8.0,0.33574399757349005
06-18,0.0,0.0,0.0,0.0,0.0,0.5681839733083904,0.0,0.0,0.0,3.125,0.0,2.0,8.0,0.33574399757349005
06-19,0.0,0.0,0.0,0.0,0.0,0.5681839733083904,0.0,0.0,0.0,3.125,0.0,2.0,8.0,0.33574399757349005
06-20,0.0,0.0,0.0,0.0,0.0,0.5681839733083904,0.0,0.0,0.07402093791573246,3.125,0.0,3.0,7.0,0.3424731737476475
06-21,0.0,0.0,0.0,0.0,0.0,0.5681839733083904,0.0,0.0,0.07402093791573246,0.0,0.0,2.0,8.0,0.05838226465673845
06-22,0.0,0.0,0.0,0.0,0.0,0.5681839733083904,0.0,0.0,0.07402093791573246,0.0,0.0,2.0,7.0,0.05838226465673845
06-23,0.0,0.0,0.0,0.0,0.0,-1.1560738252000002,0.0,0.0,0.07402093791573246,0.0,0.0,1.0,8.0,-0.09836844429856981
06-24,0.0,0.0,3.4482758620689653,0.0,0.0,-1.1560738252000002,0.0,0.0,0.07402093791573246,0.0,0.0,2.0,7.0,0.21511117952588163
06-25,0.0,0.0,3.4482758620689653,0.0,0.0,1.734099712662857,0.0,0.0,0.07402093791573246,0.0,0.0,3.0,6.0,0.477854228422505
06-26,0.0,0.0,3.4482758620689653,0.0,0.0,1.734099712662857,0.0,0.0,0.07402093791573246,0.0,0.0,3.0,6.0,0.477854228422505
06-27,0.0,0.0,3.4482758620689653,0.0,0.0,-1.73411073779999,0.0,0.0,0.07402093791573246,0.0,0.0,2.0,7.0,0.16256236928951887
06-28,0.0,0.0,3.4482758620689653,0.0,0.0,-1.73411073779999,0.0,0.0,0.07402093791573246,0.0,0.0,2.0,8.0,0.16256236928951887
06-29,0.0,0.0,3.4482758620689653,0.0,0.0,-1.73411073779999,0.0,0.0,0.07402093791573246,0.0,0.0,2.0,8.0,0.16256236928951887
06-30,0.0,0.0,3.4482758620689653,0.0,0.0,-1.73411073779999,0.0,0.0,0.0,0.0,0.0,1.0,9.0,0.1558331931153614
07-01,0.0,0.0,3.4482758620689653,0.0,0.0,-1.73411073779999,0.0,0.0,0.0,0.0,0.0,1.0,9.0,0.1558331931153614
07-02,0.0,0.0,3.4482758620689653,0.0,0.0,-1.73411073779999,0.0,0.0,0.0,0.0,0.0,1.0,9.0,0.1558331931153614
07-03,0.0,0.0,3.4482758620689653,0.0,0.0,0.0,0.0,0.0,0.0,0.0,0.0,1.0,9.0,0.3134796238244514
07-05,0.0,0.0,0.0,-4.415586506622761,0.0,0.0,0.0,0.0,0.29520266634667686,0.0,0.0,1.0,10.0,-0.3745803491160076
07-06,0.0,0.0,0.0,-4.415586506622761,0.0,0.0,0.0,5.5999984741210795,0.29520266634667686,0.0,0.0,2.0,9.0,0.13451042125863596
07-07,0.0,0.0,0.0,-4.415586506622761,0.0,0.0,0.0,5.5999984741210795,0.29520266634667686,0.0,0.0,2.0,9.0,0.13451042125863596
07-08,0.0,0.0,0.0,-4.415586506622761,0.0,0.0,0.0,5.5999984741210795,0.29520266634667686,0.0,2.3809502184254883,3.0,8.0,0.3509604411154985
07-09,0.0,0.0,0.0,-4.415586506622761,0.0,0.0,0.0,5.5999984741210795,0.29520266634667686,0.0,2.3809502184254883,3.0,8.0,0.3509604411154985
07-10,0.0,0.0,0.0,-4.415586506622761,0.0,0.0,0.0,5.5999984741210795,0.29520266634667686,0.0,2.3809502184254883,3.0,8.0,0.3509604411154985
07-11,0.0,0.0,0.0,-4.415586506622761,0.0,0.0,0.0,5.5999984741210795,0.29520266634667686,0.0,2.3809502184254883,3.0,8.0,0.3509604411154985
07-12,0.0,0.0,0.0,-4.415586506622761,0.0,0.0,0.0,5.5999984741210795,0.29520266634667686,0.0,2.3809502184254883,3.0,8.0,0.3509604411154985
07-13,0.0,0.0,0.0,-4.415586506622761,0.0,0.0,0.0,5.5999984741210795,0.29520266634667686,0.0,2.3809502184254883,3.0,8.0,0.3509604411154985
07-14,0.0,0.0,0.0,-4.415586506622761,0.0,0.0,0.0,5.5999984741210795,0.29520266634667686,0.0,2.3809502184254883,3.0,8.0,0.3509604411154985
07-15,0.0,0.0,0.0,-4.415586506622761,0.0,0.0,0.0,5.5999984741210795,0.29520266634667686,0.0,2.3809502184254883,3.0,8.0,0.3509604411154985
07-16,0.0,0.0,0.0,-4.415586506622761,0.0,0.0,0.0,5.5999984741210795,0.29520266634667686,0.0,2.3809502184254883,3.0,8.0,0.3509604411154985
07-17,0.0,0.0,0.0,0.0,0.0,0.0,0.0,5.5999984741210795,0.0,0.23382934109267914,2.3809502184254883,3.0,8.0,0.7467980030581134
07-18,0.0,0.0,0.0,0.0,0.0,0.0,0.0,5.5999984741210795,0.0,0.23382934109267914,2.3809502184254883,3.0,8.0,0.7467980030581134
07-19,0.0,0.0,0.0,0.0,0.0,0.0,0.0,0.0,0.0,0.23382934109267914,2.3809502184254883,2.0,9.0,0.23770723268346974
07-20,0.0,0.0,0.0,0.0,0.0,0.0,0.0,0.0,0.0,0.23382934109267914,2.3809502184254883,2.0,8.0,0.23770723268346974
07-21,0.0,0.0,0.0,0.0,0.0,0.0,0.0,0.0,0.0,0.23382934109267914,0.0,1.0,9.0,0.021257212826607193
07-22,0.0,0.0,0.0,0.0,0.0,0.0,0.0,0.0,0.0,0.23382934109267914,0.0,1.0,9.0,0.021257212826607193
07-23,0.0,0.0,0.0,0.0,0.0,0.0,0.0,0.0,0.0,0.23382934109267914,0.0,1.0,9.0,0.021257212826607193
07-24,0.0,0.0,0.0,0.0,0.0,0.0,0.0,0.0,0.0,0.23382934109267914,0.0,1.0,9.0,0.021257212826607193
07-25,0.0,0.0,0.0,0.0,0.0,0.0,0.0,0.0,0.0,0.23382934109267914,0.0,1.0,9.0,0.021257212826607193
07-26,0.0,0.0,0.0,0.0,0.0,0.0,0.0,0.0,0.0,0.23382934109267914,0.0,1.0,9.0,0.021257212826607193
07-27,0.0,0.0,0.0,0.0,0.0,0.0,0.0,0.0,0.0,0.23382934109267914,0.0,1.0,9.0,0.021257212826607193
07-28,0.0,0.0,0.0,0.0,0.0,0.0,0.0,0.0,0.0,0.23382934109267914,0.0,1.0,9.0,0.021257212826607193
07-29,0.0,0.0,0.0,0.0,0.0,3.3519575098124763,0.0,0.0,0.0,0.23382934109267914,0.0,2.0,8.0,0.3259806228095596
07-30,0.0,0.0,0.0,0.0,0.0,3.3519575098124763,0.0,0.0,0.0,0.0,0.0,1.0,9.0,0.3047234099829524
07-31,0.0,0.0,0.0,0.0,0.0,3.3519575098124763,0.0,0.0,5.244755174800162,0.0,0.0,2.0,8.0,0.7815193349647853
08-01,0.0,0.0,0.0,0.0,0.0,3.3519575098124763,0.0,0.0,5.244755174800162,0.0,0.0,2.0,8.0,0.7815193349647853
08-02,0.0,0.0,0.0,0.0,0.0,3.3519575098124763,0.0,0.0,5.244755174800162,0.0,0.0,2.0,8.0,0.7815193349647853
08-03,0.0,0.0,0.0,0.0,0.0,3.3519575098124763,0.0,0.0,5.244755174800162,0.0,0.0,2.0,8.0,0.7815193349647853
08-04,0.0,0.0,0.0,0.0,0.0,3.3519575098124763,0.0,0.0,5.244755174800162,0.0,0.0,2.0,8.0,0.7815193349647853
08-05,0.0,0.0,0.0,0.0,0.0,3.3519575098124763,0.0,0.0,5.244755174800162,5.661762461942785,0.0,3.0,7.0,1.2962250133232203
08-06,0.0,0.0,0.0,0.0,0.0,3.3519575098124763,0.0,0.0,5.244755174800162,5.661762461942785,0.0,3.0,7.0,1.2962250133232203
08-07,0.0,0.0,0.0,0.0,0.0,3.3519575098124763,0.0,0.0,5.7063305591829785,5.661762461942785,0.0,3.0,7.0,1.3381864119034765
08-08,0.0,0.0,0.0,0.0,0.0,3.3519575098124763,0.0,0.0,5.7063305591829785,5.661762461942785,0.0,3.0,7.0,1.3381864119034765
08-09,0.0,0.0,0.0,0.0,0.0,3.3519575098124763,0.0,0.0,5.7063305591829785,5.661762461942785,0.0,3.0,7.0,1.3381864119034765
08-10,0.0,0.0,0.0,0.0,0.0,3.3519575098124763,0.0,0.0,5.7063305591829785,5.661762461942785,0.0,3.0,7.0,1.3381864119034765
08-11,0.0,0.0,0.0,0.0,0.0,0.0,0.0,0.0,0.48712383703330525,5.661762461942785,0.0,2.0,8.0,0.558989663543281
08-12,0.0,0.0,0.0,0.0,0.0,0.0,0.0,0.0,0.48712383703330525,5.661762461942785,0.0,2.0,8.0,0.558989663543281
08-13,0.0,0.0,0.0,0.0,0.0,0.0,0.0,0.0,0.48712383703330525,5.661762461942785,0.0,2.0,8.0,0.558989663543281
08-14,0.0,0.0,0.0,0.0,0.0,0.0,0.0,0.0,0.48712383703330525,5.661762461942785,0.0,2.0,8.0,0.558989663543281
08-15,0.0,0.0,0.0,0.0,0.0,0.0,0.0,0.0,0.48712383703330525,5.661762461942785,0.0,2.0,8.0,0.558989663543281
08-16,0.0,0.0,0.0,0.0,0.0,0.0,0.0,0.0,0.48712383703330525,0.0,0.0,1.0,9.0,0.044283985184845935
08-17,0.0,0.0,0.0,0.0,0.0,0.0,0.0,0.0,0.48712383703330525,0.0,0.0,1.0,9.0,0.044283985184845935
08-18,0.0,0.0,0.0,0.0,0.0,0.0,0.0,0.0,0.0,0.0,0.0,0.0,10.0,0.0
08-19,0.0,0.0,0.0,0.0,0.0,0.0,0.0,0.0,0.0,0.0,0.0,0.0,10.0,0.0
08-20,0.0,0.0,0.0,0.0,0.0,0.0,0.0,0.0,0.0,0.0,0.0,0.0,10.0,0.0
08-21,0.0,0.0,0.0,0.0,0.0,0.0,0.0,0.0,0.0,0.0,0.0,0.0,10.0,0.0
08-22,0.0,0.0,0.0,0.0,0.0,0.0,0.0,0.0,-0.4192834673864386,0.0,0.0,0.0,10.0,-0.0381166788533126
08-23,0.0,0.0,0.0,0.0,0.0,0.0,1.960782480441495,0.0,-0.4192834673864386,0.0,0.0,1.0,9.0,0.14013627391409605
08-24,0.0,0.0,0.0,0.0,0.0,0.0,1.960782480441495,0.0,-0.4192834673864386,0.0,5.352116974306778,2.0,8.0,0.6266923624874395
08-25,0.0,0.0,0.0,0.0,0.0,0.0,1.960782480441495,0.0,-0.4192834673864386,0.0,5.352116974306778,2.0,8.0,0.6266923624874395
08-26,0.0,0.0,0.0,0.0,0.0,0.0,1.960782480441495,0.0,-0.4192834673864386,0.0,5.352116974306778,2.0,8.0,0.6266923624874395
08-27,0.0,0.0,0.0,0.0,0.0,0.0,1.960782480441495,0.0,-0.4192834673864386,0.0,5.352116974306778,2.0,8.0,0.6266923624874395
08-28,0.0,0.0,0.0,0.0,0.0,0.0,1.960782480441495,0.0,-0.4192834673864386,0.0,5.352116974306778,2.0,8.0,0.6266923624874395
08-29,0.0,0.0,0.0,0.0,0.0,0.0,1.960782480441495,0.0,-0.4192834673864386,0.0,5.352116974306778,2.0,8.0,0.6266923624874395
08-30,0.0,0.0,0.0,0.0,0.0,0.0,1.960782480441495,0.0,-0.4192834673864386,0.0,5.352116974306778,2.0,8.0,0.6266923624874395
08-31,0.0,0.0,0.0,0.0,0.0,0.0,1.960782480441495,0.0,-0.4192834673864386,0.0,5.352116974306778,2.0,8.0,0.6266923624874395
09-01,0.0,0.0,0.0,0.0,0.0,0.0,1.960782480441495,0.0,0.0,0.0,5.352116974306778,2.0,8.0,0.664809041340752
09-02,0.0,0.0,0.0,0.0,0.0,0.0,0.0,0.0,0.0,0.0,5.352116974306778,1.0,9.0,0.4865560885733435
09-03,0.0,0.0,0.0,0.0,0.0,0.0,0.0,0.0,0.0,0.0,0.0,0.0,10.0,0.0
09-04,0.0,0.0,0.0,0.0,0.0,0.0,0.0,0.0,1.986301056684179,0.0,0.0,1.0,9.0,0.18057282333492536
09-05,0.0,0.0,0.0,0.0,0.0,0.0,0.0,0.0,1.986301056684179,0.0,0.0,1.0,8.0,0.18057282333492536
09-06,0.0,0.0,0.0,0.0,0.0,0.0,0.0,0.0,1.986301056684179,0.0,0.0,1.0,8.0,0.18057282333492536
09-07,0.0,0.0,0.0,0.0,0.0,0.0,0.0,0.0,1.986301056684179,0.0,0.0,1.0,8.0,0.18057282333492536
09-08,0.0,0.0,0.0,3.75000238418578,0.0,0.0,0.0,0.0,1.986301056684179,0.0,0.0,2.0,7.0,0.5214821309881781
09-09,0.0,0.0,0.0,3.75000238418578,0.0,0.0,0.0,0.0,1.986301056684179,0.0,0.0,2.0,7.0,0.5214821309881781
09-10,0.0,0.0,0.0,3.75000238418578,0.0,0.0,0.0,0.0,1.986301056684179,0.0,0.0,2.0,7.0,0.5214821309881781
09-11,0.0,0.0,0.0,3.75000238418578,0.0,0.0,0.0,0.0,1.986301056684179,0.0,0.0,2.0,7.0,0.5214821309881781
09-12,0.0,0.0,0.0,3.75000238418578,0.0,0.0,0.0,0.0,1.986301056684179,0.0,0.0,2.0,7.0,0.5214821309881781
09-13,0.0,0.0,0.0,3.75000238418578,0.0,0.0,0.0,0.0,1.986301056684179,0.0,0.0,2.0,7.0,0.5214821309881781
09-14,0.0,0.0,0.0,3.75000238418578,0.0,0.0,0.0,0.0,1.986301056684179,0.0,0.0,2.0,7.0,0.5214821309881781
09-15,0.0,0.0,0.0,3.75000238418578,0.0,0.0,0.0,0.0,0.0,0.0,0.0,1.0,8.0,0.3409093076532527
09-16,0.0,0.0,0.0,3.75000238418578,0.0,0.0,0.0,0.0,0.0,0.0,0.0,1.0,8.0,0.3409093076532527
09-17,0.0,0.0,0.0,3.75000238418578,0.0,0.0,0.0,0.0,0.0,0.0,0.0,1.0,8.0,0.3409093076532527
09-18,0.0,0.0,0.0,3.75000238418578,0.0,0.0,0.0,0.0,0.0,0.0,0.0,1.0,8.0,0.3409093076532527
09-19,0.0,0.0,0.0,0.0,0.0,0.0,0.0,0.0,0.0,0.0,0.0,0.0,9.0,0.0
09-20,0.0,0.0,0.0,0.0,0.0,0.0,0.0,0.0,0.0,0.0,0.0,0.0,9.0,0.0
09-21,0.0,0.0,0.0,0.0,0.0,0.0,0.0,0.0,0.0,0.0,0.0,0.0,9.0,0.0
09-22,0.0,0.0,0.0,0.0,0.0,0.0,0.0,0.0,0.0,0.0,0.0,0.0,9.0,0.0
09-23,0.0,0.0,0.0,0.0,0.0,0.0,0.0,0.0,0.0,7.356950154796669,0.0,1.0,8.0,0.6688136504360608
09-24,0.0,0.0,0.0,-3.626945821476487,0.0,0.0,0.0,0.0,0.0,7.356950154796669,0.0,1.0,8.0,0.33909130302910745
09-25,0.0,0.0,0.0,-3.626945821476487,0.0,0.0,0.0,0.0,0.0,7.356950154796669,0.0,1.0,8.0,0.33909130302910745
09-26,0.0,0.0,0.0,-3.626945821476487,0.0,0.0,0.0,0.0,0.0,7.356950154796669,0.0,1.0,8.0,0.33909130302910745
09-27,0.0,0.0,0.0,-3.626945821476487,0.0,0.0,0.0,0.0,0.0,7.356950154796669,0.0,1.0,8.0,0.33909130302910745
09-28,0.0,0.0,0.0,-3.626945821476487,0.0,0.0,0.0,0.0,0.0,7.356950154796669,0.0,1.0,8.0,0.33909130302910745
09-29,0.0,0.0,0.0,-3.626945821476487,0.0,0.0,0.0,0.0,0.0,7.356950154796669,0.0,1.0,8.0,0.33909130302910745
09-30,0.0,0.0,0.0,-3.626945821476487,0.0,0.0,0.0,0.0,0.0,7.356950154796669,0.0,1.0,8.0,0.33909130302910745
10-01,0.0,0.0,0.0,-3.626945821476487,0.0,0.0,0.0,0.0,0.0,7.356950154796669,0.0,1.0,8.0,0.33909130302910745
10-02,0.0,0.0,0.0,-3.626945821476487,0.0,0.0,0.0,0.0,0.0,7.356950154796669,0.0,1.0,8.0,0.33909130302910745
10-03,0.0,0.0,0.0,-3.626945821476487,0.0,0.0,0.0,0.0,0.0,7.356950154796669,0.0,1.0,8.0,0.33909130302910745
10-04,0.0,0.0,0.0,-3.626945821476487,0.0,0.0,0.0,0.0,0.3412917294366655,0.0,0.0,1.0,8.0,-0.29869582654907467
10-05,0.0,0.0,0.0,0.0,0.0,0.0,0.0,0.0,0.3412917294366655,0.0,0.0,1.0,8.0,0.031026520857878683
10-06,0.0,0.0,0.0,0.0,0.0,0.0,0.0,0.0,0.3412917294366655,0.0,0.0,1.0,8.0,0.031026520857878683
10-07,0.0,0.0,0.0,0.0,0.0,0.0,0.0,0.0,0.3412917294366655,0.0,0.0,1.0,8.0,0.031026520857878683
10-08,0.0,0.0,0.0,0.0,0.0,0.0,0.0,0.0,0.3412917294366655,0.0,0.0,1.0,8.0,0.031026520857878683
10-09,0.0,0.0,0.0,0.0,0.0,0.0,0.0,0.0,0.3412917294366655,0.0,0.0,1.0,8.0,0.031026520857878683
10-10,0.0,0.0,0.0,0.0,0.0,0.0,0.0,0.0,0.3412917294366655,0.0,0.0,1.0,8.0,0.031026520857878683
10-11,0.0,0.0,0.0,0.0,0.0,0.0,0.0,0.0,0.3412917294366655,0.0,0.0,1.0,8.0,0.031026520857878683
10-12,0.0,0.0,0.0,0.0,0.0,0.0,0.0,0.0,0.3412917294366655,0.0,0.0,1.0,8.0,0.031026520857878683
10-13,0.0,0.0,0.0,0.0,0.0,0.0,0.0,0.0,0.3412917294366655,0.0,0.0,1.0,8.0,0.031026520857878683
10-14,0.0,0.0,0.0,0.0,0.0,0.0,0.0,0.0,0.3412917294366655,0.0,0.0,1.0,8.0,0.031026520857878683
10-15,0.0,0.0,0.0,0.0,3.4730532766991673,0.0,0.0,0.0,0.3412917294366655,0.0,0.0,2.0,7.0,0.3467586369214393
10-16,0.0,0.0,0.0,0.0,3.4730532766991673,0.0,0.0,0.0,0.3412917294366655,0.0,0.0,2.0,7.0,0.3467586369214393
10-17,0.0,0.0,0.0,0.0,3.4730532766991673,0.0,0.0,0.0,0.0,0.0,0.0,1.0,8.0,0.31573211606356066
10-18,0.0,0.0,0.0,0.0,3.4730532766991673,0.0,5.1162808440452405,0.0,0.0,0.0,-4.411764705882353,2.0,7.0,0.3797790377147322
10-19,0.0,0.0,0.0,0.0,3.4730532766991673,3.243245305241765,5.1162808440452405,0.0,0.0,0.0,-4.411764705882353,3.0,6.0,0.6746195200094381
10-20,0.0,0.0,0.0,0.0,3.4730532766991673,8.205130161383213,5.1162808440452405,0.0,0.0,-1.0462584562449389,-4.411764705882353,3.0,6.0,1.0305855563636663
10-21,0.0,0.0,0.0,0.0,3.4730532766991673,8.205130161383213,5.1162808440452405,0.0,0.0,-1.0462584562449389,-4.411764705882353,3.0,6.0,1.0305855563636663
10-22,0.0,0.0,0.0,0.0,3.4730532766991673,8.205130161383213,5.1162808440452405,0.0,-0.964847604686951,-1.0462584562449389,-4.411764705882353,3.0,6.0,0.9428721377557615
10-23,0.0,0.0,0.0,0.0,3.4730532766991673,8.205130161383213,5.1162808440452405,0.0,-0.964847604686951,0.0,-4.411764705882353,3.0,6.0,1.0379865428689377
10-24,0.0,0.0,0.0,0.0,3.4730532766991673,8.205130161383213,5.1162808440452405,0.0,-0.964847604686951,0.0,-4.411764705882353,3.0,6.0,1.0379865428689377
10-25,0.0,0.0,0.0,0.0,3.4730532766991673,8.205130161383213,5.1162808440452405,0.0,-0.964847604686951,0.0,-9.230769230769232,3.0,6.0,0.5998952224246761
10-26,0.0,0.0,0.0,0.0,3.4730532766991673,8.205130161383213,5.1162808440452405,0.0,-0.964847604686951,0.0,-9.230769230769232,3.0,6.0,0.5998952224246761
10-27,0.0,0.0,0.0,0.0,5.176465651568224,8.205130161383213,5.1162808440452405,0.0,-0.964847604686951,0.0,-9.230769230769232,3.0,6.0,0.7547508928673176
10-28,0.0,0.0,0.0,0.0,1.7647013944737844,8.205130161383213,5.1162808440452405,0.0,-0.964847604686951,0.0,-9.230769230769232,3.0,6.0,0.44459050585873217
10-29,0.0,0.0,0.0,0.0,1.7647013944737844,8.205130161383213,0.0,0.0,2.0066902646308993,0.0,-4.615384615384616,3.0,6.0,0.6691942913730254
10-30,0.0,0.0,0.0,0.0,1.7647013944737844,5.128205128205128,0.0,0.0,2.0066902646308993,0.0,-4.615384615384616,3.0,6.0,0.3894738338113814
10-31,0.0,0.0,0.0,0.0,1.7647013944737844,0.0,0.0,0.0,2.0066902646308993,1.0354252321950048,-4.615384615384616,3.0,6.0,0.01740293417409753
11-01,0.0,0.0,0.0,0.0,1.7647013944737844,0.0,0.0,0.0,2.0066902646308993,1.0354252321950048,-4.615384615384616,3.0,6.0,0.01740293417409753
11-02,0.0,0.0,0.0,0.0,1.7647013944737844,0.0,0.0,0.0,2.9431410434574925,1.0354252321950048,-4.615384615384616,3.0,7.0,0.10253482315833319
11-03,0.0,0.0,0.0,0.0,1.7647013944737844,0.0,0.0,0.0,2.9431410434574925,3.1466674804687496,-4.615384615384616,3.0,7.0,0.2944659366377646
11-04,0.0,0.0,0.0,0.0,1.7647013944737844,0.0,0.0,0.0,2.9431410434574925,3.1466674804687496,-4.615384615384616,3.0,7.0,0.2944659366377646
11-05,0.0,0.0,0.0,0.0,1.7647013944737844,0.0,0.0,0.0,2.9431410434574925,2.133331298828125,0.0,3.0,7.0,0.6219248851599456
11-06,0.0,0.0,0.0,0.0,1.7647013944737844,0.0,0.0,0.0,2.9431410434574925,2.133331298828125,0.0,3.0,7.0,0.6219248851599456
11-07,0.0,0.0,0.0,0.0,0.0,0.0,0.0,0.0,2.9431410434574925,2.133331298828125,0.0,2.0,8.0,0.46149748566232884
11-08,0.0,0.0,0.0,0.0,0.0,0.0,-4.368930106136542,0.0,2.9431410434574925,2.133331298828125,0.0,2.0,8.0,0.06432202146809778
11-09,0.0,0.0,0.0,0.0,0.0,0.0,-4.368930106136542,0.0,0.0,2.133331298828125,0.0,1.0,9.0,-0.20323625520985608
11-10,0.0,0.0,0.0,0.0,0.0,0.0,-4.368930106136542,0.0,0.0,2.133331298828125,0.0,1.0,9.0,-0.20323625520985608
11-11,0.0,0.0,0.0,0.0,0.0,0.0,-4.368930106136542,0.0,0.0,2.133331298828125,0.0,1.0,9.0,-0.20323625520985608
11-12,0.0,0.0,0.0,0.0,0.0,0.0,-4.368930106136542,0.0,0.0,2.133331298828125,0.0,1.0,9.0,-0.20323625520985608
11-13,0.0,0.0,0.0,0.0,0.0,0.0,-4.368930106136542,0.0,0.0,2.133331298828125,0.0,1.0,9.0,-0.20323625520985608
11-14,0.0,0.0,0.0,0.0,0.0,0.0,0.0,0.0,0.0,0.0,0.0,0.0,10.0,0.0
11-15,0.0,0.0,0.0,0.0,0.0,0.0,0.0,0.0,0.0,0.0,0.0,0.0,10.0,0.0
11-16,0.0,0.0,0.0,0.0,0.0,0.0,0.0,0.0,0.0,0.0,0.0,0.0,10.0,0.0
11-17,0.0,0.0,0.0,0.0,0.0,0.0,0.0,0.0,0.0,0.0,0.0,0.0,10.0,0.0
11-18,0.0,0.0,0.0,0.0,0.0,0.0,0.0,0.0,0.0,0.0,0.0,0.0,9.0,0.0
11-19,0.0,0.0,0.0,0.0,0.0,0.0,4.18604473735011,0.0,0.0,0.0,0.0,1.0,8.0,0.3805495215772827
11-20,0.0,0.0,0.0,0.0,0.0,0.0,4.18604473735011,0.0,0.0,0.0,0.0,1.0,8.0,0.3805495215772827
11-21,0.0,0.0,0.0,0.0,0.0,0.0,4.18604473735011,0.0,0.0,0.0,0.0,1.0,8.0,0.3805495215772827
11-22,0.0,0.0,0.0,0.0,0.0,0.0,4.18604473735011,0.0,0.0,0.0,0.0,1.0,8.0,0.3805495215772827
11-23,0.0,0.0,0.0,0.0,0.0,0.0,4.18604473735011,0.0,0.0,0.0,0.0,1.0,8.0,0.3805495215772827
11-24,0.0,0.0,0.0,0.0,0.0,-2.631578947368421,0.0,0.0,0.0,0.0,0.0,0.0,9.0,-0.23923444976076552
11-25,0.0,0.0,0.0,0.0,0.0,-2.631578947368421,0.0,0.0,0.0,0.0,0.0,0.0,9.0,-0.23923444976076552
11-26,0.0,0.0,0.0,0.0,0.0,-2.631578947368421,0.0,0.0,0.0,0.0,0.0,0.0,9.0,-0.23923444976076552
11-27,0.0,0.0,0.0,0.0,0.0,-2.631578947368421,0.0,0.0,0.0,0.0,0.0,0.0,9.0,-0.23923444976076552
11-28,0.0,0.0,0.0,0.0,0.0,-2.631578947368421,0.0,0.0,0.0,0.5305059917560042,0.0,1.0,8.0,-0.1910066323284015
11-29,0.0,0.0,0.0,0.0,0.0,-2.631578947368421,0.0,0.0,0.0,0.5305059917560042,0.0,1.0,8.0,-0.1910066323284015
11-30,0.0,0.0,0.0,0.0,0.0,-2.631578947368421,0.0,0.0,0.0,0.5305059917560042,0.0,1.0,8.0,-0.1910066323284015
12-01,0.0,0.0,0.0,0.0,0.0,-2.631578947368421,0.0,0.0,0.0,0.5305059917560042,0.0,1.0,8.0,-0.1910066323284015
12-02,0.0,0.0,0.0,0.0,0.0,-2.631578947368421,0.0,0.0,0.0,0.5305059917560042,0.0,1.0,8.0,-0.1910066323284015
12-03,0.0,0.0,0.0,0.0,0.0,-2.631578947368421,0.0,0.0,0.0,0.5305059917560042,0.0,1.0,8.0,-0.1910066323284015
12-04,0.0,0.0,0.0,0.0,0.0,-2.631578947368421,0.0,0.0,0.0,0.5305059917560042,0.0,1.0,8.0,-0.1910066323284015
12-05,0.0,0.0,0.0,0.0,0.0,0.0,0.0,0.0,0.0,0.5305059917560042,0.0,1.0,8.0,0.04822781743236402
12-06,0.0,0.0,0.0,0.0,0.0,0.0,0.0,0.0,0.0,0.5305059917560042,0.0,1.0,8.0,0.04822781743236402
12-07,0.0,0.0,0.0,0.0,0.0,0.0,0.0,0.0,0.0,0.5305059917560042,0.0,1.0,8.0,0.04822781743236402
12-08,0.0,0.0,0.0,1.025646135730093,0.0,0.0,0.0,0.0,0.0,0.5305059917560042,0.0,2.0,7.0,0.14146837522600883
12-09,0.0,0.0,0.0,1.025646135730093,0.0,0.0,0.0,0.0,-2.7491382356474556,0.5305059917560042,0.0,2.0,7.0,-0.10845328256012349
12-10,0.0,0.0,0.0,1.025646135730093,0.0,0.0,0.0,0.0,-2.7491382356474556,0.5305059917560042,0.0,2.0,7.0,-0.10845328256012349
12-11,0.0,0.0,0.0,1.025646135730093,0.0,0.0,0.0,0.0,-3.1034469604492068,0.0,0.0,1.0,8.0,-0.18889098406537397
12-12,0.0,0.0,0.0,1.025646135730093,0.0,0.0,0.0,0.0,-5.281690211788907,0.2645462331730723,0.0,2.0,7.0,-0.36286344026234013
12-13,0.0,0.0,0.0,1.025646135730093,0.0,0.0,0.0,0.0,-5.281690211788907,0.2645462331730723,0.0,2.0,7.0,-0.36286344026234013
12-14,0.0,0.0,0.0,1.025646135730093,0.0,0.0,0.0,0.0,-5.281690211788907,0.2645462331730723,0.0,2.0,7.0,-0.36286344026234013
12-15,0.0,0.0,0.0,1.025646135730093,0.0,0.0,0.0,0.0,-5.281690211788907,0.2645462331730723,0.0,2.0,7.0,-0.36286344026234013
12-16,0.0,0.0,0.0,1.025646135730093,0.0,0.0,0.0,0.0,-5.281690211788907,0.2645462331730723,0.0,2.0,7.0,-0.36286344026234013
12-17,0.0,0.0,0.0,1.025646135730093,0.0,0.0,0.0,0.0,-5.281690211788907,0.2645462331730723,0.0,2.0,7.0,-0.36286344026234013
12-18,0.0,0.0,0.0,1.025646135730093,0.0,0.0,0.0,0.0,-5.281690211788907,0.2645462331730723,0.0,2.0,7.0,-0.36286344026234013
12-19,0.0,0.0,0.0,0.0,0.0,0.0,0.0,0.0,-5.281690211788907,0.7894716764751234,0.0,1.0,8.0,-0.4083835032103439
12-20,0.0,0.0,0.0,0.0,0.0,0.0,0.0,0.0,-2.464791451908076,0.7894716764751234,0.0,1.0,8.0,-0.15230179776663205
12-21,0.0,0.0,0.0,0.0,0.0,0.0,0.0,0.0,-2.1126774279188556,0.7894716764751234,0.0,1.0,8.0,-0.1202914319494302
12-22,0.0,0.0,0.0,0.0,0.0,0.0,0.0,0.0,0.0,0.7894716764751234,0.0,1.0,8.0,0.0717701524068294
12-23,0.0,0.0,0.0,0.0,0.0,0.0,0.0,0.0,0.0,0.7894716764751234,0.0,1.0,8.0,0.0717701524068294
12-24,0.0,0.0,0.0,0.0,0.0,0.0,0.0,0.0,0.0,0.5263177972090871,0.0,1.0,8.0,0.047847072473553375
12-26,0.0,0.0,0.0,0.0,0.0,0.0,0.0,0.0,0.0,0.5263177972090871,0.0,1.0,8.0,0.047847072473553375
12-27,0.0,0.0,0.0,0.0,0.0,0.0,0.0,0.0,0.0,0.5263177972090871,0.0,1.0,8.0,0.047847072473553375
12-28,0.0,0.0,0.0,0.0,0.0,0.0,0.0,0.0,0.0,0.5263177972090871,0.0,1.0,8.0,0.047847072473553375
12-29,0.0,0.0,0.0,0.0,0.0,0.0,0.0,0.0,0.0,0.7873996038722082,0.0,1.0,8.0,0.07158178217020074
12-30,0.0,0.0,0.0,0.0,0.0,0.0,0.0,0.0,0.0,0.7873996038722082,0.0,1.0,8.0,0.07158178217020074
12-31,0.0,0.0,0.0,0.0,0.0,0.0,0.0,0.0,0.0,0.2624631971810087,0.0,1.0,8.0,0.023860290652818972
