,2010,2011,2012,2013,2014,2015,2016,2017,2018,2019,2020,ups,downs,end_day_sum,avg
01-02,0.0,0.0,0.0,301.0771484375,171.10400390625,-27.07080078125,-382.95947265625,18.4091796875,-85.20361328125,-136.4658203125,690.29541015625,4.0,6.0,01-17,49.92600319602273
01-03,0.0,0.0,0.0,301.0771484375,152.291748046875,0.0,-382.95947265625,18.4091796875,-120.9541015625,-133.5751953125,690.29541015625,4.0,6.0,01-18,47.68951970880682
01-04,0.0,0.0,0.0,301.0771484375,152.291748046875,0.0,-508.39794921875,520.90185546875,-184.3076171875,-213.875,647.74755859375,4.0,6.0,01-19,65.039794921875
01-05,0.0,-666.2174072265627,0.0,301.0771484375,152.291748046875,362.431640625,-673.0048828125,558.279296875,-184.3076171875,-244.36669921875,647.74755859375,5.0,5.0,01-20,23.084616921164752
01-06,0.0,-666.2174072265627,0.0,301.0771484375,116.314208984375,362.431640625,-397.72216796875,558.279296875,-184.3076171875,-244.36669921875,647.74755859375,5.0,5.0,01-21,44.839632901278385
01-07,0.0,-666.2174072265627,0.0,211.31884765625,116.314208984375,456.8837890625,-397.72216796875,558.279296875,-16.6171875,-244.36669921875,510.322265625,5.0,5.0,01-22,48.01772238991475
01-08,0.0,-666.2174072265627,0.0,211.31884765625,116.314208984375,456.8837890625,-397.72216796875,334.5751953125,-16.6171875,-93.78759765625,410.80908203125,5.0,5.0,01-23,32.323342063210205
01-09,0.0,-666.2174072265627,0.0,57.35693359375,116.314208984375,456.8837890625,-290.04541015625,334.5751953125,-38.2666015625,-11.2236328125,410.80908203125,5.0,5.0,01-24,33.65328702059657
01-10,0.0,-666.2174072265627,0.0,57.35693359375,26.73095703125,456.8837890625,-290.04541015625,334.5751953125,-38.2666015625,-11.2236328125,410.80908203125,5.0,5.0,01-25,25.509355024857935
01-11,0.0,-666.2174072265627,0.0,13.236328125,26.73095703125,374.71533203125,-290.04541015625,12.306640625,-43.84033203125,-11.2236328125,410.80908203125,5.0,5.0,01-26,-15.775312943892066
01-12,0.0,-666.2174072265627,20.29541015625,13.236328125,26.73095703125,374.71533203125,-290.04541015625,213.79833984375,-43.84033203125,-11.2236328125,576.1103515625,6.0,4.0,01-27,19.414539683948842
01-13,0.0,-666.2174072265627,20.29541015625,13.236328125,26.3017578125,371.849609375,-290.04541015625,213.79833984375,-8.08984375,-104.04736328125,670.009765625,6.0,4.0,01-28,22.4628351384943
01-14,0.0,-666.2174072265627,20.29541015625,13.236328125,26.3017578125,371.849609375,-164.60693359375,-179.59912109375,-8.08984375,-104.04736328125,333.53759765625,5.0,5.0,01-29,-32.48545143821025
01-15,0.0,0.0,20.29541015625,-17.64794921875,-36.40673828125,-152.6806640625,0.0,-179.59912109375,-8.08984375,143.2099609375,159.6875,3.0,7.0,01-30,-6.4755859375
01-16,0.0,0.0,20.29541015625,-17.64794921875,-0.42919921875,-152.6806640625,0.0,-179.59912109375,-8.08984375,140.3193359375,159.6875,3.0,7.0,01-31,-3.467684659090909
01-17,0.0,0.0,20.29541015625,72.1103515625,-0.42919921875,-247.1328125,0.0,-179.59912109375,156.7705078125,401.73828125,159.6875,5.0,5.0,02-01,34.85826526988637
01-18,0.0,0.0,20.29541015625,72.1103515625,-0.42919921875,-376.49072265625,0.0,-216.9765625,-10.919921875,251.1591796875,259.20068359375,4.0,6.0,02-02,-0.1864346590909091
01-19,0.0,0.0,20.29541015625,-30.88427734375,-0.42919921875,-284.13037109375,0.0,6.7275390625,-10.919921875,168.59521484375,259.20068359375,4.0,6.0,02-03,11.677734375
01-20,0.0,0.0,20.29541015625,-30.88427734375,-89.439208984375,-274.1669921875,0.0,6.7275390625,101.5068359375,168.59521484375,200.56201171875,5.0,5.0,02-04,9.381503018465908
01-21,0.0,0.0,20.29541015625,7.94189453125,-89.439208984375,-274.1669921875,0.0,6.7275390625,101.5068359375,33.912109375,-47.4873046875,5.0,5.0,02-05,-21.882701526988637
01-22,0.0,0.0,20.29541015625,7.94189453125,-89.439208984375,-272.984375,0.0,6.7275390625,101.5068359375,33.912109375,6.30859375,6.0,4.0,02-06,-16.884654651988637
01-23,0.0,0.0,20.29541015625,7.94189453125,-89.439208984375,-272.984375,0.0,6.7275390625,101.5068359375,33.912109375,-158.99267578125,5.0,5.0,02-07,-31.912042791193183
01-24,0.0,0.0,20.29541015625,7.94189453125,-89.010009765625,-270.11865234375,0.0,6.7275390625,101.5068359375,126.73583984375,-252.89208984375,5.0,5.0,02-08,-31.71029385653409
01-25,0.0,0.0,0.0,7.94189453125,-89.010009765625,-270.11865234375,0.0,-100.73193359375,101.5068359375,126.73583984375,-252.89208984375,3.0,7.0,02-09,-43.32437411221591
01-26,0.0,0.0,0.0,38.826171875,-89.010009765625,-270.11865234375,0.0,-100.73193359375,101.5068359375,126.73583984375,-136.9365234375,3.0,7.0,02-10,-29.975297407670453
01-27,0.0,225.01354980468773,0.0,38.826171875,-89.010009765625,-270.11865234375,0.0,-100.73193359375,101.5068359375,126.73583984375,-136.9365234375,4.0,6.0,02-11,-9.519520152698844
01-28,0.0,225.01354980468773,0.0,163.245361328125,-2.11376953125,-108.02001953125,120.7333984375,-100.73193359375,-140.7236328125,-9.5380859375,-136.9365234375,3.0,7.0,02-12,0.9934858842329752
01-29,0.0,225.01354980468773,0.0,52.9443359375,-93.48876953125,21.337890625,120.7333984375,-100.73193359375,-140.7236328125,-8.33349609375,-57.1220703125,4.0,6.0,02-13,1.7844793146307025
01-30,0.0,327.7969970703127,112.065673828125,52.9443359375,-93.48876953125,-71.0224609375,120.7333984375,-100.73193359375,-242.23046875,-269.75244140625,-57.1220703125,4.0,6.0,02-14,-20.0734308416193
01-31,0.0,327.7969970703127,112.065673828125,163.245361328125,-4.478759765625,-80.98583984375,120.7333984375,-100.73193359375,-242.23046875,-269.75244140625,1.5166015625,5.0,5.0,02-15,2.470780806107975
02-01,0.0,327.7969970703127,112.065673828125,124.419189453125,-4.478759765625,-80.98583984375,120.7333984375,-13.1748046875,-194.04052734375,-135.0693359375,249.56591796875,5.0,5.0,02-16,46.07562810724434
02-02,0.0,327.7969970703127,112.065673828125,124.419189453125,-4.478759765625,-80.98583984375,120.7333984375,-167.82421875,-194.04052734375,-135.0693359375,249.56591796875,5.0,5.0,02-17,32.01659046519888
02-03,0.0,327.7969970703127,112.065673828125,124.419189453125,-4.478759765625,-80.98583984375,120.7333984375,-167.82421875,-194.04052734375,-135.0693359375,249.56591796875,5.0,5.0,02-18,32.01659046519888
02-04,0.0,327.7969970703127,112.065673828125,84.7109375,-4.478759765625,117.83837890625,120.7333984375,-167.82421875,-194.04052734375,-135.0693359375,130.38330078125,6.0,4.0,02-19,35.64689497514207
02-05,0.0,327.7969970703127,112.065673828125,84.7109375,-4.478759765625,183.7744140625,120.7333984375,-167.82421875,-194.04052734375,-135.0693359375,130.38330078125,6.0,4.0,02-20,41.641079989346615
02-06,0.0,327.7969970703127,70.593017578125,84.7109375,-4.478759765625,183.7744140625,120.7333984375,-167.82421875,-194.04052734375,-135.0693359375,14.427734375,6.0,4.0,02-21,27.329423384232975
02-07,0.0,327.7969970703127,70.593017578125,45.00244140625,-4.478759765625,183.7744140625,120.7333984375,-67.09228515625,-194.04052734375,-135.0693359375,14.427734375,6.0,4.0,02-22,32.8770086115057
02-08,0.0,327.7969970703127,70.593017578125,-79.416748046875,-91.375,106.46484375,180.24658203125,171.69384765625,48.18994140625,1.20458984375,14.427734375,8.0,2.0,02-23,68.16598233309661
02-09,0.0,88.24072265625,120.8896484375,30.88427734375,-33.146484375,106.46484375,180.24658203125,171.69384765625,48.18994140625,0.0,14.427734375,8.0,2.0,02-24,66.17191938920455
02-10,0.0,91.34619140625,8.823974609375,30.88427734375,-7.65087890625,106.46484375,59.51318359375,171.69384765625,48.18994140625,0.0,14.427734375,8.0,2.0,02-25,47.60846502130682
02-11,0.0,91.34619140625,8.823974609375,30.88427734375,291.14501953125,106.46484375,59.51318359375,171.69384765625,48.18994140625,0.0,-65.38671875,8.0,2.0,02-26,67.515869140625
02-12,0.0,91.34619140625,8.823974609375,30.88427734375,291.14501953125,332.267578125,59.51318359375,171.69384765625,48.18994140625,0.0,-331.63037109375,8.0,2.0,02-27,63.83942205255682
02-13,0.0,91.34619140625,8.823974609375,-76.76953125,215.8955078125,332.267578125,59.51318359375,171.69384765625,48.18994140625,0.0,-331.63037109375,7.0,3.0,02-28,47.21184747869318
02-14,0.0,-186.611328125,8.823974609375,-37.061279296875,215.8955078125,214.42919921875,59.51318359375,84.13671875,0.0,0.0,-266.24365234375,5.0,5.0,02-29,8.44384765625
02-15,0.0,-186.611328125,8.823974609375,-37.061279296875,215.8955078125,214.42919921875,91.34521484375,386.83837890625,37.126953125,0.0,-266.24365234375,6.0,4.0,03-01,42.23117897727273
02-16,0.0,-186.611328125,132.378173828125,-37.061279296875,215.8955078125,214.42919921875,164.74462890625,386.83837890625,37.126953125,0.0,-384.88916015625,6.0,4.0,03-02,49.35009765625
02-17,0.0,-186.611328125,132.378173828125,-37.061279296875,215.8955078125,195.91259765625,164.74462890625,386.83837890625,37.126953125,0.0,-384.88916015625,6.0,4.0,03-03,47.66677024147727
02-18,0.0,-186.611328125,132.378173828125,-37.061279296875,215.8955078125,129.9765625,164.74462890625,148.05224609375,37.126953125,0.0,-384.88916015625,6.0,4.0,03-04,19.96475497159091
02-19,0.0,-172.068603515625,132.378173828125,-37.061279296875,215.8955078125,207.2861328125,105.2314453125,148.05224609375,37.126953125,0.0,-384.88916015625,6.0,4.0,03-05,22.904674183238637
02-20,0.0,63.533447265625,132.378173828125,-46.767333984375,362.8115234375,207.2861328125,105.2314453125,148.05224609375,37.126953125,0.0,-384.88916015625,7.0,3.0,03-06,56.79667524857955
02-21,0.0,63.533447265625,52.0615234375,-46.767333984375,337.31591796875,207.2861328125,105.2314453125,148.05224609375,37.126953125,0.0,-384.88916015625,7.0,3.0,03-07,47.17737926136363
02-22,0.0,132.361328125,1.764892578125,-46.767333984375,129.89501953125,117.6103515625,13.56298828125,65.41064453125,37.126953125,0.0,-384.88916015625,7.0,3.0,03-08,6.006880326704546
02-23,0.0,26.472412109375,1.764892578125,-46.767333984375,129.89501953125,133.416015625,13.56298828125,65.41064453125,37.126953125,0.0,-384.88916015625,7.0,3.0,03-09,-2.1825062144886362
02-24,0.0,26.472412109375,1.764892578125,-46.767333984375,129.89501953125,157.64794921875,13.56298828125,65.41064453125,37.126953125,0.0,-199.29150390625,7.0,3.0,03-10,16.89291104403409
02-25,0.0,304.429931640625,1.764892578125,-46.767333984375,129.89501953125,-235.03857421875,13.56298828125,65.41064453125,37.126953125,0.0,-561.9765625,6.0,4.0,03-11,-26.508367365056817
02-26,0.0,304.429931640625,1.764892578125,-49.41455078125,160.353515625,-235.03857421875,-18.26904296875,65.41064453125,37.126953125,0.0,-561.9765625,5.0,5.0,03-12,-26.873890269886363
02-27,0.0,304.429931640625,79.417236328125,-49.41455078125,160.353515625,-235.03857421875,-91.66845703125,65.41064453125,213.23974609375,0.0,-522.3134765625,5.0,5.0,03-13,-6.871271306818182
02-28,0.0,304.429931640625,79.417236328125,-49.41455078125,160.353515625,-216.52197265625,-91.66845703125,-68.85009765625,176.11279296875,0.0,-522.3134765625,4.0,6.0,03-14,-20.76864346590909
02-29,0.0,0.0,-2.664306640625,0.0,0.0,0.0,-91.66845703125,0.0,0.0,0.0,-522.3134765625,0.0,3.0,03-15,-56.05874911221591
03-01,0.0,346.785400390625,-2.664306640625,-49.41455078125,160.353515625,-200.00634765625,-91.66845703125,-68.85009765625,-1.51904296875,0.0,-927.205078125,2.0,8.0,03-16,-75.8353604403409
03-02,0.0,346.785400390625,-2.664306640625,-49.41455078125,160.353515625,-316.2978515625,-91.66845703125,-68.85009765625,-1.51904296875,0.0,-338.67236328125,2.0,8.0,03-17,-32.90434126420455
03-03,0.0,111.183349609375,77.65234375,-49.41455078125,160.353515625,-345.234375,-91.66845703125,-68.85009765625,-1.51904296875,0.0,-338.67236328125,3.0,7.0,03-18,-49.65178888494318
03-04,0.0,111.183349609375,77.65234375,-49.41455078125,160.353515625,-265.11376953125,0.0,-68.85009765625,-1.51904296875,0.0,-363.12548828125,3.0,7.0,03-19,-36.25761274857955
03-05,0.0,42.35546875,77.65234375,121.772216796875,-44.791015625,-175.43798828125,0.0,-68.85009765625,-1.51904296875,475.00537109375,-363.12548828125,4.0,6.0,03-20,5.7328879616477275
03-06,0.0,42.35546875,77.65234375,121.772216796875,-129.89501953125,-191.24365234375,386.92724609375,-68.85009765625,-1.51904296875,475.00537109375,-548.72314453125,5.0,5.0,03-21,14.861971768465908
03-07,0.0,42.35546875,77.65234375,121.772216796875,-129.89501953125,-215.4755859375,386.92724609375,13.79150390625,108.2958984375,475.00537109375,80.20556640625,8.0,2.0,03-22,87.33045543323864
03-08,0.0,42.35546875,55.592041015625,121.772216796875,-129.89501953125,-215.4755859375,386.92724609375,13.79150390625,104.59326171875,475.00537109375,-1139.5048828125,7.0,3.0,03-23,-25.894398082386363
03-09,0.0,42.35546875,-22.060302734375,121.772216796875,-125.41552734375,-215.4755859375,386.92724609375,113.44921875,104.59326171875,475.00537109375,-1139.5048828125,6.0,4.0,03-24,-23.486683238636363
03-10,0.0,42.35546875,-22.060302734375,121.772216796875,-125.41552734375,-48.591796875,386.92724609375,113.44921875,-71.51953125,475.00537109375,-1139.5048828125,5.0,5.0,03-25,-24.32568359375
03-11,0.0,42.35546875,-22.060302734375,121.772216796875,-80.62451171875,-48.591796875,386.92724609375,99.65771484375,-71.51953125,475.00537109375,-1060.5224609375,5.0,5.0,03-26,-14.327325994318182
03-12,0.0,0.0,74.386474609375,164.145263671875,-80.62451171875,77.57275390625,386.92724609375,38.54541015625,-71.51953125,475.00537109375,686.34423828125,7.0,3.0,03-27,159.16206498579547
03-13,0.0,0.0,74.386474609375,164.145263671875,-80.62451171875,193.8642578125,386.92724609375,38.54541015625,23.43505859375,581.201171875,97.8115234375,8.0,2.0,03-28,134.51744495738637
03-14,0.0,0.0,74.386474609375,164.145263671875,-80.62451171875,222.80078125,386.92724609375,38.54541015625,201.06689453125,581.201171875,97.8115234375,8.0,2.0,03-29,153.29638671875
03-15,0.0,0.0,74.386474609375,164.145263671875,-80.62451171875,88.12841796875,386.92724609375,38.54541015625,201.06689453125,581.201171875,462.90283203125,8.0,2.0,03-30,174.2435635653409
03-16,0.0,0.0,74.386474609375,42.373046875,-80.62451171875,88.12841796875,386.92724609375,38.54541015625,201.06689453125,106.19580078125,464.60498046875,8.0,2.0,03-31,120.14579634232955
03-17,0.0,0.0,74.386474609375,42.373046875,-80.62451171875,8.0078125,0.0,38.54541015625,201.06689453125,106.19580078125,122.2646484375,7.0,3.0,04-01,46.56505237926137
03-18,0.0,0.0,74.386474609375,136.77294921875,-80.62451171875,8.0078125,0.0,38.54541015625,201.06689453125,106.19580078125,122.2646484375,7.0,3.0,04-02,55.14686168323863
03-19,0.0,0.0,74.386474609375,291.194091796875,4.4794921875,8.0078125,0.0,38.54541015625,201.06689453125,106.19580078125,1341.97509765625,8.0,2.0,04-03,187.80464311079547
03-20,0.0,120.89013671875,74.386474609375,291.194091796875,0.0,8.0078125,0.0,38.54541015625,91.251953125,220.9560546875,1341.97509765625,8.0,2.0,04-04,198.8370028409091
03-21,0.0,120.89013671875,96.44677734375,159.715576171875,0.0,8.0078125,0.0,1.40185546875,94.95458984375,220.9560546875,1341.97509765625,8.0,2.0,04-05,185.84980912642047
03-22,0.0,120.89013671875,96.44677734375,159.715576171875,0.0,8.0078125,0.0,-186.42919921875,21.69677734375,220.9560546875,1341.97509765625,7.0,3.0,04-06,162.11445756392047
03-23,0.0,120.89013671875,0.0,117.342529296875,0.0,8.0078125,0.0,-125.31689453125,21.69677734375,220.9560546875,1341.97509765625,6.0,4.0,04-07,155.0501376065341
03-24,0.0,120.89013671875,0.0,117.342529296875,0.0,8.0078125,0.0,-125.31689453125,-73.2578125,220.9560546875,1341.97509765625,5.0,5.0,04-08,146.4179021661932
03-25,0.0,120.89013671875,0.0,117.342529296875,-90.9091796875,-134.67236328125,0.0,-125.31689453125,-73.2578125,220.9560546875,0.0,3.0,7.0,04-09,3.1847700639204546
03-26,0.0,120.89013671875,0.0,117.342529296875,-90.9091796875,0.0,0.0,-212.76123046875,-73.2578125,114.76025390625,-365.09130859375,3.0,7.0,04-10,-35.36605557528409
03-27,0.0,120.89013671875,0.0,117.342529296875,-90.9091796875,0.0,0.0,-212.76123046875,-73.2578125,114.76025390625,-366.79345703125,3.0,7.0,04-11,-35.52079634232955
03-28,0.0,120.89013671875,0.0,22.942626953125,-90.9091796875,0.0,0.0,-212.76123046875,64.23681640625,-47.71728515625,0.0,3.0,7.0,04-12,-13.028919566761363
03-29,0.0,442.96826171875,0.0,-131.478515625,-90.9091796875,0.0,0.0,-212.76123046875,64.23681640625,-47.71728515625,0.0,2.0,8.0,04-13,2.212624289772727
03-30,0.0,442.96826171875,0.0,-131.478515625,-90.9091796875,125.34521484375,0.0,-212.76123046875,64.23681640625,-47.71728515625,0.0,3.0,7.0,04-14,13.607643821022727
03-31,0.0,322.078125,0.0,-131.478515625,-90.9091796875,44.677734375,0.0,-212.76123046875,64.23681640625,-46.5126953125,0.0,3.0,7.0,04-15,-4.606267755681818
04-01,0.0,322.078125,0.0,-131.478515625,-90.9091796875,153.7353515625,0.0,-175.61767578125,64.23681640625,-46.5126953125,491.50341796875,4.0,6.0,04-16,53.36687677556818
04-02,0.0,322.078125,0.0,-131.478515625,-90.9091796875,153.7353515625,0.0,-175.61767578125,64.23681640625,-161.27294921875,489.05810546875,4.0,6.0,04-17,42.71182528409091
04-03,0.0,322.078125,0.0,0.0,-90.9091796875,153.7353515625,0.0,-175.61767578125,64.23681640625,-161.27294921875,489.05810546875,4.0,6.0,04-18,54.66441761363637
04-04,0.0,322.078125,0.0,0.0,-90.9091796875,153.7353515625,0.0,-87.4443359375,137.49462890625,-161.27294921875,489.05810546875,4.0,6.0,04-19,69.33997691761364
04-05,0.0,322.078125,0.0,0.0,0.0,153.7353515625,0.0,22.7626953125,137.49462890625,-161.27294921875,391.24609375,5.0,5.0,04-20,78.73126775568181
04-06,0.0,322.078125,0.0,0.0,0.0,153.7353515625,0.0,110.20703125,137.49462890625,-161.27294921875,391.24609375,5.0,5.0,04-21,86.6807528409091
04-07,0.0,322.078125,0.0,0.0,0.0,153.7353515625,368.24267578125,110.20703125,137.49462890625,13.72900390625,391.24609375,7.0,3.0,04-22,136.06662819602272
04-08,0.0,322.078125,0.0,-56.47412109375,0.0,153.7353515625,368.24267578125,110.20703125,137.49462890625,13.72900390625,391.24609375,7.0,3.0,04-23,130.9326171875
04-09,0.0,0.0,0.0,-4.963623046875,0.0,216.33935546875,368.24267578125,110.20703125,137.49462890625,13.72900390625,391.24609375,6.0,4.0,04-24,112.02683327414773
04-10,0.0,0.0,0.0,-4.963623046875,0.0,90.994140625,368.24267578125,63.4853515625,0.0,176.20654296875,391.24609375,5.0,5.0,04-25,98.65556196732955
04-11,0.0,0.0,0.0,-4.963623046875,0.0,171.66162109375,368.24267578125,284.74609375,148.39599609375,-139.54931640625,391.24609375,5.0,5.0,04-26,110.88904918323864
04-12,0.0,0.0,0.0,-4.963623046875,0.0,171.66162109375,444.6318359375,300.00537109375,148.39599609375,-139.54931640625,372.95556640625,5.0,5.0,04-27,117.5579501065341
04-13,0.0,0.0,0.0,-4.963623046875,0.0,171.66162109375,444.6318359375,288.79150390625,148.39599609375,-139.54931640625,372.95556640625,5.0,5.0,04-28,116.53850763494319
04-14,0.0,0.0,0.0,-60.505126953125,0.0,62.60400390625,444.6318359375,288.79150390625,148.39599609375,-139.54931640625,-100.25732421875,4.0,6.0,04-29,58.55559747869318
04-15,0.0,0.0,0.0,-83.626953125,67.09716796875,132.650390625,444.6318359375,288.79150390625,48.71240234375,-139.54931640625,-97.81201171875,5.0,5.0,04-30,60.08136541193182
04-16,0.0,0.0,0.0,-83.626953125,67.09716796875,132.650390625,444.6318359375,340.2568359375,268.10546875,-139.54931640625,179.4501953125,6.0,4.0,05-01,109.91051136363636
04-17,0.0,0.0,0.0,-83.626953125,67.09716796875,132.650390625,444.6318359375,340.2568359375,268.10546875,-314.55126953125,179.4501953125,6.0,4.0,05-02,94.00124289772727
04-18,0.0,0.0,0.0,12.0302734375,67.09716796875,132.650390625,444.6318359375,230.0498046875,268.10546875,-314.55126953125,179.4501953125,7.0,3.0,05-03,92.67853338068181
04-19,0.0,0.0,0.0,68.50439453125,67.09716796875,132.650390625,444.6318359375,230.0498046875,268.10546875,-314.55126953125,179.4501953125,7.0,3.0,05-04,97.81254438920455
04-20,0.0,0.0,0.0,16.993896484375,67.09716796875,132.650390625,76.38916015625,230.0498046875,268.10546875,-314.55126953125,179.4501953125,7.0,3.0,05-05,59.65316495028409
04-21,0.0,0.0,0.0,16.993896484375,67.09716796875,132.650390625,76.38916015625,276.771484375,268.10546875,-314.55126953125,179.4501953125,7.0,3.0,05-06,63.90059037642045
04-22,0.0,0.0,0.0,16.993896484375,67.09716796875,70.04638671875,76.38916015625,55.5107421875,268.10546875,-314.55126953125,-220.5498046875,6.0,4.0,05-07,1.7310680042613635
04-23,0.0,0.0,13.853759765625,16.993896484375,67.09716796875,70.04638671875,0.0,52.52001953125,268.10546875,-314.55126953125,-202.25927734375,6.0,4.0,05-08,-2.563077059659091
04-24,0.0,0.0,30.998779296875,16.993896484375,67.09716796875,70.04638671875,0.0,52.52001953125,119.70947265625,96.08251953125,-202.25927734375,7.0,3.0,05-09,22.83536044034091
04-25,0.0,79.4169921875,30.998779296875,72.535400390625,67.09716796875,70.04638671875,0.0,37.2607421875,209.06494140625,96.08251953125,-220.5498046875,8.0,2.0,05-10,40.17755681818182
04-26,0.0,79.4169921875,30.998779296875,95.6572265625,0.0,70.04638671875,0.0,48.474609375,308.74853515625,96.08251953125,-220.5498046875,7.0,3.0,05-11,46.26138583096591
04-27,0.0,79.4169921875,30.998779296875,95.6572265625,0.0,70.04638671875,0.0,-2.99072265625,89.35546875,96.08251953125,-220.5498046875,6.0,4.0,05-12,21.637895063920453
04-28,0.0,-255.89794921875,30.998779296875,95.6572265625,0.0,0.0,-149.22998046875,-2.99072265625,89.35546875,96.08251953125,-220.5498046875,4.0,6.0,05-13,-28.779496626420453
04-29,0.0,-255.89794921875,-86.272705078125,95.6572265625,0.0,0.0,-149.22998046875,-2.99072265625,89.35546875,96.08251953125,-130.0,3.0,7.0,05-14,-31.208740234375
04-30,0.0,-255.89794921875,-86.272705078125,95.6572265625,0.0,0.0,-149.22998046875,-2.99072265625,89.35546875,96.08251953125,-130.0,3.0,7.0,05-15,-31.208740234375
05-01,0.0,-255.89794921875,-89.564208984375,0.0,223.37451171875,0.0,-149.22998046875,109.5400390625,-62.7177734375,96.08251953125,-130.0,3.0,7.0,05-16,-23.492076526988637
05-02,0.0,-255.89794921875,-162.627685546875,0.0,223.37451171875,0.0,-149.22998046875,109.5400390625,-62.7177734375,105.71728515625,-130.0,3.0,7.0,05-17,-29.258322975852273
05-03,0.0,-255.89794921875,-154.69482421875,0.0,223.37451171875,0.0,-149.22998046875,227.17919921875,-62.7177734375,105.71728515625,-130.0,3.0,7.0,05-18,-17.84268465909091
05-04,0.0,-255.89794921875,-168.548583984375,0.0,223.37451171875,0.0,-149.22998046875,230.169921875,-62.7177734375,105.71728515625,-130.0,3.0,7.0,05-19,-18.83023348721591
05-05,0.0,-255.89794921875,-185.693603515625,0.0,137.83935546875,0.0,-149.22998046875,230.169921875,-62.7177734375,105.71728515625,270.0,4.0,6.0,05-20,8.198841441761363
05-06,0.0,-335.31494140625,-185.693603515625,0.0,137.83935546875,0.0,-149.22998046875,230.169921875,-62.7177734375,105.71728515625,270.0,4.0,6.0,05-21,0.9791148792613636
05-07,0.0,-335.31494140625,-185.693603515625,-77.014892578125,137.83935546875,0.0,-149.22998046875,189.90966796875,123.07470703125,9.634765625,443.099609375,5.0,5.0,05-22,14.209517045454545
05-08,0.0,-335.31494140625,-185.693603515625,-237.234375,137.83935546875,0.0,-149.22998046875,189.90966796875,33.71923828125,9.634765625,443.099609375,5.0,5.0,05-23,-8.479114879261363
05-09,0.0,-335.31494140625,-171.566162109375,-210.502685546875,137.83935546875,0.0,-149.22998046875,189.90966796875,33.71923828125,18.9267578125,443.099609375,5.0,5.0,05-24,-3.919921875
05-10,0.0,-335.31494140625,-54.294677734375,-210.502685546875,137.83935546875,0.0,-149.22998046875,189.90966796875,-91.18603515625,18.9267578125,443.099609375,4.0,6.0,05-25,-4.613902698863637
05-11,0.0,0.0,-54.294677734375,-210.502685546875,137.83935546875,0.0,0.0,189.90966796875,-91.18603515625,18.9267578125,443.099609375,4.0,6.0,05-26,39.43563565340909
05-12,0.0,0.0,-51.003173828125,-210.502685546875,137.83935546875,0.0,0.0,77.37890625,60.88720703125,18.9267578125,173.099609375,5.0,5.0,05-27,18.7841796875
05-13,0.0,0.0,-51.003173828125,-210.502685546875,137.83935546875,0.0,0.0,77.37890625,60.88720703125,18.9267578125,11.64990234375,5.0,5.0,05-28,4.10693359375
05-14,0.0,0.0,-51.003173828125,-210.502685546875,-85.53515625,0.0,0.0,77.37890625,60.88720703125,18.9267578125,11.64990234375,4.0,6.0,05-29,-16.199840198863637
05-15,0.0,0.0,22.060302734375,-210.502685546875,-146.501953125,0.0,0.0,77.37890625,60.88720703125,-17.21533203125,11.64990234375,4.0,6.0,05-30,-18.385786576704547
05-16,0.0,0.0,14.12744140625,-236.804443359375,-60.966796875,0.0,0.0,-40.26025390625,60.88720703125,-17.21533203125,11.64990234375,3.0,7.0,05-31,-24.416570490056817
05-17,0.0,0.0,14.12744140625,-236.804443359375,-60.966796875,-115.52001953125,0.0,-40.26025390625,60.88720703125,-17.21533203125,11.64990234375,3.0,7.0,06-01,-34.91839044744318
05-18,0.0,432.3798828125,14.12744140625,-159.78955078125,-4.5498046875,-115.52001953125,0.0,0.0,-124.9052734375,-17.21533203125,11.64990234375,3.0,7.0,06-02,3.288840553977273
05-19,0.0,432.3798828125,14.12744140625,-159.78955078125,-4.5498046875,-141.677734375,0.0,0.0,-124.9052734375,-17.21533203125,11.64990234375,3.0,7.0,06-03,0.9108664772727273
05-20,0.0,432.3798828125,14.12744140625,-159.78955078125,-4.5498046875,-141.677734375,0.0,0.0,-124.9052734375,-17.21533203125,230.55078125,3.0,7.0,06-04,20.81094637784091
05-21,0.0,432.3798828125,14.12744140625,0.429931640625,109.19384765625,-145.044921875,0.0,0.0,-124.9052734375,-17.21533203125,181.900390625,5.0,5.0,06-05,40.98781516335227
05-22,0.0,432.3798828125,0.0,-26.3017578125,109.19384765625,-145.044921875,0.0,206.38427734375,-124.9052734375,-26.50732421875,181.900390625,4.0,6.0,06-06,55.19082919034091
05-23,0.0,432.3798828125,0.0,-26.3017578125,109.19384765625,-145.044921875,0.0,206.38427734375,-49.66357421875,-26.50732421875,343.35009765625,4.0,6.0,06-07,76.70822975852273
05-24,0.0,432.3798828125,0.0,-26.3017578125,109.19384765625,-145.044921875,0.0,206.38427734375,-49.66357421875,-26.50732421875,328.35009765625,4.0,6.0,06-08,75.34459339488636
05-25,0.0,432.3798828125,0.0,-26.3017578125,109.19384765625,-261.11865234375,-205.99609375,285.4345703125,-49.66357421875,0.0,328.35009765625,4.0,6.0,06-09,55.66166548295455
05-26,0.0,432.3798828125,0.0,-26.3017578125,109.19384765625,-82.57958984375,-205.99609375,285.4345703125,-49.66357421875,337.05908203125,328.35009765625,5.0,5.0,06-10,102.53422407670455
05-27,0.0,432.3798828125,0.0,-26.3017578125,13.6494140625,-82.57958984375,-205.99609375,285.4345703125,-49.66357421875,337.05908203125,328.35009765625,5.0,5.0,06-11,93.84836647727273
05-28,0.0,0.0,0.0,-26.3017578125,74.6162109375,32.9404296875,-205.99609375,285.4345703125,-49.66357421875,337.05908203125,328.35009765625,5.0,5.0,06-12,70.5853604403409
05-29,0.0,0.0,0.0,0.0,18.19921875,32.9404296875,-205.99609375,285.4345703125,-49.66357421875,337.05908203125,328.35009765625,5.0,5.0,06-13,67.84761186079545
05-30,0.0,0.0,0.0,0.0,18.19921875,59.09814453125,-205.99609375,285.4345703125,43.015625,337.05908203125,328.35009765625,6.0,4.0,06-14,78.6509676846591
05-31,0.0,0.0,0.0,0.0,18.19921875,59.09814453125,-411.52587890625,285.4345703125,43.015625,337.05908203125,163.14013671875,6.0,4.0,06-15,44.94735440340909
06-01,0.0,0.0,0.0,0.0,18.19921875,59.09814453125,-411.52587890625,285.4345703125,43.015625,337.05908203125,163.14013671875,6.0,4.0,06-16,44.94735440340909
06-02,0.0,0.0,0.0,0.0,18.19921875,59.09814453125,-411.52587890625,79.05029296875,43.015625,337.05908203125,-259.55078125,5.0,5.0,06-17,-12.241299715909092
06-03,0.0,0.0,0.0,0.0,-68.24609375,62.46533203125,-411.52587890625,79.05029296875,34.42236328125,337.05908203125,-67.0,4.0,6.0,06-18,-3.0704456676136362
06-04,0.0,0.0,0.0,0.0,-68.24609375,62.46533203125,-411.52587890625,79.05029296875,34.42236328125,337.05908203125,-218.2998046875,4.0,6.0,06-19,-16.824973366477273
06-05,0.0,0.0,0.0,0.0,-68.24609375,178.5390625,-411.52587890625,79.05029296875,84.0859375,337.05908203125,-218.2998046875,4.0,6.0,06-20,-1.7579456676136365
06-06,0.0,0.0,0.0,174.293212890625,-68.24609375,0.0,-411.52587890625,-187.5361328125,84.0859375,0.0,-218.2998046875,2.0,8.0,06-21,-57.02079634232955
06-07,0.0,0.0,0.0,174.293212890625,27.29833984375,0.0,-226.97509765625,-118.91259765625,-1.58935546875,0.0,-350.0,2.0,8.0,06-22,-45.08049982244318
06-08,0.0,0.0,0.0,174.293212890625,27.29833984375,0.0,-226.97509765625,-118.91259765625,-1.58935546875,0.0,-239.89990234375,2.0,8.0,06-23,-35.07140003551137
06-09,0.0,0.0,0.0,174.293212890625,72.794921875,83.13427734375,-226.97509765625,-118.91259765625,-1.58935546875,0.0,-384.0,3.0,7.0,06-24,-36.47769442471591
06-10,0.0,0.0,0.0,174.293212890625,72.794921875,83.13427734375,-226.97509765625,-118.91259765625,-1.58935546875,169.50732421875,-384.0,4.0,6.0,06-25,-21.067937677556817
06-11,0.0,0.0,0.0,174.293212890625,72.794921875,83.13427734375,-21.4453125,-211.30322265625,-1.58935546875,169.50732421875,-219.7900390625,4.0,6.0,06-26,4.145618785511363
06-12,0.0,0.0,0.0,174.293212890625,68.4091796875,83.13427734375,-21.4453125,-211.30322265625,-94.2685546875,169.50732421875,-219.7900390625,4.0,6.0,06-27,-4.678466796875
06-13,0.0,0.0,0.0,174.293212890625,68.4091796875,83.13427734375,-21.4453125,-211.30322265625,-94.2685546875,227.90087890625,-189.099609375,4.0,6.0,06-28,3.420077237215909
06-14,0.0,0.0,0.0,174.293212890625,41.11083984375,83.13427734375,-107.2265625,-211.30322265625,-85.67529296875,227.90087890625,-189.099609375,4.0,6.0,06-29,-6.078679865056818
06-15,0.0,-335.31494140625,0.0,174.293212890625,41.11083984375,83.13427734375,-107.2265625,-211.30322265625,-85.67529296875,227.90087890625,-189.099609375,4.0,6.0,06-30,-36.56185635653409
06-16,0.0,-412.967041015625,0.0,174.293212890625,41.11083984375,83.13427734375,-107.2265625,-211.30322265625,-85.67529296875,227.90087890625,-333.0,4.0,6.0,07-01,-56.70299183238637
06-17,0.0,-412.967041015625,0.0,174.293212890625,41.11083984375,83.13427734375,-107.2265625,55.283203125,-85.67529296875,227.90087890625,66.2998046875,6.0,4.0,07-02,3.832120028409091
06-18,0.0,-412.967041015625,0.0,174.293212890625,41.11083984375,83.13427734375,-85.78125,-147.35107421875,-85.67529296875,227.90087890625,198.0,5.0,5.0,07-03,-0.6668590198863636
06-19,0.0,-412.967041015625,0.0,0.0,41.11083984375,83.13427734375,-85.78125,-147.35107421875,-85.67529296875,227.90087890625,87.89990234375,4.0,6.0,07-04,-26.520796342329547
06-20,0.0,-412.967041015625,-22.060302734375,0.0,-4.3857421875,0.0,199.92333984375,-295.02490234375,79.046875,227.90087890625,232.0,4.0,6.0,07-05,0.4030095880681818
06-21,0.0,-412.967041015625,-22.060302734375,0.0,-4.3857421875,0.0,199.92333984375,-295.02490234375,79.046875,58.3935546875,129.5,4.0,6.0,07-06,-24.324928977272727
06-22,0.0,-412.967041015625,-22.060302734375,0.0,-4.3857421875,0.0,199.92333984375,-282.96533203125,79.046875,58.3935546875,-131.9501953125,3.0,7.0,07-07,-46.99680397727273
06-23,0.0,-412.967041015625,-22.060302734375,0.0,-4.3857421875,0.0,199.92333984375,-282.96533203125,79.046875,205.11083984375,42.0,4.0,6.0,07-08,-17.84521484375
06-24,0.0,-412.967041015625,-22.060302734375,0.0,-4.3857421875,0.0,199.92333984375,-282.96533203125,79.046875,205.11083984375,-102.0,3.0,7.0,07-09,-30.93612393465909
06-25,0.0,-412.967041015625,111.183349609375,-99.607666015625,0.0,0.0,285.70458984375,-282.96533203125,79.046875,205.11083984375,-102.0,4.0,6.0,07-10,-19.68130770596591
06-26,0.0,-412.967041015625,111.183349609375,-99.607666015625,75.990234375,0.0,285.70458984375,-282.96533203125,79.046875,146.71728515625,-102.0,5.0,5.0,07-11,-18.081609552556817
06-27,0.0,-412.967041015625,111.183349609375,-99.607666015625,75.990234375,0.0,285.70458984375,-282.96533203125,79.046875,40.05419921875,-102.0,5.0,5.0,07-12,-27.778253728693183
06-28,0.0,-77.652099609375,111.183349609375,-99.607666015625,75.990234375,0.0,285.70458984375,-282.96533203125,79.046875,40.05419921875,-102.0,5.0,5.0,07-13,2.704922762784091
06-29,0.0,0.0,111.183349609375,-99.607666015625,186.375,0.0,285.70458984375,-80.3310546875,79.046875,40.05419921875,-102.0,5.0,5.0,07-14,38.22048117897727
06-30,0.0,0.0,133.24365234375,-99.607666015625,186.375,0.0,-109.75,-80.3310546875,0.0,40.05419921875,-335.0,3.0,7.0,07-15,-24.092351740056817
07-01,0.0,0.0,133.24365234375,-99.607666015625,177.27685546875,0.0,-109.75,-80.3310546875,207.90234375,40.05419921875,-232.5,4.0,6.0,07-16,3.2989390980113638
07-02,0.0,0.0,133.24365234375,-99.607666015625,177.27685546875,0.0,-109.75,-268.7314453125,207.90234375,40.05419921875,28.9501953125,5.0,5.0,07-17,9.939830433238637
07-03,0.0,0.0,133.24365234375,-99.607666015625,177.27685546875,0.0,-109.75,-268.7314453125,207.90234375,-106.6630859375,-145.0,3.0,7.0,07-18,-19.21175870028409
07-05,0.0,0.0,133.24365234375,-99.607666015625,177.27685546875,0.0,-109.75,-188.400390625,207.90234375,-106.6630859375,-145.0,3.0,7.0,07-20,-11.908935546875
07-06,0.0,0.0,0.0,0.0,177.27685546875,0.0,-109.75,-188.400390625,207.90234375,-106.6630859375,127.0,3.0,7.0,07-21,9.760520241477273
07-07,0.0,0.0,0.0,0.0,177.27685546875,0.0,-109.75,-188.400390625,207.90234375,-106.6630859375,272.0,3.0,7.0,07-22,22.942338423295453
07-08,0.0,0.0,0.0,0.0,177.27685546875,0.0,-109.75,-188.400390625,207.90234375,-106.6630859375,-46.2998046875,2.0,8.0,07-23,-5.994007457386363
07-09,0.0,0.0,0.0,0.0,101.28662109375,0.0,-109.75,-188.400390625,293.259765625,-106.6630859375,-210.0,2.0,8.0,07-24,-20.024280894886363
07-10,0.0,0.0,0.0,0.0,-9.09814453125,0.0,-109.75,-188.400390625,293.259765625,272.91357421875,-210.0,2.0,8.0,07-25,4.447709517045454
07-11,0.0,0.0,0.0,0.0,-9.09814453125,0.0,-317.70849609375,-75.98388671875,293.259765625,89.83935546875,-210.0,2.0,8.0,07-26,-20.881036931818183
07-12,0.0,0.0,0.0,0.0,0.0,0.0,-317.70849609375,-133.00341796875,85.357421875,89.83935546875,-123.0,2.0,8.0,07-27,-36.22864879261363
07-13,0.0,0.0,0.0,0.0,141.041015625,0.0,-207.95849609375,55.39697265625,85.357421875,89.83935546875,-123.0,4.0,6.0,07-28,3.697842684659091
07-14,0.0,0.0,0.0,0.0,141.041015625,0.0,-207.95849609375,55.39697265625,85.357421875,89.83935546875,-123.0,4.0,6.0,07-29,3.697842684659091
07-15,0.0,0.0,0.0,34.937744140625,183.85302734375,0.0,-207.95849609375,55.39697265625,85.357421875,89.83935546875,-123.0,5.0,5.0,07-30,10.766002308238637
07-16,0.0,0.0,0.0,34.937744140625,183.85302734375,0.0,-207.95849609375,-30.0625,85.357421875,89.83935546875,-123.0,4.0,6.0,07-31,2.9969593394886362
07-17,0.0,0.0,0.0,34.937744140625,-21.8388671875,0.0,-207.95849609375,-30.0625,385.36083984375,89.83935546875,-395.0,3.0,7.0,08-01,-13.156538529829545
07-18,0.0,0.0,0.0,34.937744140625,-21.8388671875,0.0,-192.44677734375,-30.0625,385.36083984375,89.83935546875,-395.0,3.0,7.0,08-02,-11.746382279829545
07-19,0.0,0.0,0.0,34.937744140625,-21.8388671875,0.0,-21.0712890625,-30.0625,385.36083984375,89.83935546875,-241.7099609375,3.0,7.0,08-03,17.768665660511363
07-20,0.0,0.0,0.0,34.937744140625,9.09814453125,0.0,-21.0712890625,-30.0625,300.00341796875,89.83935546875,-241.7099609375,4.0,6.0,08-04,12.821355646306818
07-21,0.0,0.0,0.0,34.937744140625,9.09814453125,0.0,-21.0712890625,-30.0625,300.00341796875,89.83935546875,-208.3701171875,4.0,6.0,08-05,15.852250532670455
07-22,0.0,0.0,0.0,34.937744140625,-77.34619140625,0.0,186.88720703125,-142.47900390625,265.8505859375,89.83935546875,-44.669921875,4.0,6.0,08-06,28.456343217329547
07-23,0.0,0.0,0.0,183.645751953125,-77.34619140625,0.0,186.88720703125,-142.47900390625,265.8505859375,-183.07421875,135.0,4.0,6.0,08-07,33.49855735085227
07-24,0.0,0.0,0.0,183.645751953125,-222.9375,0.0,186.88720703125,-142.47900390625,265.8505859375,0.0,135.0,4.0,6.0,08-08,36.90609463778409
07-25,0.0,0.0,0.0,183.645751953125,-222.9375,0.0,186.88720703125,-85.45947265625,265.8505859375,0.0,135.0,4.0,6.0,08-09,42.08968838778409
07-26,0.0,-173.833740234375,0.0,148.7080078125,-265.74951171875,0.0,186.88720703125,-85.45947265625,265.8505859375,0.0,135.0,4.0,6.0,08-10,19.218461470170453
07-27,0.0,-32.64892578125,0.0,148.7080078125,-265.74951171875,0.0,186.88720703125,0.0,265.8505859375,0.0,135.0,4.0,6.0,08-11,39.82248757102273
07-28,0.0,-32.64892578125,0.0,148.7080078125,-265.74951171875,0.0,186.88720703125,0.0,-34.15283203125,0.0,135.0,3.0,7.0,08-12,12.549449573863637
07-29,0.0,-32.64892578125,0.0,148.7080078125,-265.74951171875,84.7568359375,171.37548828125,0.0,24.0849609375,0.0,135.0,5.0,5.0,08-13,24.138805042613637
07-30,0.0,-32.64892578125,0.0,148.7080078125,-60.0576171875,84.7568359375,0.0,0.0,-96.33984375,0.0,-18.2900390625,2.0,8.0,08-14,2.3753107244318183
07-31,0.0,-32.64892578125,0.0,148.7080078125,-90.99462890625,84.7568359375,0.0,0.0,-96.33984375,0.0,-18.2900390625,2.0,8.0,08-15,-0.43714488636363635
08-01,0.0,-32.64892578125,0.0,274.124267578125,-90.99462890625,84.7568359375,0.0,0.0,-96.33984375,0.0,266.669921875,3.0,7.0,08-16,36.86978426846591
08-02,0.0,-32.64892578125,0.0,274.124267578125,-4.55029296875,84.7568359375,85.96728515625,85.45947265625,-62.18701171875,0.0,266.669921875,5.0,5.0,08-17,63.41741388494318
08-03,0.0,-32.64892578125,0.0,125.416259765625,-4.55029296875,191.1328125,85.96728515625,85.45947265625,-62.18701171875,0.0,266.669921875,5.0,5.0,08-18,59.56904740767045
08-04,0.0,-32.64892578125,0.0,125.416259765625,-4.55029296875,191.1328125,85.96728515625,85.45947265625,-62.18701171875,247.21875,266.669921875,6.0,4.0,08-19,82.04347922585227
08-05,0.0,-32.64892578125,0.0,125.416259765625,-4.55029296875,398.921875,85.96728515625,85.45947265625,-62.18701171875,239.93212890625,76432.1875,6.0,4.0,08-20,7024.408935546875
08-06,0.0,141.184814453125,-27.354736328125,17.91650390625,264.794921875,398.921875,85.96728515625,0.0,-62.18701171875,300.4775390625,0.0,6.0,4.0,08-21,101.79283558238636
08-07,0.0,141.184814453125,-27.354736328125,17.91650390625,264.794921875,398.921875,85.96728515625,0.0,-62.18701171875,310.2587890625,0.0,6.0,4.0,08-22,102.6820401278409
08-08,0.0,141.184814453125,16.765380859375,17.91650390625,264.794921875,398.921875,85.96728515625,0.0,-62.18701171875,384.3603515625,0.0,7.0,3.0,08-23,113.42946555397727
08-09,0.0,0.0,16.765380859375,17.91650390625,264.794921875,298.02587890625,85.96728515625,0.0,-120.4248046875,384.3603515625,0.0,6.0,4.0,08-24,86.1277743252841
08-10,0.0,0.0,16.765380859375,17.91650390625,264.794921875,298.02587890625,85.96728515625,0.0,0.0,384.3603515625,0.0,6.0,4.0,08-25,97.07548384232955
08-11,0.0,0.0,16.765380859375,17.91650390625,90.99462890625,213.26904296875,85.96728515625,0.0,0.0,384.3603515625,0.0,6.0,4.0,08-26,73.57029030539773
08-12,0.0,0.0,16.765380859375,17.91650390625,90.99462890625,94.33544921875,85.96728515625,0.0,0.0,346.35107421875,710.0,7.0,3.0,08-27,123.84821111505681
08-13,0.0,0.0,16.765380859375,17.91650390625,204.87548828125,94.33544921875,0.0,0.0,0.0,346.35107421875,710.0,6.0,4.0,08-28,126.38580877130681
08-14,0.0,0.0,16.765380859375,-13.437255859375,204.87548828125,-12.04052734375,0.0,0.0,0.0,346.35107421875,710.0,4.0,6.0,08-29,113.86492365056819
08-15,0.0,0.0,16.765380859375,-89.583251953125,204.87548828125,-12.04052734375,0.0,-85.45947265625,0.0,99.13232421875,710.0,4.0,6.0,08-30,76.69908558238636
08-16,0.0,0.0,-89.123046875,-89.583251953125,204.87548828125,9.974609375,0.0,13.6259765625,0.0,106.4189453125,642.6396484375,5.0,5.0,08-31,72.6207608309659
08-17,0.0,0.0,-61.768310546875,17.91650390625,204.87548828125,9.974609375,0.0,189.90966796875,0.0,45.87353515625,642.6396484375,6.0,4.0,09-01,95.40192205255681
08-18,0.0,0.0,-61.768310546875,17.91650390625,204.87548828125,-197.814453125,0.0,189.90966796875,0.0,45.87353515625,-75787.1875,4.0,6.0,09-02,-6871.65409712358
08-19,0.0,0.0,-61.768310546875,17.91650390625,-59.91943359375,-197.814453125,0.0,189.90966796875,0.0,-217.87548828125,645.0,3.0,7.0,09-03,28.677135120738637
08-20,0.0,0.0,-61.768310546875,17.91650390625,-103.5517578125,-96.91845703125,0.0,189.90966796875,0.0,-227.65673828125,645.0,3.0,7.0,09-04,32.99371892755682
08-21,0.0,0.0,-105.888427734375,17.91650390625,-194.81884765625,-96.91845703125,0.0,189.90966796875,430.25537109375,-301.75830078125,645.0,4.0,6.0,09-05,53.06340997869318
08-22,0.0,0.0,-105.888427734375,0.0,-21.0185546875,-96.91845703125,-266.3134765625,189.90966796875,-45.03955078125,-301.75830078125,645.0,2.0,8.0,09-06,-0.18428178267045456
08-23,0.0,0.0,-105.888427734375,0.0,-21.0185546875,-96.91845703125,-266.3134765625,189.90966796875,-45.03955078125,-263.7490234375,645.0,2.0,8.0,09-07,3.2711070667613638
08-24,0.0,0.0,-105.888427734375,0.0,-27.0703125,-96.91845703125,-266.3134765625,189.90966796875,-45.03955078125,-263.7490234375,554.169921875,2.0,8.0,09-08,-5.536332563920454
08-25,0.0,0.0,-105.888427734375,0.0,-27.0703125,22.01513671875,-266.3134765625,189.90966796875,-45.03955078125,-363.5654296875,-259.9501953125,2.0,8.0,09-09,-77.809326171875
08-26,0.0,0.0,-105.888427734375,0.0,-140.951171875,22.01513671875,-266.3134765625,189.90966796875,-48.17041015625,-363.5654296875,-319.0,2.0,8.0,09-10,-93.81491921164773
08-27,0.0,0.0,-105.888427734375,-4.479248046875,-140.951171875,0.0,-266.3134765625,169.27587890625,-48.17041015625,-290.9404296875,-18.2900390625,1.0,9.0,09-11,-64.1597567471591
08-28,0.0,0.0,-105.888427734375,71.666748046875,-227.57861328125,0.0,-266.3134765625,169.27587890625,-146.58203125,-156.25390625,-18.2900390625,2.0,8.0,09-12,-61.81489701704545
08-29,0.0,0.0,44.12060546875,71.666748046875,-227.57861328125,0.0,-266.3134765625,185.77880859375,-146.58203125,107.4951171875,-20.650390625,4.0,6.0,09-13,-22.914839311079547
08-30,0.0,0.0,44.12060546875,71.666748046875,-183.9462890625,0.0,-266.3134765625,94.95458984375,-146.58203125,107.4951171875,-20.650390625,4.0,6.0,09-14,-27.205011541193183
08-31,0.0,-127.948974609375,44.12060546875,71.666748046875,-183.9462890625,0.0,-266.3134765625,94.95458984375,-576.83740234375,107.4951171875,-20.650390625,4.0,6.0,09-15,-77.95086115056819
09-01,0.0,-127.948974609375,44.12060546875,71.666748046875,-183.9462890625,0.0,0.0,94.95458984375,-101.54248046875,340.23779296875,-20.650390625,4.0,6.0,09-16,10.626509232954545
09-02,0.0,-127.948974609375,44.12060546875,71.666748046875,-183.9462890625,0.0,0.0,94.95458984375,44.8466796875,340.23779296875,-130.0,5.0,5.0,09-17,13.993741122159092
09-03,0.0,-127.948974609375,44.12060546875,71.666748046875,-92.67919921875,0.0,0.0,94.95458984375,44.8466796875,-86.8076171875,-39.169921875,4.0,6.0,09-18,-8.274280894886363
09-04,0.0,-127.948974609375,44.12060546875,89.583251953125,-14.51318359375,0.0,0.0,94.95458984375,44.8466796875,-86.8076171875,64.9501953125,5.0,5.0,09-19,9.925958806818182
09-05,0.0,-127.948974609375,132.36083984375,89.583251953125,-14.51318359375,0.0,0.0,94.95458984375,44.8466796875,13.0087890625,124.0,6.0,4.0,09-20,32.39018110795455
09-06,0.0,-127.948974609375,132.36083984375,89.583251953125,-14.51318359375,0.0,0.0,94.95458984375,47.9775390625,13.0087890625,124.0,6.0,4.0,09-21,32.6748046875
09-07,0.0,-127.948974609375,132.36083984375,0.0,-14.51318359375,0.0,0.0,115.58837890625,47.9775390625,-59.6162109375,124.0,4.0,6.0,09-22,19.804398970170453
09-08,0.0,-127.948974609375,132.36083984375,0.0,-130.7138671875,0.0,0.0,115.58837890625,146.38916015625,-59.6162109375,124.0,4.0,6.0,09-23,18.187211470170453
09-09,0.0,-127.948974609375,132.36083984375,0.0,-130.7138671875,0.0,0.0,0.0,146.38916015625,-204.1328125,-109.349609375,2.0,8.0,09-24,-26.672296697443183
09-10,0.0,-127.948974609375,132.36083984375,0.0,-44.08642578125,0.0,0.0,0.0,146.38916015625,-338.8193359375,-109.349609375,2.0,8.0,09-25,-31.041304154829547
09-11,0.0,-127.948974609375,88.240234375,0.0,-44.08642578125,0.0,0.0,0.0,146.38916015625,-338.8193359375,-109.349609375,2.0,8.0,09-26,-35.05226828835227
09-12,0.0,-127.948974609375,88.240234375,0.0,-44.08642578125,0.0,0.0,0.0,146.38916015625,-287.46826171875,-109.349609375,2.0,8.0,09-27,-30.383988813920453
09-13,0.0,0.0,88.240234375,0.0,-44.08642578125,98.2099609375,0.0,0.0,0.0,-287.46826171875,-160.099609375,2.0,8.0,09-28,-27.745827414772727
09-14,0.0,0.0,88.240234375,0.0,-44.08642578125,98.2099609375,0.0,0.0,0.0,139.5771484375,-162.349609375,3.0,7.0,09-29,10.871937144886363
09-15,0.0,0.0,88.240234375,37.625,-233.9013671875,98.2099609375,0.0,0.0,0.0,139.5771484375,-53.0,4.0,6.0,09-30,6.977361505681818
09-16,0.0,0.0,88.240234375,0.0,-233.9013671875,98.2099609375,0.0,0.0,0.0,265.55859375,-53.0,3.0,7.0,10-01,15.009765625
09-17,0.0,0.0,88.240234375,0.0,-306.015625,4.0966796875,0.0,0.0,0.0,259.88525390625,-53.0,3.0,7.0,10-02,-0.6175870028409091
09-18,0.0,0.0,0.0,0.0,-306.015625,4.0966796875,0.0,0.0,0.0,259.88525390625,-53.0,2.0,8.0,10-03,-8.639426491477273
09-19,0.0,0.0,0.0,0.0,-189.81494140625,4.0966796875,0.0,0.0,0.0,259.88525390625,-53.0,2.0,8.0,10-04,1.9242720170454546
09-20,0.0,0.0,0.0,0.0,-189.81494140625,4.0966796875,0.0,0.0,0.0,404.40185546875,-76.0498046875,2.0,8.0,10-05,12.966708096590908
09-21,0.0,0.0,0.0,0.0,-189.81494140625,4.0966796875,0.0,0.0,0.0,404.40185546875,-76.0498046875,2.0,8.0,10-06,12.966708096590908
09-22,0.0,0.0,0.0,0.0,-187.9951171875,4.0966796875,-146.70703125,0.0,0.0,404.40185546875,-76.0498046875,2.0,8.0,10-07,-0.20485617897727273
09-23,0.0,0.0,0.0,0.0,-187.9951171875,4.0966796875,-146.70703125,0.0,0.0,404.40185546875,-76.0498046875,2.0,8.0,10-08,-0.20485617897727273
09-24,0.0,0.0,0.0,0.0,-187.9951171875,-94.11328125,-146.70703125,0.0,0.0,404.40185546875,100.75,2.0,8.0,10-09,6.9396750710227275
09-25,0.0,0.0,0.0,89.5830078125,-187.9951171875,-94.11328125,-146.70703125,0.0,0.0,120.30810546875,103.0,3.0,7.0,10-10,-10.53857421875
09-26,0.0,0.0,-79.416748046875,51.9580078125,1.81982421875,-94.11328125,-146.70703125,0.0,0.0,120.30810546875,103.0,4.0,6.0,10-11,-3.922829367897727
09-27,0.0,0.0,-79.416748046875,89.5830078125,1.81982421875,-94.11328125,-146.70703125,0.0,-336.99853515625,-5.67333984375,103.0,3.0,7.0,10-12,-42.59146395596591
09-28,0.0,0.0,-79.416748046875,89.5830078125,-16.37890625,-94.11328125,-146.70703125,0.0,-336.99853515625,0.0,103.0,2.0,8.0,10-13,-43.73013583096591
09-29,0.0,0.0,-79.416748046875,89.5830078125,-141.3603515625,-94.11328125,-333.59423828125,0.0,-336.99853515625,-182.7119140625,103.0,2.0,8.0,10-14,-88.69200550426136
09-30,0.0,0.0,-79.416748046875,89.5830078125,-141.3603515625,0.0,-333.59423828125,0.0,-559.7373046875,-182.7119140625,450.9501953125,2.0,9.0,10-15,-68.75339577414773
10-01,0.0,0.0,-79.416748046875,89.5830078125,-141.3603515625,0.0,-333.59423828125,0.0,-559.7373046875,-246.6806640625,474.0,2.0,9.0,10-16,-72.4732998934659
10-02,0.0,0.0,-79.416748046875,89.5830078125,-141.3603515625,0.0,-333.59423828125,0.0,-559.7373046875,-287.76171875,474.0,2.0,9.0,10-17,-76.20794122869319
10-03,0.0,0.0,-79.416748046875,89.5830078125,-143.18017578125,0.0,-333.59423828125,0.0,-559.7373046875,-287.76171875,474.0,2.0,9.0,10-18,-76.3733797940341
10-04,0.0,0.0,-79.416748046875,89.5830078125,-143.18017578125,304.669921875,-333.59423828125,52.37744140625,-559.7373046875,-287.76171875,474.0,4.0,7.0,10-19,-43.91452858664773
10-05,0.0,0.0,-79.416748046875,89.5830078125,-191.36181640625,304.669921875,-249.2607421875,52.37744140625,-559.7373046875,-287.76171875,474.0,4.0,7.0,10-20,-40.62799627130682
10-06,0.0,0.0,-79.416748046875,89.5830078125,-191.36181640625,304.669921875,-249.2607421875,52.37744140625,-559.7373046875,-287.76171875,474.0,4.0,7.0,10-21,-40.62799627130682
10-07,0.0,0.0,-79.416748046875,246.30908203125,-191.36181640625,304.669921875,-249.2607421875,52.37744140625,-559.7373046875,-287.76171875,347.9501953125,4.0,7.0,10-22,-37.83924449573863
10-08,0.0,0.0,-35.296142578125,156.72607421875,-191.36181640625,304.669921875,-249.2607421875,52.37744140625,-559.7373046875,-287.76171875,-236.0,3.0,8.0,10-23,-95.05857155539773
10-09,0.0,0.0,44.12060546875,156.72607421875,-173.1630859375,304.669921875,-249.2607421875,27.4326171875,-559.7373046875,-248.685546875,-236.0,4.0,7.0,10-24,-84.89976917613636
10-10,0.0,0.0,44.12060546875,268.749755859375,-48.181640625,304.669921875,-249.2607421875,-74.59619140625,-222.73876953125,-43.36962890625,-236.0,3.0,8.0,10-25,-23.327880859375
10-11,0.0,0.0,44.12060546875,268.749755859375,-48.181640625,304.669921875,-249.2607421875,-50.0029296875,0.0,-43.36962890625,-236.0,3.0,8.0,10-26,-0.8431507457386364
10-12,0.0,0.0,44.12060546875,268.749755859375,-48.181640625,304.669921875,-62.37353515625,-50.0029296875,0.0,20.59912109375,-236.0,4.0,7.0,10-27,21.961936257102273
10-13,0.0,0.0,44.12060546875,218.583251953125,-48.181640625,304.669921875,-140.16552734375,-50.0029296875,0.0,20.59912109375,-583.9501953125,4.0,7.0,10-28,-21.302490234375
10-14,0.0,0.0,44.12060546875,218.583251953125,158.921875,304.669921875,-140.16552734375,-50.0029296875,0.0,20.59912109375,-811.35009765625,5.0,6.0,10-29,-23.14761629971591
10-15,0.0,0.0,44.12060546875,218.583251953125,248.142578125,120.68701171875,-140.16552734375,-50.0029296875,0.0,61.68017578125,-811.35009765625,5.0,6.0,10-30,-28.027721058238637
10-16,0.0,0.0,44.12060546875,218.583251953125,296.32421875,120.68701171875,-142.92236328125,-50.0029296875,0.0,61.68017578125,-811.35009765625,5.0,6.0,10-31,-23.898193359375
10-17,0.0,0.0,44.12060546875,218.583251953125,296.32421875,120.68701171875,-186.88720703125,-102.38037109375,0.0,330.31005859375,-811.35009765625,5.0,6.0,11-01,-8.235684481534092
10-18,0.0,0.0,44.12060546875,61.857177734375,296.32421875,120.68701171875,-54.43115234375,-102.38037109375,0.0,330.31005859375,-982.0,5.0,6.0,11-02,-25.955677379261363
10-19,0.0,0.0,0.0,61.857177734375,296.32421875,120.68701171875,-54.43115234375,-102.38037109375,0.0,330.31005859375,-885.650390625,4.0,7.0,11-03,-21.207586115056817
10-20,0.0,0.0,0.0,13.482177734375,296.32421875,120.68701171875,-54.43115234375,-77.435546875,0.0,330.31005859375,-885.650390625,4.0,7.0,11-04,-23.337602095170453
10-21,0.0,0.0,17.07470703125,13.482177734375,296.32421875,120.68701171875,-54.43115234375,24.59326171875,0.0,253.06787109375,-301.7001953125,6.0,5.0,11-05,33.55435458096591
10-22,0.0,0.0,17.07470703125,13.482177734375,296.32421875,120.68701171875,-54.43115234375,-123.05224609375,0.0,213.99169921875,85.0,6.0,5.0,11-06,51.73421963778409
10-23,0.0,0.0,17.07470703125,-98.54150390625,296.32421875,120.68701171875,-54.43115234375,-123.05224609375,323.12548828125,191.3876953125,85.0,6.0,5.0,11-07,68.87038352272727
10-24,0.0,0.0,17.07470703125,-69.06884765625,296.32421875,120.68701171875,-54.43115234375,-147.6455078125,323.12548828125,191.3876953125,85.0,6.0,5.0,11-08,69.31396484375
10-25,0.0,0.0,17.07470703125,-69.06884765625,89.220703125,120.68701171875,-54.43115234375,-147.6455078125,323.12548828125,191.3876953125,85.0,6.0,5.0,11-09,50.48637251420455
10-26,0.0,0.0,17.07470703125,-69.06884765625,77.6640625,120.68701171875,23.36083984375,-147.6455078125,323.12548828125,191.3876953125,85.0,7.0,4.0,11-10,56.50776811079545
10-27,0.0,0.0,17.07470703125,-52.853759765625,77.6640625,120.68701171875,26.11767578125,-147.6455078125,323.12548828125,134.92138671875,312.39990234375,7.0,4.0,11-11,73.77190607244319
10-28,0.0,0.0,13.236328125,-52.853759765625,-11.556640625,0.0,70.08251953125,-147.6455078125,323.12548828125,134.92138671875,312.39990234375,5.0,6.0,11-12,58.33724698153409
10-29,0.0,0.0,13.236328125,-52.853759765625,-11.556640625,0.0,0.0,-147.6455078125,323.12548828125,143.72412109375,483.0498046875,4.0,7.0,11-13,68.27998490767045
10-30,0.0,0.0,-8.82421875,-119.14599609375,-11.556640625,0.0,0.0,-147.6455078125,323.12548828125,-124.90576171875,386.7001953125,2.0,9.0,11-14,27.06795987215909
10-31,0.0,0.0,-8.82421875,-70.77099609375,-11.556640625,0.0,0.0,-147.6455078125,640.0849609375,-330.31005859375,386.7001953125,2.0,9.0,11-15,41.60706676136363
11-01,0.0,0.0,-25.89892578125,-70.77099609375,-11.556640625,0.0,0.0,-147.6455078125,640.0849609375,-253.06787109375,386.7001953125,2.0,9.0,11-16,47.07683771306818
11-02,0.0,0.0,-25.89892578125,-70.77099609375,-11.556640625,0.0,-141.10009765625,0.0,640.0849609375,-253.06787109375,386.7001953125,2.0,9.0,11-17,47.671875
11-03,0.0,0.0,-25.89892578125,-70.77099609375,-11.556640625,0.0,-141.10009765625,0.0,316.95947265625,40.3671875,386.7001953125,3.0,8.0,11-18,44.97274502840909
11-04,0.0,0.0,-25.89892578125,-70.77099609375,-11.556640625,0.0,-141.10009765625,0.0,316.95947265625,35.4765625,0.0,2.0,9.0,11-19,9.373579545454545
11-05,0.0,0.0,-25.89892578125,-70.77099609375,-11.556640625,0.0,-141.10009765625,0.0,316.95947265625,35.4765625,0.0,2.0,9.0,11-20,9.373579545454545
11-06,0.0,0.0,-25.89892578125,-50.0771484375,0.0,0.0,-141.10009765625,0.0,235.79296875,35.4765625,0.0,2.0,9.0,11-21,4.926669034090909
11-07,0.0,0.0,-25.89892578125,-66.292236328125,0.0,0.0,-141.10009765625,0.0,235.79296875,91.94287109375,0.0,2.0,9.0,11-22,8.585870916193182
11-08,0.0,0.0,-8.82470703125,-66.292236328125,0.0,-194.6865234375,-266.31396484375,0.0,235.79296875,91.94287109375,0.0,2.0,9.0,11-23,-18.943781072443183
11-09,0.0,0.0,-8.82470703125,-66.292236328125,76.20849609375,-194.6865234375,-266.31396484375,0.0,235.79296875,83.14013671875,0.0,3.0,8.0,11-24,-12.815984552556818
11-10,0.0,0.0,13.23583984375,-66.292236328125,78.43798828125,-194.6865234375,-266.31396484375,0.0,235.79296875,83.14013671875,0.0,4.0,7.0,11-25,-10.607799183238637
11-11,0.0,0.0,13.23583984375,-120.937744140625,78.43798828125,-194.6865234375,-266.31396484375,0.0,235.79296875,83.14013671875,0.0,4.0,7.0,11-26,-15.575572620738637
11-12,0.0,0.0,13.23583984375,-54.6455078125,78.43798828125,-145.7841796875,-266.31396484375,0.0,235.79296875,83.0419921875,0.0,4.0,7.0,11-27,-5.112260298295454
11-13,0.0,0.0,13.23583984375,-54.6455078125,77.6640625,-145.7841796875,-303.69140625,0.0,-123.0263671875,288.4462890625,0.0,3.0,7.0,11-28,-22.527388139204547
11-14,0.0,0.0,13.23583984375,-9.85400390625,77.6640625,-145.7841796875,-303.69140625,0.0,-123.0263671875,-14.671875,0.0,2.0,8.0,11-29,-46.01162997159091
11-15,0.0,0.0,13.23583984375,-9.85400390625,77.6640625,-145.7841796875,-162.59130859375,324.27099609375,-123.0263671875,-9.78125,0.0,3.0,7.0,11-30,-3.2605646306818183
11-16,0.0,0.0,13.23583984375,-9.85400390625,77.6640625,-145.7841796875,-162.59130859375,324.27099609375,-123.0263671875,-9.78125,0.0,3.0,7.0,12-01,-3.2605646306818183
11-17,0.0,0.0,13.23583984375,-9.85400390625,77.6640625,-142.09375,-162.59130859375,324.27099609375,-41.85986328125,-92.92138671875,0.0,3.0,7.0,12-02,-3.1044921875
11-18,0.0,0.0,24.70751953125,-9.85400390625,77.6640625,-142.09375,-162.59130859375,324.27099609375,-41.85986328125,-92.92138671875,0.0,3.0,7.0,12-03,-2.061612215909091
11-19,0.0,0.0,24.70751953125,-9.85400390625,77.6640625,52.5927734375,-37.37744140625,265.42724609375,-41.85986328125,49.9716796875,0.0,5.0,5.0,12-04,34.66108842329545
11-20,0.0,0.0,11.4716796875,34.937744140625,1.45556640625,52.5927734375,-98.1162109375,265.42724609375,-41.85986328125,49.9716796875,0.0,6.0,4.0,12-05,25.080055930397727
11-21,0.0,0.0,11.4716796875,79.729248046875,-0.77392578125,52.5927734375,-98.1162109375,265.42724609375,-41.85986328125,49.9716796875,0.0,5.0,5.0,12-06,28.949329723011363
11-22,0.0,0.0,11.4716796875,134.374755859375,-0.77392578125,52.5927734375,9.34375,265.42724609375,-41.85986328125,49.9716796875,0.0,6.0,4.0,12-07,43.68619051846591
11-23,0.0,0.0,11.4716796875,134.374755859375,-9.09912109375,52.5927734375,102.4140625,265.42724609375,-41.85986328125,50.06982421875,0.0,6.0,4.0,12-08,51.39921431107955
11-24,0.0,0.0,11.4716796875,134.374755859375,-9.09912109375,3.6904296875,102.4140625,265.42724609375,0.0,28.189453125,0.0,6.0,4.0,12-09,48.76986416903409
11-25,390.076904296875,0.0,11.4716796875,134.374755859375,3.77587890625,3.6904296875,102.4140625,265.42724609375,0.0,28.189453125,0.0,8.0,2.0,12-10,85.40185546875
11-26,390.076904296875,0.0,163.24560546875,89.583251953125,3.77587890625,3.6904296875,102.4140625,265.42724609375,-53.1123046875,79.4716796875,0.0,8.0,2.0,12-11,94.96115944602273
11-27,390.076904296875,0.0,57.35693359375,313.541259765625,3.77587890625,3.6904296875,102.4140625,265.42724609375,-53.1123046875,108.37548828125,0.0,8.0,2.0,12-12,108.3223544034091
11-28,390.076904296875,0.0,57.35693359375,313.541259765625,3.77587890625,0.0,-54.93603515625,-200.6396484375,-255.783203125,149.60302734375,0.0,5.0,5.0,12-13,36.63591974431818
11-29,390.076904296875,0.0,45.88525390625,313.541259765625,3.77587890625,0.0,-54.93603515625,-217.1142578125,-255.783203125,149.60302734375,0.0,5.0,5.0,12-14,34.09534801136363
11-30,390.076904296875,0.0,45.88525390625,313.541259765625,3.77587890625,0.0,-54.93603515625,-158.2705078125,-255.783203125,6.7099609375,0.0,5.0,5.0,12-15,26.45450106534091
12-01,390.076904296875,0.0,45.88525390625,313.541259765625,3.77587890625,0.0,125.49462890625,-158.2705078125,-255.783203125,6.7099609375,0.0,6.0,4.0,12-16,42.85728870738637
12-02,390.076904296875,0.0,34.413818359375,313.541259765625,3.77587890625,231.63916015625,125.49462890625,-158.2705078125,-255.783203125,6.7099609375,0.0,7.0,3.0,12-17,62.87253639914773
12-03,390.076904296875,0.0,34.413818359375,268.74951171875,-101.5947265625,231.63916015625,18.03466796875,-158.2705078125,-255.783203125,6.7099609375,0.0,6.0,4.0,12-18,39.45232599431818
12-04,390.076904296875,0.0,34.413818359375,53.427734375,-93.26953125,231.63916015625,18.03466796875,-164.53759765625,-255.783203125,-167.68798828125,0.0,5.0,5.0,12-19,4.210360440340909
12-05,390.076904296875,0.0,47.226318359375,53.427734375,-93.26953125,231.63916015625,18.03466796875,-164.53759765625,-255.783203125,-158.91455078125,0.0,5.0,5.0,12-20,6.172718394886363
12-06,390.076904296875,0.0,31.7666015625,53.427734375,-105.37060546875,37.830078125,-37.658203125,-164.53759765625,-255.783203125,-158.91455078125,0.0,4.0,6.0,12-21,-19.01480379971591
12-07,390.076904296875,0.0,-120.00732421875,53.427734375,-84.396484375,37.830078125,-104.3857421875,-164.53759765625,-202.6708984375,-200.513671875,0.0,3.0,7.0,12-22,-35.92518199573863
12-08,0.0,0.0,-14.11865234375,53.427734375,-84.396484375,37.830078125,-82.79150390625,-164.53759765625,-202.6708984375,-200.513671875,0.0,2.0,8.0,12-23,-59.79736328125
12-09,0.0,0.0,-14.11865234375,53.427734375,-84.396484375,55.36181640625,74.55859375,-22.74169921875,-202.6708984375,-200.513671875,0.0,3.0,7.0,12-24,-31.008478338068183
12-10,0.0,0.0,-14.11865234375,-170.5302734375,-84.396484375,55.36181640625,74.55859375,-22.74169921875,-202.6708984375,-146.27734375,0.0,2.0,8.0,12-25,-46.43772194602273
12-11,0.0,0.0,-14.11865234375,-170.5302734375,-84.396484375,55.36181640625,74.55859375,-22.74169921875,-451.2099609375,-187.5048828125,0.0,2.0,8.0,12-26,-72.78014026988636
12-12,0.0,0.0,-14.11865234375,-170.5302734375,-84.396484375,55.36181640625,74.55859375,-6.26708984375,-451.2099609375,-187.5048828125,0.0,2.0,8.0,12-27,-71.28244850852273
12-13,0.0,0.0,-2.647216796875,-170.5302734375,-84.396484375,156.8564453125,74.55859375,-6.26708984375,-451.2099609375,-187.5048828125,0.0,2.0,8.0,12-28,-61.01280628551137
12-14,0.0,0.0,-2.647216796875,-170.5302734375,-84.396484375,156.8564453125,-2.85009765625,-6.26708984375,-451.2099609375,-187.5048828125,0.0,1.0,9.0,12-29,-68.0499600497159
12-15,0.0,0.0,-2.647216796875,-170.5302734375,96.2734375,-74.78271484375,-2.85009765625,0.0,-451.2099609375,-187.5048828125,0.0,1.0,9.0,12-30,-72.11379172585227
12-16,0.0,0.0,-2.647216796875,-170.5302734375,201.64404296875,-74.78271484375,-2.85009765625,0.0,-451.2099609375,-187.5048828125,0.0,1.0,9.0,12-31,-62.53464577414773
12-17,0.0,0.0,-2.647216796875,0.0,201.64404296875,119.0263671875,-2.85009765625,0.0,-451.2099609375,-13.10693359375,0.0,2.0,8.0,01-01,-13.558527166193182
12-18,0.0,0.0,-15.459716796875,188.44677734375,180.669921875,119.0263671875,-2.85009765625,0.0,-451.2099609375,0.0,0.0,3.0,7.0,01-02,1.6930264559659092
12-19,0.0,0.0,0.0,188.44677734375,180.669921875,119.0263671875,-2.85009765625,0.0,-451.2099609375,0.0,0.0,3.0,7.0,01-03,3.0984552556818183
12-20,0.0,0.0,4.235595703125,188.44677734375,180.669921875,119.0263671875,63.87744140625,366.5263671875,-451.2099609375,0.0,0.0,6.0,4.0,01-04,42.87022816051137
12-21,0.0,0.0,4.235595703125,188.44677734375,180.669921875,119.0263671875,269.39794921875,366.5263671875,0.0,0.0,0.0,6.0,4.0,01-05,102.572998046875
12-22,0.0,0.0,4.235595703125,106.92626953125,180.669921875,101.49462890625,160.302734375,366.5263671875,0.0,327.42431640625,0.0,7.0,3.0,01-06,113.4163485440341
12-23,0.0,0.0,4.235595703125,125.738525390625,153.59912109375,0.0,160.302734375,366.5263671875,0.0,327.42431640625,0.0,6.0,4.0,01-07,103.43878728693181
12-24,0.0,0.0,4.235595703125,125.738525390625,153.59912109375,-275.28271484375,118.01953125,366.5263671875,80.2998046875,369.97216796875,0.0,7.0,3.0,01-08,85.73712713068181
12-26,0.0,0.0,4.235595703125,125.738525390625,-27.07080078125,-275.28271484375,118.01953125,366.5263671875,110.79150390625,507.3974609375,0.0,6.0,4.0,01-10,84.57776988636364
12-27,0.0,0.0,261.192138671875,125.738525390625,-27.07080078125,-275.28271484375,118.01953125,275.7490234375,110.79150390625,507.3974609375,0.0,6.0,4.0,01-11,99.6849698153409
12-28,0.0,0.0,261.192138671875,-62.708251953125,-27.07080078125,-275.28271484375,118.01953125,275.7490234375,110.79150390625,507.3974609375,0.0,5.0,5.0,01-12,82.55344460227273
12-29,0.0,0.0,261.192138671875,-62.708251953125,-27.07080078125,-382.95947265625,440.2880859375,275.7490234375,110.79150390625,507.3974609375,0.0,5.0,5.0,01-13,102.06178977272727
12-30,0.0,0.0,261.192138671875,26.875,-27.07080078125,-382.95947265625,440.2880859375,-90.77734375,110.79150390625,507.3974609375,0.0,5.0,5.0,01-14,76.88514293323864
12-31,0.0,0.0,305.312744140625,26.875,-27.07080078125,-382.95947265625,213.17333984375,-90.77734375,110.79150390625,507.3974609375,0.0,5.0,5.0,01-15,60.24931196732955
