,2010,2012,2013,2014,2015,2016,2017,2018,2019,2020,ups,downs,avg
01-02,0.0,0.0,0.0,4.863668759461759,-8.728940528803648,0.0,0.0,6.8965453455194,26.25675909266283,-6.382988756505463,3.0,5.0,2.2905043912334877
01-03,0.0,0.0,0.0,4.863668759461759,0.0,0.0,0.0,6.8965453455194,26.33053089337499,-10.422847057010488,3.0,5.0,2.7667897941345663
01-04,0.0,0.0,0.0,4.863668759461759,0.0,0.0,0.0,6.8965453455194,26.33053089337499,-11.23081269725077,3.0,5.0,2.685993230110538
01-05,0.0,0.0,0.0,4.863668759461759,0.0,0.0,21.052627451201833,6.8965453455194,26.33053089337499,-11.23081269725077,4.0,4.0,4.791255975230721
01-06,0.0,0.0,0.0,4.863668759461759,0.0,0.0,21.052627451201833,6.8965453455194,26.33053089337499,-7.832894566114565,4.0,4.0,5.1310477883443415
01-07,0.0,0.0,0.0,4.109583507484616,0.0,0.0,21.052627451201833,6.8965453455194,17.62863385819868,-4.3041215535305,4.0,4.0,4.538326860887403
01-08,0.0,0.0,0.0,13.636358710359813,0.0,0.0,21.052627451201833,6.8965453455194,22.69577929537623,-9.080992099580516,4.0,4.0,5.520031870287676
01-09,0.0,0.0,0.0,11.883115133882859,0.0,0.0,21.052627451201833,6.8965453455194,12.541567514364576,20.171671932703017,5.0,3.0,7.254552737767169
01-10,0.0,0.0,0.0,11.883115133882859,0.0,0.0,21.052627451201833,-6.206899032298011,13.36470734751343,15.879825650015192,4.0,4.0,5.59733765503153
01-11,0.0,0.0,0.0,11.883115133882859,0.0,0.0,21.052627451201833,-6.206899032298011,99.97647058948968,20.9442060223076,4.0,4.0,14.764952016458398
01-12,0.0,0.0,0.0,19.561353635233136,0.0,0.0,21.052627451201833,0.0,-19.62353146430937,39.407896978078874,3.0,5.0,6.039834660020448
01-13,0.0,0.0,0.0,19.561353635233136,0.0,0.0,21.052627451201833,0.0,-11.736265567373664,54.57460125614397,3.0,5.0,8.345231677520527
01-14,0.0,0.0,0.0,19.561353635233136,-26.30560395470462,0.0,21.052627451201833,0.0,-18.232561517883543,58.43621147875939,3.0,5.0,5.4512027092606195
01-15,0.0,0.0,0.0,19.561353635233136,-26.30560395470462,0.0,21.052627451201833,0.0,-11.675237750336,38.860532257070176,3.0,5.0,4.149367163846453
01-16,0.0,0.0,0.0,19.561353635233136,-26.30560395470462,0.0,21.052627451201833,0.0,-15.935974022275076,36.166665021330076,3.0,5.0,3.453906813078535
01-17,0.0,0.0,0.0,17.783050686488618,-26.30560395470462,0.0,21.052627451201833,0.0,-4.414858083579065,35.33332998057198,3.0,5.0,4.344854607997875
01-18,0.0,0.0,0.0,8.713697168274189,-26.30560395470462,0.0,0.0,0.0,-11.259054517993196,38.88333303220566,2.0,6.0,1.003237172778204
01-19,0.0,0.0,0.0,8.713697168274189,-26.30560395470462,0.0,0.0,0.0,1.6584877935086637,35.44014239003865,3.0,5.0,1.9506723397116885
01-20,0.0,0.0,0.0,8.713697168274189,-26.30560395470462,0.0,0.0,0.0,4.078375559515002,36.66666816793502,3.0,5.0,2.3153136941019596
01-21,0.0,0.0,0.0,8.713697168274189,-26.30560395470462,0.0,0.0,0.0,10.425530876062085,39.28808224157863,3.0,5.0,3.2121706331210285
01-22,0.0,0.0,0.0,8.713697168274189,-26.30560395470462,0.0,0.0,0.0,6.879010022373812,16.78571851467892,3.0,5.0,0.6072821750622304
01-23,0.0,0.0,0.0,0.0,-26.30560395470462,0.0,0.0,0.0,7.608694736696174,-13.01115066596831,1.0,7.0,-3.1708059883976754
01-24,0.0,0.0,0.0,0.0,-26.30560395470462,0.0,0.0,0.0,-4.838716212045028,-50.74349313674139,0.0,8.0,-8.188781330349105
01-25,0.0,0.0,0.0,0.0,-26.30560395470462,0.0,0.0,0.0,0.9216540179609126,-35.50184921188643,1.0,7.0,-6.088579914863014
01-26,0.0,0.0,0.0,0.0,-29.563489411956432,0.0,0.0,0.0,-3.018439741247164,-61.99998741679771,0.0,8.0,-9.458191657000132
01-27,0.0,0.0,0.0,0.0,-2.5793673085322038,0.0,0.0,0.0,0.49629193793228044,-52.830185879493726,1.0,7.0,-5.491326125009365
01-28,0.0,0.0,0.0,0.0,-2.5793673085322038,0.0,0.0,0.0,-4.953055045868993,-16.11854800004616,0.0,8.0,-2.365097035444736
01-29,0.0,0.0,0.0,0.0,-2.5793673085322038,0.0,0.0,0.0,4.834436589409137,-35.90034109822235,1.0,7.0,-3.364527181734542
01-30,0.0,0.0,0.0,0.0,-2.5793673085322038,0.0,0.0,0.0,8.113331981493008,-25.66371360496578,1.0,7.0,-2.0129748932004974
01-31,0.0,0.0,0.0,0.0,-2.5793673085322038,0.0,0.0,5.228759124770055,1.8340459294368214,-28.097341832379563,2.0,6.0,-2.361390408670489
02-01,0.0,0.0,0.0,0.0,-2.5793673085322038,0.0,0.0,5.228759124770055,-5.121893227967362,-33.628318073517285,1.0,7.0,-3.6100819485246793
02-02,0.0,0.0,0.0,0.0,-2.5793673085322038,0.0,0.0,5.228759124770055,-1.1183169493887792,-33.628318073517285,1.0,7.0,-3.209724320666821
02-03,0.0,0.0,0.0,-7.6579452685590494,-2.5793673085322038,0.0,0.0,5.228759124770055,-1.1183169493887792,-36.43550905875793,1.0,7.0,-4.256237946046791
02-04,0.0,0.0,0.0,-7.6579452685590494,-2.5793673085322038,0.0,0.0,5.228759124770055,-0.9602497059200336,-25.5605455328631,1.0,7.0,-3.152934869110433
02-05,0.0,0.0,-1384.117578503172,-4.3935629641536345,-2.5793673085322038,0.0,0.0,5.228759124770055,2.1484742744646144,-33.49876210361132,2.0,6.0,-141.72120374802347
02-06,0.0,0.0,-1384.117578503172,-5.3716481879852225,0.0,0.0,0.0,5.228759124770055,10.864657242995673,-6.257379109276511,2.0,6.0,-137.96531894326682
02-07,0.0,0.0,-1384.117578503172,-5.3716481879852225,0.0,0.0,0.0,5.228759124770055,11.199601237844794,-12.632815170542672,2.0,6.0,-138.5693681499085
02-08,0.0,0.0,-1384.117578503172,-5.3716481879852225,0.0,0.0,0.0,5.228759124770055,15.810273932826505,-23.494679300458223,2.0,6.0,-139.1944872934019
02-09,0.0,0.0,-1384.117578503172,-5.701759562026851,0.0,0.0,0.0,5.228759124770055,10.47430338835926,-39.46665765974291,2.0,6.0,-141.35829332118124
02-10,0.0,0.0,-1384.117578503172,-5.701759562026851,-63.63636715493772,0.0,0.0,5.228759124770055,9.399998188018799,-33.41836244983448,2.0,6.0,-147.2245310357182
02-11,0.0,0.0,-1187.244849550581,-5.701759562026851,-63.63636715493772,0.0,0.0,5.228759124770055,17.636363774291734,-22.638890211137046,2.0,6.0,-125.63567435796207
02-12,0.0,0.0,-1429.0909034424249,-5.701759562026851,-93.1034459134109,0.0,0.0,-20.833332557231156,13.013443206489473,-11.330047859885047,1.0,7.0,-154.70460461284895
02-13,0.0,0.0,-1429.0909034424249,-1.3583458994009308,-93.1034459134109,0.0,0.0,-27.500000465661284,11.166301692343165,26.705297843735426,2.0,6.0,-151.31810961848194
02-14,0.0,0.0,-1429.0909034424249,-1.3583458994009308,-93.1034459134109,0.0,0.0,-27.500000465661284,10.423873668818475,26.15894456361123,2.0,6.0,-151.44698774884685
02-15,0.0,0.0,-3.030307408973036,-4.527817094396176,-93.1034459134109,0.0,0.0,-27.500000465661284,5.963075666935105,33.27814681862067,2.0,6.0,-8.892034839688561
02-16,0.0,0.0,-3.030307408973036,-1.6352215309666507,-181.56424227555877,0.0,0.0,-27.500000465661284,2.60246750425476,-0.7500033993274906,1.0,7.0,-21.18773075762325
02-17,0.0,0.0,-3.030307408973036,-3.989706270308825,-181.56424227555877,0.0,0.0,-27.500000465661284,0.6326546351247114,4.502366530437548,2.0,6.0,-21.094923525493968
02-18,0.0,0.0,-3.030307408973036,-3.989706270308825,-181.56424227555877,0.0,0.0,-27.500000465661284,-4.484981004216773,35.623004202555805,1.0,7.0,-18.49462332221629
02-19,0.0,0.0,-3.030307408973036,-3.0244485669072243,-181.56424227555877,0.0,-26.66666004392862,-27.500000465661284,-1.6068439365832459,30.57376859461837,1.0,7.0,-21.281873410299376
02-20,0.0,0.0,-3.030307408973036,-2.702698556148457,-181.56424227555877,0.0,-26.66666004392862,-27.500000465661284,-3.223167894376,38.5245884119167,1.0,7.0,-20.616248823272944
02-21,0.0,0.0,-3.030307408973036,-2.702698556148457,-72.0670332463211,0.0,-26.66666004392862,-27.500000465661284,-7.758623790372502,35.73770487798667,1.0,7.0,-10.398761863341834
02-22,0.0,0.0,-18.78788281625522,-2.702698556148457,-66.48648343876911,0.0,-26.66666004392862,-27.500000465661284,-18.534488738575547,40.9836097610666,1.0,7.0,-11.969460429827164
02-23,0.0,0.0,0.0,-2.702698556148457,-66.48648343876911,0.0,-26.66666004392862,0.0,-15.431039222426543,33.44426328029128,1.0,7.0,-7.784261798098146
02-24,0.0,0.0,0.0,-2.702698556148457,-73.03370391460194,0.0,-26.66666004392862,0.0,-19.340465570979763,19.463091499212673,1.0,7.0,-10.228043658644612
02-25,0.0,0.0,9.959072669463245,7.79895982832761,-46.62921508218493,0.0,-26.66666004392862,0.0,-22.28310832239389,17.311605963529637,3.0,5.0,-6.050934498718695
02-26,0.0,0.0,9.959072669463245,10.687460917808268,-46.62921508218493,0.0,-26.66666004392862,0.0,-15.957054555057324,-19.132149930365713,2.0,6.0,-8.773854602426507
02-27,0.0,0.0,9.959072669463245,8.14557582702741,-0.5617988815423003,0.0,-26.66666004392862,0.0,-14.395878632123916,0.0,2.0,6.0,-2.351968906110418
02-28,0.0,0.0,15.708812657194882,10.225299366145398,-0.5617988815423003,0.0,-26.66666004392862,0.0,-7.692306684621444,-5.500000093132259,2.0,6.0,-1.4486653679884345
02-29,0.0,0.0,0.0,0.0,0.0,0.0,0.0,0.0,0.0,-56.50000772997754,0.0,2.0,-5.650000772997754
03-01,0.0,0.0,15.708812657194882,10.225299366145398,-0.5617988815423003,94.70899470378028,-26.66666004392862,33.333337472544606,-2.4175774223376187,-88.55422491126347,4.0,4.0,3.5776182940593144
03-02,0.0,0.0,15.708812657194882,10.225299366145398,-0.5617988815423003,94.70899470378028,0.0,33.333337472544606,-5.318679499087833,-125.99278988205751,4.0,4.0,2.210317593697752
03-03,0.0,0.0,21.05262947754958,10.225299366145398,-0.5617988815423003,94.70899470378028,0.0,33.333337472544606,-5.78366356454979,-84.29002385311144,4.0,4.0,6.868477472081635
03-04,0.0,0.0,34.88555531489977,10.225299366145398,-0.5617988815423003,94.70899470378028,0.0,33.333337472544606,-7.6853962322630975,-48.78048536715097,4.0,4.0,11.61255063764137
03-05,0.0,0.0,34.8469908186489,10.225299366145398,-3.9325837993573747,94.70899470378028,0.0,33.333337472544606,-13.88611819536249,-40.129530075879146,4.0,4.0,11.516639029052017
03-06,0.0,0.0,34.13174048790813,1.5209081240075808,-3.9325837993573747,94.70899470378028,0.0,33.333337472544606,-7.159350678285029,-15.803105482941923,4.0,4.0,13.679994082765626
03-07,0.0,0.0,34.523809974335954,1.5209081240075808,0.0,94.70899470378028,0.0,33.333337472544606,-3.9370054284673874,-27.202068713459465,4.0,4.0,13.29479761327416
03-08,0.0,0.0,27.28174623823732,-9.695817619753038,0.0,94.70899470378028,0.0,33.333337472544606,-1.4358466026595562,-27.202068713459465,3.0,5.0,11.699034547869015
03-09,0.0,0.0,27.28174623823732,-9.695817619753038,0.0,94.70899470378028,0.0,33.333337472544606,-0.5187591743252239,-44.15736474331154,3.0,5.0,10.095213687717239
03-10,0.0,0.0,27.28174623823732,-0.057799278018950156,0.0,94.70899470378028,0.0,33.333337472544606,-4.840580972513131,-48.85495999524005,3.0,5.0,10.15707381687901
03-11,0.0,0.0,27.497525493337815,-0.057799278018950156,0.0,94.70899470378028,0.0,33.333337472544606,-8.510000876933322,-35.68521144371812,3.0,5.0,11.128684607099231
03-12,0.0,0.0,24.66597874041278,-0.057799278018950156,0.0,0.0,-20.000004768371582,33.333337472544606,-13.891058495813041,-0.6060595798098296,2.0,6.0,2.344439409094398
03-13,0.0,0.0,4.7445295699938335,-0.057799278018950156,0.0,0.0,-20.000004768371582,33.333337472544606,-21.91854606830544,16.060607086856816,3.0,5.0,1.2162124014699285
03-14,0.0,0.0,-1.7031555365026954,-0.057799278018950156,0.0,0.0,-20.000004768371582,0.0,-20.57493019418708,-0.3030354342842065,0.0,8.0,-4.263892521136452
03-15,0.0,0.0,-23.308994529134925,-0.057799278018950156,0.0,0.0,-20.000004768371582,0.0,-18.445567330879552,-6.774200177155605,0.0,8.0,-6.858656608356061
03-16,0.0,0.0,-23.23600712123207,-0.057799278018950156,0.0,0.0,-20.000004768371582,0.0,-14.56747366417058,-3.243919009914104,0.0,8.0,-6.110520384170728
03-17,0.0,0.0,-23.23600712123207,-0.057799278018950156,0.0,0.0,-20.000004768371582,0.0,-29.25825510895031,-29.337542323763216,0.0,8.0,-10.188960860033614
03-18,0.0,0.0,-23.23600712123207,-0.057799278018950156,37.32394462266956,0.0,-20.000004768371582,0.0,-16.64769898199623,-15.568869688895845,1.0,7.0,-3.8186435215845123
03-19,0.0,0.0,-13.86363909756836,8.786131094936623,37.32394462266956,0.0,-20.000004768371582,0.0,-22.074992793080902,-37.36654992985917,2.0,6.0,-4.719511087127383
03-20,0.0,0.0,-19.714962379700577,11.744968657890748,37.32394462266956,0.0,-20.000004768371582,-87.50000582076603,-34.769041302819126,-21.20996630468381,2.0,6.0,-13.41250672957808
03-21,0.0,0.0,-19.714962379700577,3.243846137075628,37.32394462266956,0.0,-20.000004768371582,-111.76471206968624,-14.999996688630961,-21.20996630468381,2.0,6.0,-14.712185145132798
03-22,0.0,0.0,-20.071253741925766,3.243846137075628,37.32394462266956,0.0,-20.000004768371582,-111.76471206968624,-11.111108351636926,-15.457631074022668,2.0,6.0,-13.7836919245898
03-23,0.0,0.0,-15.558188290646402,3.243846137075628,37.32394462266956,0.0,0.0,-111.76471206968624,-6.583332753843769,-23.85455111944974,2.0,6.0,-11.719299347388096
03-24,0.0,0.0,-28.703698622766865,3.6748321047342545,19.090907243657693,0.0,0.0,-111.76471206968624,-10.195295940404957,4.90322717097005,3.0,5.0,-12.299474011349606
03-25,0.0,0.0,-30.01067977582283,3.6748321047342545,19.090907243657693,0.0,0.0,-111.76471206968624,-16.061712263349445,-10.000001862645204,2.0,6.0,-14.507136662311177
03-26,0.0,0.0,-5.9278353682891005,3.6748321047342545,19.090907243657693,0.0,0.0,-111.76471206968624,-1.1245097515897216,-3.333333954215076,2.0,6.0,-9.93846517953882
03-27,0.0,0.0,9.670330522544337,3.6748321047342545,19.090907243657693,0.0,0.0,-111.76471206968624,-8.021854923008807,-6.866672540207848,3.0,5.0,-9.421716966196659
03-28,0.0,0.0,9.670330522544337,3.6748321047342545,19.090907243657693,0.0,0.0,-111.76471206968624,2.0588232973867657,-5.666669584810811,4.0,4.0,-8.293648848617398
03-29,0.0,0.0,3.2967052544937445,3.6748321047342545,19.090907243657693,0.0,0.0,-111.76471206968624,-8.529407046864256,-15.272728504228205,3.0,5.0,-10.9504403017893
03-30,0.0,0.0,3.2967052544937445,3.6748321047342545,19.090907243657693,0.0,0.0,-12.941176264343794,-4.3235280479733245,20.947632081047452,4.0,4.0,2.974537237161603
03-31,0.0,0.0,3.2967052544937445,6.233062750864478,-29.090914016912816,0.0,0.0,-12.941176264343794,-7.484843939241917,11.640211848788686,3.0,5.0,-2.8346954366351618
04-01,0.0,0.0,3.2967052544937445,-7.054452898353208,-29.090914016912816,0.0,0.0,-12.941176264343794,-5.18980244382589,25.661372089493717,2.0,6.0,-2.531826827944825
04-02,0.0,0.0,7.472530512860874,-10.643559736798304,-29.090914016912816,0.0,0.0,-12.941176264343794,5.736977967236032,21.95766966332444,3.0,5.0,-1.7508471874633567
04-03,0.0,0.0,7.472530512860874,-10.643559736798304,0.0,0.0,0.0,0.0,-10.769239233796018,27.248675945070705,2.0,6.0,1.3308407487337255
04-04,0.0,0.0,16.923081034436862,-11.13861022775834,0.0,0.0,0.0,0.0,-7.13846342888111,17.98941741583112,2.0,6.0,1.663542479362853
04-05,0.0,0.0,17.75824294212916,-11.13861022775834,0.0,0.0,0.0,0.0,-1.7230786442051733,15.760872811202189,2.0,6.0,2.0657426881367837
04-06,0.0,0.0,14.72527578478485,-11.13861022775834,0.0,0.0,0.0,0.0,-13.553849130551582,1.5873047785303125,2.0,6.0,-0.837987879499476
04-07,0.0,0.0,14.72527578478485,-11.622128030335023,0.0,-25.999992052714344,0.0,0.0,-19.82142796667363,0.0,1.0,7.0,-4.271827226493815
04-08,0.0,0.0,14.72527578478485,-11.622128030335023,0.0,-25.999992052714344,0.0,0.0,-23.01666049096342,14.062504547473273,2.0,6.0,-3.185100024175467
04-09,0.0,0.0,0.0,-11.622128030335023,0.0,-25.999992052714344,0.0,0.0,-15.394817481049245,-8.37837914030768,0.0,8.0,-6.139531670440629
04-10,0.0,0.0,0.0,-11.830639074638958,0.0,-25.999992052714344,0.0,0.0,-20.3539840746938,-2.1621584613624782,0.0,8.0,-6.034677366340958
04-11,0.0,0.0,0.0,-14.881699250540212,0.0,-25.999992052714344,0.0,0.0,-17.941392315942963,-2.1621584613624782,0.0,8.0,-6.098524208056
04-12,0.0,0.0,0.0,-0.6226718558585811,0.0,-25.999992052714344,0.0,0.0,-20.51464925819058,-2.1621584613624782,0.0,8.0,-4.929947162812598
04-13,0.0,0.0,0.0,-0.6226718558585811,0.0,-25.999992052714344,0.0,0.0,-21.479624605768954,-5.292475235380792,0.0,8.0,-5.339476374972267
04-14,0.0,0.0,0.0,-0.6226718558585811,3.083700151348524,-25.999992052714344,0.0,0.0,-18.771402391038183,-4.132229539048214,1.0,7.0,-4.64425956873108
04-15,0.0,0.0,-42.63323226079853,-0.6226718558585811,3.083700151348524,-25.999992052714344,0.0,0.0,-25.888879065160765,6.551298399534197,2.0,6.0,-8.55097766836495
04-16,0.0,0.0,-42.63323226079853,-0.6226718558585811,3.083700151348524,-25.999992052714344,0.0,0.0,-19.39750256089771,2.1276559908365784,2.0,6.0,-8.344204258808407
04-17,0.0,0.0,-31.88406167674323,-6.556289916362445,3.083700151348524,-26.845631274676297,0.0,0.0,-21.451102803439586,16.223401699346677,2.0,6.0,-6.742998382052635
04-18,0.0,0.0,-31.88406167674323,-6.556289916362445,3.083700151348524,-26.845631274676297,0.0,0.0,-28.150368693939633,20.212766589852375,2.0,6.0,-7.013988482052071
04-19,0.0,0.0,-31.88406167674323,-6.556289916362445,3.083700151348524,-26.845631274676297,0.0,0.0,-28.74840111685506,20.212766589852375,2.0,6.0,-7.073791724343613
04-20,0.0,0.0,-31.88406167674323,-6.556289916362445,3.083700151348524,-0.6711422819837666,0.0,0.0,-28.74840111685506,25.742573024913717,2.0,6.0,-3.903362181568226
04-21,0.0,0.0,-31.88406167674323,-6.556289916362445,3.083700151348524,-0.6711422819837666,0.0,0.0,-26.108792944804954,-12.280707028727388,1.0,7.0,-7.441729369727327
04-22,0.0,0.0,-31.88406167674323,-6.556289916362445,3.083700151348524,-0.6711422819837666,0.0,0.0,-29.356228253817278,-48.59437618818436,1.0,7.0,-11.397839816574256
04-23,0.0,0.0,-31.88406167674323,-4.62540596200229,3.083700151348524,-0.6711422819837666,0.0,0.0,-18.062520235481692,-23.333337679505505,1.0,7.0,-7.549276768436796
04-24,0.0,0.0,-31.88406167674323,-4.62540596200229,3.083700151348524,-0.6711422819837666,0.0,0.0,-5.584910532298746,-19.666670950750596,1.0,7.0,-5.9348491252430104
04-25,0.0,0.0,-31.88406167674323,-4.62540596200229,0.0,-0.6711422819837666,0.0,0.0,2.98654647268976,-21.0000020489097,1.0,7.0,-5.5194065496949225
04-26,0.0,0.0,7.536231503469624,-4.62540596200229,0.0,-0.6711422819837666,0.0,0.0,8.471470936901596,-45.1999970495701,2.0,6.0,-3.4488842853184933
04-27,0.0,0.0,7.536231503469624,-4.62540596200229,0.0,-0.6711422819837666,0.0,0.0,7.725690533107901,-51.24999786571909,2.0,6.0,-4.128462407312762
04-28,0.0,0.0,7.536231503469624,-4.62540596200229,0.0,0.0,0.0,0.0,3.4751832261541993,-49.870318766974464,2.0,6.0,-4.348430999935293
04-29,0.0,0.0,9.631725691925505,-4.62540596200229,0.0,0.0,0.0,0.0,9.0848407611358,-20.127790545856154,2.0,6.0,-0.603663005479714
04-30,0.0,0.0,2.266286808907765,1.628662977313826,0.0,0.0,0.0,0.0,12.24913586156708,-4.44444743387506,3.0,5.0,1.1699638213913612
05-01,0.0,0.0,2.266286808907765,14.785551430097776,0.0,0.0,0.0,0.0,16.452535601117727,-12.222222682134625,3.0,5.0,2.128215115798864
05-02,0.0,0.0,-14.238412896455774,14.785551430097776,0.0,0.0,0.0,0.0,3.238867007374396,20.833329883990316,3.0,5.0,2.461933542500671
05-03,0.0,0.0,-14.238412896455774,14.785551430097776,0.0,0.0,0.0,0.0,5.668015754690453,29.455442759990234,3.0,5.0,3.567059704832269
05-04,0.0,0.0,-14.238412896455774,14.785551430097776,0.0,0.0,29.775282121670827,0.0,3.1255035551939434,24.99999754915104,4.0,4.0,5.844792175965781
05-05,0.0,0.0,-14.238412896455774,14.785551430097776,0.0,-49.00000171363351,29.775282121670827,0.0,-4.034780864499248,-3.750001358178743,2.0,6.0,-2.646236328099867
05-06,0.0,0.0,-14.238412896455774,13.374717525441113,0.0,-49.00000171363351,29.775282121670827,0.0,-8.100294138892314,10.447765426371188,3.0,5.0,-1.7740943675498468
05-07,0.0,0.0,-14.238412896455774,13.374717525441113,0.0,-49.00000171363351,29.775282121670827,0.0,11.63721579723847,50.29820838711737,4.0,4.0,4.18470092213785
05-08,0.0,0.0,-14.238412896455774,13.374717525441113,0.0,-49.00000171363351,29.775282121670827,0.0,-15.682356323585465,52.28628034787843,3.0,5.0,1.6515509061315625
05-09,0.0,0.0,-14.238412896455774,13.374717525441113,0.0,-49.00000171363351,29.775282121670827,0.0,-15.008161910722716,46.341946259093724,3.0,5.0,1.1245369385393666
05-10,0.0,0.0,-16.887417009413113,13.374717525441113,0.0,-49.00000171363351,29.775282121670827,0.0,-22.104408647219433,46.341946259093724,3.0,5.0,0.15001185359396133
05-11,0.0,0.0,-16.887417009413113,13.374717525441113,0.0,-12.878791470665597,29.775282121670827,0.0,-17.862974095618906,46.55445699248399,3.0,5.0,4.207527406389832
05-12,0.0,0.0,-16.887417009413113,13.374717525441113,0.0,-12.878791470665597,29.775282121670827,0.0,-17.862974095618906,32.25108005197342,3.0,5.0,2.777189712338774
05-13,0.0,0.0,-16.887417009413113,13.374717525441113,0.0,-12.878791470665597,29.775282121670827,0.0,-17.146331635575468,29.27308902309204,3.0,5.0,2.5510548554549803
05-14,0.0,0.0,-16.887417009413113,0.0,0.0,-12.878791470665597,29.775282121670827,0.0,-17.53356027185373,14.587740707507466,2.0,6.0,-0.2936745922754147
05-15,0.0,0.0,-5.964915157281797,0.0,0.0,-12.878791470665597,29.775282121670827,0.0,-5.106380658216643,19.66173576318874,2.0,6.0,2.548693059869553
05-16,0.0,0.0,-5.964915157281797,0.0,0.0,-12.878791470665597,29.775282121670827,0.0,-3.7017013149960865,49.260041567309194,2.0,6.0,5.648991574603654
05-17,0.0,0.0,-5.964915157281797,0.0,0.0,-12.878791470665597,0.0,0.0,0.19838653057045014,58.833618630081034,2.0,6.0,4.018829853270409
05-18,0.0,0.0,-5.964915157281797,0.0,0.0,24.242422703048078,0.0,0.0,-35.21799641563214,59.59595902582028,2.0,6.0,4.265547015595442
05-19,0.0,0.0,-5.964915157281797,0.0,0.0,24.242422703048078,0.0,0.0,-28.162392601789854,36.19047260879105,2.0,6.0,2.6305587552767475
05-20,0.0,0.0,-5.964915157281797,-15.514987614745737,0.0,24.242422703048078,0.0,0.0,-42.02499973889802,2.8957586851940644,2.0,6.0,-3.6366721122683403
05-21,0.0,0.0,-5.964915157281797,4.731185938226131,0.0,24.242422703048078,0.0,17.073169136104084,-21.42857294909813,8.014571652360262,4.0,4.0,2.666786132335863
05-22,0.0,0.0,-5.964915157281797,4.731185938226131,0.0,24.242422703048078,0.0,17.073169136104084,-15.17143999601889,15.84699765021725,4.0,4.0,4.075742027429486
05-23,0.0,0.0,-5.964915157281797,4.731185938226131,0.0,24.242422703048078,0.0,17.073169136104084,-11.628960548265622,7.285975463162478,4.0,4.0,3.573887753499335
05-24,0.0,0.0,-5.964915157281797,4.731185938226131,0.0,0.0,0.0,17.073169136104084,-7.873301562619314,1.8322034363486894,3.0,5.0,0.9798341790777794
05-25,0.0,0.0,0.0,4.731185938226131,0.0,0.0,0.0,17.073169136104084,-6.334840957749531,0.6829238579005038,3.0,5.0,1.615243797448119
05-26,0.0,0.0,0.0,4.731185938226131,0.0,0.0,0.0,17.073169136104084,-7.0127468030190725,-1.8000006407499218,2.0,6.0,1.2991607630561224
05-27,0.0,0.0,0.0,4.731185938226131,0.0,0.0,0.0,17.073169136104084,-14.522415972011379,-5.580360335369287,2.0,6.0,0.17015787669495525
05-28,0.0,0.0,0.0,4.731185938226131,0.0,0.0,0.0,17.073169136104084,-17.476505753640538,-20.45454545454544,2.0,6.0,-1.612669613385576
05-29,0.0,0.0,0.0,4.731185938226131,0.0,0.0,0.0,17.073169136104084,-1.50571969299927,-22.72727272727274,2.0,6.0,-0.24286373459417945
05-30,0.0,0.0,20.833333885228207,4.731185938226131,0.0,0.0,0.0,17.073169136104084,-20.000003056648588,-8.471071581299535,3.0,5.0,1.4166614321610302
05-31,0.0,0.0,20.833333885228207,17.526880252539108,0.0,0.0,0.0,17.073169136104084,-8.287185581666451,-24.11346899378414,3.0,5.0,2.3032728698420812
06-01,0.0,0.0,20.833333885228207,6.119945414691853,0.0,17.499998603016106,0.0,0.0,-7.692308280124709,-17.977522352159976,3.0,5.0,1.8783447270651483
06-02,0.0,0.0,20.833333885228207,6.004897807250263,0.0,17.499998603016106,0.0,0.0,-6.16784538771763,-26.034069457359337,3.0,5.0,1.2136315450417612
06-03,0.0,0.0,20.833333885228207,-2.310234117738782,0.0,17.499998603016106,0.0,0.0,-10.526313725600916,-37.25000740401463,2.0,7.0,-1.1753222759110016
06-04,0.0,0.0,19.943821616823556,-2.310234117738782,0.0,17.499998603016106,0.0,32.78688740839206,-5.657567911580428,-27.552275263494373,3.0,6.0,3.471063033541814
06-05,0.0,0.0,18.10345146517121,-2.5358326101806967,0.0,17.499998603016106,0.0,32.78688740839206,-20.534499419313903,-26.07626297196059,3.0,6.0,1.9243742475124193
06-06,0.0,0.0,18.10345146517121,-2.5358326101806967,0.0,17.499998603016106,0.0,32.78688740839206,-12.615392304031367,-23.00123507352198,3.0,6.0,3.023787748884534
06-07,0.0,0.0,18.10345146517121,-2.5358326101806967,0.0,17.499998603016106,0.0,32.78688740839206,-5.2307739097927834,-13.636365945427883,3.0,6.0,4.698736501117802
06-08,0.0,0.0,18.10345146517121,-2.5358326101806967,0.0,17.499998603016106,0.0,32.78688740839206,-2.5846179663077713,-23.51779134453442,3.0,6.0,3.9752095555556495
06-09,0.0,0.0,18.10345146517121,-2.5358326101806967,0.0,17.499998603016106,0.0,32.78688740839206,-1.5328410953193177,1.7543911245940476,4.0,5.0,6.607605489567343
06-10,0.0,0.0,18.10345146517121,-2.5358326101806967,0.0,17.499998603016106,0.0,32.78688740839206,0.37848800708844077,-1.043843479318572,4.0,5.0,6.518914939416855
06-11,0.0,0.0,18.10345146517121,-2.5358326101806967,0.0,17.499998603016106,0.0,32.78688740839206,-12.051287811888926,19.88636171214343,4.0,5.0,7.368957876665318
06-12,0.0,0.0,-3.4482725546372612,9.922826114457346,0.0,17.499998603016106,0.0,32.78688740839206,2.0100543151066783,15.719695045476763,5.0,4.0,7.449118893181169
06-13,0.0,0.0,-3.4482725546372612,10.033078277590066,0.0,17.499998603016106,0.0,32.78688740839206,-4.324889001678002,22.15909219190438,4.0,5.0,7.4705894924587355
06-14,0.0,0.0,-3.4482725546372612,-0.22050432626544045,0.0,0.0,0.0,32.78688740839206,-0.21096616972815047,18.61386600212408,2.0,7.0,4.752101035988529
06-15,0.0,0.0,-2.2988483697581654,-0.22050432626544045,0.0,0.0,0.0,0.0,-6.276367332788896,8.66667229599399,1.0,8.0,-0.012904773281851157
06-16,0.0,0.0,-2.2988483697581654,-0.22050432626544045,0.0,0.0,0.0,0.0,-18.16796105144597,6.976749424421009,1.0,8.0,-1.3710564323048569
06-17,0.0,0.0,-2.2988483697581654,-0.22050432626544045,0.0,0.0,0.0,0.0,-4.404142337433145,4.352944692938316,1.0,8.0,-0.2570550340518435
06-18,0.0,0.0,0.0,0.0,0.0,0.0,0.0,0.0,16.62119180966033,-3.529410114750335,1.0,8.0,1.3091781694909996
06-19,0.0,0.0,0.0,0.0,0.0,0.0,0.0,0.0,11.323330875104741,4.752944447507461,2.0,7.0,1.6076275322612201
06-20,0.0,0.0,-11.82519382618458,0.0,0.0,0.0,0.0,0.0,-18.686748046758424,-7.294118327665487,0.0,9.0,-3.780606020060849
06-21,0.0,0.0,-11.82519382618458,0.0,0.0,0.0,0.0,0.0,-20.963861002322158,17.090907243657693,1.0,8.0,-1.5698147584849043
06-22,0.0,0.0,-11.82519382618458,0.0,0.0,0.0,0.0,0.0,-17.469879680300078,13.63636171214343,1.0,8.0,-1.565871179434123
06-23,0.0,0.0,-11.82519382618458,0.0,0.0,0.0,0.0,0.0,-10.169486816639713,8.008451336633032,1.0,8.0,-1.398622930619126
06-24,0.0,0.0,-11.82519382618458,0.0,0.0,0.0,0.0,0.0,-18.61313693288234,-7.975457879308824,0.0,9.0,-3.841378863837575
06-25,0.0,0.0,-11.82519382618458,1.8398289062909217,0.0,0.0,0.0,0.0,-25.157237714484182,-3.2719856497858455,1.0,8.0,-3.8414588284163687
06-26,0.0,0.0,-27.47252728058723,1.8398289062909217,0.0,0.0,0.0,0.0,-25.896417141480388,7.975457879308838,2.0,7.0,-4.355365763646786
06-27,0.0,0.0,-27.47252728058723,1.8398289062909217,0.0,0.0,0.0,0.0,-18.006913519952242,12.065438036996017,2.0,7.0,-3.1574173857252528
06-28,0.0,0.0,-27.47252728058723,1.8398289062909217,0.0,0.0,0.0,0.0,-33.56401430470205,5.494500366101888,2.0,7.0,-5.370221231289646
06-29,0.0,0.0,-27.47252728058723,1.8398289062909217,0.0,20.000002980232196,0.0,0.0,-52.17992641404541,13.999998360872294,3.0,6.0,-4.381262344723723
06-30,0.0,0.0,-27.47252728058723,1.8398289062909217,0.0,20.000002980232196,0.0,0.0,-44.575938023708225,15.338645211369409,3.0,6.0,-3.4869988206402924
07-01,0.0,0.0,-27.94117582607435,1.2520414671814502,0.0,20.000002980232196,0.0,0.0,-50.905839635205844,-12.244900286520448,2.0,7.0,-6.983987130038699
07-02,0.0,0.0,-14.833946300746645,1.2520414671814502,0.0,20.000002980232196,0.0,0.0,-8.2844039666832,-16.04395777141831,2.0,7.0,-1.7910263591434508
07-03,0.0,0.0,-14.833946300746645,1.2520414671814502,0.0,20.000002980232196,0.0,0.0,-17.999996026357174,-14.439561175531344,2.0,7.0,-2.602145905522151
07-05,0.0,0.0,-14.833946300746645,1.2520414671814502,0.0,20.000002980232196,-137.3333280351429,0.0,-17.428568357107604,25.614287062992847,3.0,6.0,-12.272951118259064
07-06,0.0,0.0,-14.833946300746645,1.2520414671814502,0.0,20.000002980232196,-137.3333280351429,0.0,-13.571424085874966,0.8190458984871843,3.0,6.0,-14.366760807586369
07-07,0.0,0.0,-22.039217519558505,1.2520414671814502,0.0,20.000002980232196,-137.3333280351429,0.0,-17.77776894746036,29.130431918806377,3.0,6.0,-12.676783813594175
07-08,0.0,0.0,-26.504062613757647,-0.5988044158443219,0.0,20.000002980232196,-137.3333280351429,0.0,-13.733903841035518,29.130431918806377,2.0,7.0,-12.903966400674182
07-09,0.0,0.0,-10.975608810554927,-0.5988044158443219,0.0,20.000002980232196,-137.3333280351429,0.0,-8.18965452643104,10.60904103784097,2.0,7.0,-12.648835176990001
07-10,0.0,0.0,-10.975608810554927,-0.5988044158443219,0.0,20.000002980232196,-612.0000017881393,0.0,-20.416671245669413,1.7681735063068285,2.0,7.0,-62.22229097736688
07-11,0.0,0.0,-39.9999975546813,-0.5988044158443219,0.0,20.000002980232196,-612.0000017881393,0.0,-22.95876829435249,1.375246873665455,2.0,7.0,-65.41823221991197
07-12,0.0,0.0,-39.487177543464625,0.0,0.0,0.0,-423.5293924292901,0.0,-17.801135511846137,1.5686248156346492,1.0,8.0,-47.92490806689663
07-13,0.0,0.0,-38.97435753224794,0.0,0.0,0.0,-423.5293924292901,0.0,-23.928861591642782,1.5686248156346492,1.0,8.0,-48.48639867375462
07-14,0.0,0.0,-30.917880461066964,0.0,0.0,0.0,-423.5293924292901,0.0,-20.708659310890564,3.9215693435775414,1.0,8.0,-47.123436285767006
07-15,0.0,0.0,-30.917880461066964,0.0,0.0,0.0,-423.5293924292901,0.0,-17.022904905223516,5.089699145125931,1.0,8.0,-46.638047865045465
07-16,0.0,0.0,-30.917880461066964,0.0,0.0,0.0,-423.5293924292901,0.0,-22.7495984185746,-47.3684235292789,0.0,9.0,-52.45652948382106
07-17,0.0,0.0,-30.917880461066964,0.0,0.0,0.0,-423.5293924292901,0.0,-7.361961998382835,-10.526313725600916,0.0,9.0,-47.23355486143408
07-18,0.0,0.0,-24.99999999999997,0.0,0.0,4.761900369272073,-120.58823207154836,0.0,-6.930698328024805,-45.2631560785288,1.0,8.0,-19.30201861088299
07-19,0.0,0.0,-20.58823941900661,0.0,0.0,4.761900369272073,-120.58823207154836,0.0,-10.732672103397181,-45.2631560785288,1.0,8.0,-19.241039930320888
07-20,0.0,0.0,-20.58823941900661,0.0,0.0,0.0,-120.58823207154836,0.0,-10.257428332200648,-45.2631560785288,0.0,9.0,-19.66970559012844
07-21,0.0,0.0,-33.69565182180623,0.0,0.0,0.0,26.470591135606476,0.0,-16.42689706882352,-3.2161543301136644,1.0,8.0,-2.686811208513694
07-22,0.0,0.0,-33.69565182180623,0.0,0.0,0.0,26.470591135606476,0.0,-7.24190656329532,22.2900730623286,2.0,7.0,0.7823105812833525
07-23,0.0,0.0,-33.69565182180623,0.0,0.0,0.0,26.470591135606476,0.0,-9.090907243657693,-20.510400003943595,1.0,8.0,-3.682636793380104
07-24,0.0,0.0,-5.978261538568201,0.0,0.0,0.0,26.470591135606476,0.0,0.08077681027890109,-20.510400003943595,2.0,7.0,0.006270640337358202
07-25,0.0,0.0,-12.49999433108012,0.0,0.0,0.0,0.0,0.0,25.11791993841322,-20.510400003943595,1.0,8.0,-0.7892474396610496
07-26,0.0,0.0,-12.49999433108012,0.0,0.0,0.0,0.0,0.0,22.759433309526035,-96.15383843874807,1.0,8.0,-8.589439946030215
07-27,0.0,0.0,-12.49999433108012,0.0,0.0,0.0,0.0,0.0,27.948112679140124,-6.249997089616979,1.0,8.0,0.9198121258443024
07-28,0.0,0.0,-12.49999433108012,0.0,0.0,0.0,0.0,0.0,27.261905384898327,0.12499901046977308,2.0,7.0,1.488691006428798
07-29,0.0,0.0,-39.864858551736056,0.0,0.0,-4.999995157122685,0.0,0.0,29.01539550053316,5.000002607703171,2.0,7.0,-1.0849455600622409
07-30,0.0,0.0,-39.864858551736056,0.0,0.0,-4.999995157122685,0.0,0.0,24.18604792195952,-5.555550036607201,1.0,8.0,-2.623435582350642
07-31,0.0,0.0,-37.837833483955905,0.0,0.0,-4.999995157122685,0.0,0.0,25.778955776403045,-5.555550036607201,1.0,8.0,-2.2614422901282745
08-01,0.0,0.0,-24.324324977406604,0.0,0.0,-4.999995157122685,0.0,0.0,28.407181824508932,-48.55554771864889,1.0,8.0,-4.947268602866925
08-02,0.0,0.0,-24.324324977406604,0.0,0.0,0.0,0.0,0.0,22.2754430641785,-48.55554771864889,1.0,8.0,-5.0604429631876995
08-03,0.0,0.0,-24.324324977406604,-14.812499064020795,0.0,-25.00000465661298,0.0,0.0,34.131735191189925,-55.46510897556686,1.0,8.0,-8.547020248241731
08-04,0.0,0.0,-24.324324977406604,-14.812499064020795,0.0,-25.00000465661298,0.0,0.0,32.55671577319391,-37.89473568633651,1.0,8.0,-6.947484861118298
08-05,0.0,0.0,-24.324324977406604,-14.812499064020795,0.0,-25.00000465661298,0.0,0.0,34.367544418528425,10.905265944948523,2.0,7.0,-1.8864018334563426
08-06,0.0,0.0,-24.324324977406604,-14.812499064020795,0.0,-25.00000465661298,0.0,0.0,21.446699463718936,55.40308631676584,2.0,7.0,1.2712957082444398
08-07,0.0,0.0,-39.3939363836039,-14.812499064020795,0.0,-25.00000465661298,8.108104298461411,0.0,-23.79562175587024,17.66723726016206,2.0,7.0,-7.722672030148445
08-08,0.0,0.0,-39.3939363836039,-14.812499064020795,0.0,-25.00000465661298,8.108104298461411,0.0,-27.552962424770115,17.66723726016206,2.0,7.0,-8.098406097038431
08-09,0.0,0.0,-12.121209110876647,-14.812499064020795,0.0,-25.00000465661298,8.108104298461411,0.0,-30.70382676231046,17.66723726016206,2.0,7.0,-5.68621980351974
08-10,0.0,0.0,-12.121209110876647,-14.812499064020795,0.0,-25.00000465661298,-36.000005364417945,0.0,-30.589943916148922,-5.49450855355326,0.0,9.0,-12.401817066563055
08-11,0.0,0.0,-12.121209110876647,-14.812499064020795,0.0,-25.00000465661298,-36.000005364417945,0.0,-29.03225626150564,-6.382983951290353,0.0,9.0,-12.334895840872436
08-12,0.0,0.0,-12.121209110876647,-20.065362532597494,0.0,-25.00000465661298,-36.000005364417945,0.0,-35.96838880511648,-50.000009313225945,0.0,9.0,-17.91549797828475
08-13,0.0,0.0,-12.121209110876647,-20.065362532597494,0.0,-25.00000465661298,-36.000005364417945,0.0,-44.030482652512624,1.1857695223325737,1.0,8.0,-13.603129479468512
08-14,0.0,0.0,-12.121209110876647,-3.896108017862211,0.0,-25.00000465661298,-36.000005364417945,0.0,-55.92903068226933,5.577513644468414,1.0,8.0,-12.736884418757068
08-15,0.0,0.0,-12.977105627443109,-3.896108017862211,0.0,-11.111108351636926,-36.000005364417945,0.0,-26.728827007711438,-4.303904495142603,0.0,9.0,-9.501705886421423
08-16,0.0,0.0,-12.977105627443109,-3.896108017862211,0.0,11.111116630059483,-36.000005364417945,0.0,-30.225331718712862,-69.03913960909512,1.0,8.0,-14.102657370747176
08-17,0.0,0.0,-12.977105627443109,-3.896108017862211,0.0,11.111116630059483,-36.000005364417945,0.0,-22.455319963352636,-5.555550036607201,1.0,8.0,-6.977297237962361
08-18,0.0,0.0,-12.977105627443109,-3.896108017862211,0.0,11.111116630059483,-47.99999970197681,0.0,-22.455319963352636,-61.01694615604346,1.0,8.0,-13.723436283661874
08-19,0.0,0.0,-12.977105627443109,-3.896108017862211,0.0,11.111116630059483,-47.99999970197681,0.0,-24.584984976919692,-149.1453045540322,1.0,8.0,-22.749238624817455
08-20,0.0,0.0,5.714280362031807,-3.896108017862211,0.0,11.111116630059483,-47.99999970197681,0.0,-3.55252456410726,-142.9166632388822,2.0,7.0,-18.153989853073718
08-21,0.0,0.0,5.714280362031807,-3.896108017862211,0.0,11.111116630059483,-23.333337679505455,0.0,-7.959009348829634,-89.58332783594318,2.0,7.0,-10.794638589004919
08-22,0.0,0.0,5.714280362031807,-3.896108017862211,0.0,11.111116630059483,-23.333337679505455,0.0,-9.621713932511957,-95.8333249255601,2.0,7.0,-11.585908756334844
08-23,0.0,0.0,5.714280362031807,0.6493500461665078,0.0,11.111116630059483,16.666663562258023,0.0,-4.029599881771052,-95.8333249255601,4.0,5.0,-6.572151420681533
08-24,0.0,0.0,5.714280362031807,0.6493500461665078,0.0,11.111116630059483,27.53622898895727,0.0,2.8782891310490935,-87.99999076128015,5.0,4.0,-4.011072560301598
08-25,0.0,0.0,5.714280362031807,0.6493500461665078,0.0,11.111116630059483,27.53622898895727,0.0,-0.7679183599466846,-16.73151860956504,4.0,5.0,2.7511539057703343
08-26,0.0,0.0,5.714280362031807,0.6493500461665078,0.0,0.0,27.53622898895727,0.0,-0.7679183599466846,-77.19845404796287,3.0,6.0,-4.406651301075398
08-27,0.0,0.0,5.714280362031807,0.0,0.0,0.0,27.53622898895727,-128.1226709969568,-6.250002309827811,-20.60086375573863,2.0,7.0,-12.172302771153415
08-28,0.0,0.0,6.428573922235181,0.0,0.0,0.0,27.53622898895727,-128.1226709969568,-14.910713442297185,-93.13305873839603,2.0,7.0,-20.220164026645755
08-29,0.0,0.0,11.306706535461657,0.0,0.0,-7.784438190517151,27.53622898895727,-128.1226709969568,-12.946421146982257,-26.609445353827443,2.0,7.0,-13.662004016386472
08-30,0.0,0.0,5.213271633984058,0.0,0.0,-12.500006984919466,27.53622898895727,-128.1226709969568,-18.125000249461394,-26.609445353827443,2.0,7.0,-15.260762296222376
08-31,0.0,0.0,5.213271633984058,0.0,0.0,-12.500006984919466,13.04347802613166,-128.1226709969568,-8.928569290330902,2.4793377234289053,3.0,6.0,-12.881515988866255
09-01,0.0,0.0,5.213271633984058,-16.66665914082798,-2170.000031664968,-12.500006984919466,13.04347802613166,-128.1226709969568,-9.909909728498175,8.593750170530274,3.0,6.0,-231.03487786855243
09-02,0.0,0.0,5.213271633984058,-16.66665914082798,-2170.000031664968,-12.500006984919466,13.04347802613166,-128.1226709969568,-13.84845007624401,-9.090910630285256,2.0,7.0,-233.19719798340856
09-03,0.0,0.0,5.213271633984058,-16.66665914082798,-2170.000031664968,-12.500006984919466,13.04347802613166,-128.1226709969568,-21.999999552965186,-13.636365945427883,2.0,7.0,-234.46689846259497
09-04,0.0,0.0,28.86179179431843,-16.66665914082798,-2170.000031664968,-12.500006984919466,13.04347802613166,-128.1226709969568,-13.644860906365228,-16.818178739429506,2.0,7.0,-231.58471386130168
09-05,0.0,0.0,16.267946540909413,-16.66665914082798,-2170.000031664968,-12.500006984919466,13.04347802613166,-128.1226709969568,-17.200000327825553,-16.818178739429506,2.0,7.0,-233.19961232878865
09-06,0.0,0.0,16.267946540909413,-16.66665914082798,-2170.000031664968,-12.500006984919466,0.0,-128.1226709969568,-17.200000327825553,-12.276101139435973,1.0,8.0,-234.04975237140243
09-07,0.0,0.0,16.267946540909413,-16.66665914082798,-2170.000031664968,-12.500006984919466,0.0,0.0,-0.7999986290931906,-12.276101139435973,1.0,9.0,-219.59748510183354
09-08,0.0,0.0,16.267946540909413,-16.66665914082798,-2170.000031664968,-12.500006984919466,0.0,0.0,-8.387094344937358,-16.818178739429506,1.0,9.0,-220.81040243341732
09-09,0.0,0.0,16.267946540909413,-16.66665914082798,-2170.000031664968,-4.3749996507540265,0.0,0.0,-4.132232104675116,-5.909089369714728,1.0,9.0,-218.48150653900308
09-10,0.0,0.0,16.267946540909413,-16.66665914082798,-2170.000031664968,0.0,0.0,0.0,-29.629630268396813,-5.909089369714728,1.0,9.0,-220.59374639029983
09-11,0.0,0.0,11.662682210359746,-16.66665914082798,-2170.000031664968,0.0,0.0,0.0,-39.51171596396436,-37.499999999999986,1.0,9.0,-225.20157245594004
09-12,0.0,0.0,11.662682210359746,0.0,0.0,0.0,0.0,0.0,-38.23162749993412,-16.363634054572117,1.0,9.0,-4.293257934414649
09-13,0.0,0.0,11.662682210359746,0.0,0.0,0.0,0.0,0.0,-33.44956114875886,-11.790389141543479,1.0,9.0,-3.357726807994259
09-14,0.0,0.0,11.662682210359746,0.0,0.0,0.0,0.0,0.0,-24.532997998456814,-6.889352964498993,1.0,9.0,-1.9759668752596062
09-15,0.0,0.0,11.662682210359746,0.0,0.0,0.0,0.0,0.0,-4.275289244127311,12.000001788139317,2.0,8.0,1.9387394754371752
09-16,0.0,0.0,11.662682210359746,0.0,0.0,0.0,0.0,0.0,-22.24939224939225,35.70224653846225,2.0,8.0,2.5115536499429743
09-17,0.0,0.0,-20.736200007152558,0.0,0.0,0.0,0.0,0.0,-58.51851336750001,41.607144384457555,1.0,9.0,-3.7647568990195013
09-18,0.0,0.0,-2.576690517544559,-20.00000216744158,0.0,0.0,0.0,0.0,-47.92900301748528,43.87755199013178,1.0,9.0,-2.6628143712339636
09-19,0.0,0.0,-16.92308474638721,-20.00000216744158,0.0,0.0,0.0,0.0,-45.76802932492484,43.87755199013178,1.0,9.0,-3.8813564248621857
09-20,0.0,0.0,-16.92308474638721,-20.00000216744158,0.0,0.0,0.0,0.0,-51.724137931034484,44.999999068677404,1.0,9.0,-4.364722577618587
09-21,0.0,0.0,-16.92308474638721,-20.00000216744158,0.0,0.0,0.0,0.0,-35.42320173871795,44.999999068677404,1.0,9.0,-2.734628958386934
09-22,0.0,0.0,-16.92308474638721,-20.00000216744158,0.0,0.0,0.0,0.0,-3.2258076001974,54.16666731341845,1.0,9.0,1.401777279939226
09-23,0.0,0.0,-16.92308474638721,-6.451616314521787,0.0,0.0,0.0,0.0,1.3698606834989115,46.341465187526566,2.0,8.0,2.433662481011648
09-24,0.0,0.0,-16.92308474638721,-6.451616314521787,0.0,0.0,0.0,0.0,12.720160883286646,44.146342482827784,2.0,8.0,3.349180230520543
09-25,0.0,0.0,-16.92308474638721,-6.451616314521787,0.0,0.0,0.0,0.0,10.975605626063963,41.58536902270373,2.0,8.0,2.9186273587858698
09-26,0.0,0.0,-16.92308474638721,-6.451616314521787,0.0,0.0,0.0,0.0,-14.411833463257755,39.02439101954287,1.0,9.0,0.12378564953761143
09-27,0.0,0.0,-16.92308474638721,-6.451616314521787,0.0,0.0,0.0,0.0,2.409927707502063,39.02439101954287,2.0,8.0,1.8059617666135934
09-28,0.0,0.0,-13.986017833543645,-6.451616314521787,0.0,0.0,0.0,0.0,19.470290565531258,47.91666634329078,2.0,7.0,4.69493227607566
09-29,0.0,0.0,-1.1793950398426172,-6.451616314521787,0.0,0.0,0.0,0.0,20.867521861733294,14.216866301839564,2.0,7.0,2.7453376809208456
09-30,0.0,0.0,-1.2422348291187097,-6.451616314521787,0.0,0.0,0.0,0.0,20.400937894576565,4.390245409397581,2.0,7.0,1.709733216033365
10-01,0.0,0.0,-1.2422348291187097,-26.436783656653134,0.0,0.0,0.0,0.0,21.422762125900178,-11.111113410673122,1.0,8.0,-1.7367369770544792
10-02,0.0,0.0,10.62500461004669,-26.436783656653134,0.0,0.0,0.0,0.0,23.039809825958397,-11.111113410673122,2.0,7.0,-0.38830826313211697
10-03,0.0,0.0,10.62500461004669,-26.436783656653134,0.0,0.0,0.0,0.0,-6.76020439679283,-33.33334023201937,1.0,8.0,-5.590532367541864
10-04,0.0,0.0,10.62500461004669,-42.5287359471774,0.0,0.0,0.0,0.0,-11.734692810855039,-37.1428577510678,1.0,8.0,-8.078128189905355
10-05,0.0,0.0,10.62500461004669,-42.5287359471774,0.0,0.0,0.0,0.0,-17.321430777549825,-60.00000496705387,1.0,8.0,-10.922516708173442
10-06,0.0,0.0,10.62500461004669,-42.5287359471774,0.0,0.0,0.0,0.0,-13.1365378039995,-2.500005122274275,1.0,8.0,-4.754027426340449
10-07,0.0,0.0,36.725665770698086,-42.5287359471774,0.0,0.0,0.0,0.0,-13.1365378039995,-9.333332008785725,1.0,8.0,-2.8272939989264545
10-08,0.0,0.0,21.42857657496918,-42.5287359471774,0.0,0.0,0.0,0.0,-16.087520641321476,-13.1034546544806,1.0,8.0,-5.02911346680103
10-09,0.0,0.0,23.48849761083913,-22.65083718287353,0.0,0.0,0.0,0.0,-13.500341354637674,-32.41379806459602,1.0,8.0,-4.50764789912681
10-10,0.0,0.0,13.804174532098745,-22.65083718287353,0.0,0.0,0.0,0.0,0.23392208313695878,-14.482757557586567,2.0,7.0,-2.3095498125224396
10-11,0.0,0.0,13.857675203217118,-22.65083718287353,0.0,0.0,0.0,0.0,0.8187185768502376,-14.482757557586567,2.0,7.0,-2.245720096039274
10-12,0.0,0.0,13.857675203217118,-22.65083718287353,0.0,0.0,0.0,0.0,-0.6198795777063459,-38.33333116024729,1.0,8.0,-4.774637271761005
10-13,0.0,0.0,13.857675203217118,-22.65083718287353,0.0,0.0,0.0,0.0,-16.41407282614942,-36.66667349636572,1.0,8.0,-6.187390830217155
10-14,0.0,0.0,5.294119462009933,13.946590231229461,0.0,0.0,0.0,0.0,-0.7377034449076678,-19.99999751647309,2.0,7.0,-0.1496991268141361
10-15,0.0,0.0,5.882354178643096,13.946590231229461,0.0,0.0,0.0,0.0,3.154206644629429,-16.66666977107533,3.0,6.0,0.6316481283426654
10-16,0.0,0.0,5.882354178643096,13.946590231229461,0.0,0.0,0.0,0.0,3.9215709548621747,0.0,3.0,6.0,2.3750515364734732
10-17,0.0,0.0,-1.2658215432457103,13.946590231229461,0.0,0.0,0.0,0.0,0.36765326898318973,-33.33333333333335,2.0,7.0,-2.028491137636641
10-18,0.0,0.0,-43.037970194811365,13.946590231229461,0.0,0.0,0.0,0.0,0.36765326898318973,-51.51514894952457,2.0,7.0,-8.023887564412329
10-19,0.0,0.0,-15.18987360873143,13.946590231229461,0.0,0.0,0.0,0.0,4.77941945187651,-98.01980526689678,2.0,7.0,-9.448366919252225
10-20,0.0,0.0,-16.816437048503417,13.946590231229461,0.0,0.0,0.0,0.0,-12.478276780430384,-48.22135056645763,1.0,8.0,-6.356947416416197
10-21,0.0,0.0,-16.816437048503417,-11.538466240997789,0.0,0.0,0.0,0.0,-8.976152290285508,-43.054454290916226,0.0,9.0,-8.038550987070295
10-22,0.0,0.0,-19.96148881846682,-29.615394138020523,0.0,0.0,0.0,0.0,-13.615386343566687,-40.77669481539416,0.0,9.0,-10.39689641154482
10-23,0.0,0.0,-19.96148881846682,-29.615394138020523,0.0,0.0,0.0,0.0,-21.104813412564148,-16.504851630006197,0.0,9.0,-8.718654799905767
10-24,0.0,0.0,-19.96148881846682,-29.615394138020523,0.0,0.0,0.0,0.0,-4.378531593671847,-16.504851630006197,0.0,9.0,-7.046026618016538
10-25,0.0,0.0,-9.11425430188307,-29.615394138020523,0.0,0.0,0.0,0.0,-20.62147103718292,-36.3636340545721,0.0,9.0,-9.571475353165862
10-26,0.0,0.0,-9.11425430188307,-29.615394138020523,0.0,0.0,0.0,0.0,-20.903961698963915,-14.285715299398754,0.0,9.0,-7.391932543826627
10-27,0.0,0.0,-22.30216296253098,-29.615394138020523,0.0,0.0,0.0,0.0,-31.692318061400123,0.0,0.0,9.0,-8.360987516195163
10-28,0.0,0.0,-22.30216296253098,-29.615394138020523,0.0,0.0,0.0,0.0,-29.305135475634014,0.0,0.0,9.0,-8.122269257618552
10-29,0.0,0.0,-20.910385901492262,-29.615394138020523,0.0,0.0,0.0,0.0,-12.551731437905596,13.69728612172249,1.0,8.0,-4.938022535569589
10-30,0.0,0.0,-12.37553503222678,-29.615394138020523,0.0,0.0,67.14285694012025,27.376427609738847,-33.5515625916461,33.96534992855395,3.0,6.0,5.294214271651963
10-31,0.0,0.0,-10.8108071443839,-29.615394138020523,0.0,24.170616180684,67.14285694012025,27.376427609738847,-13.060563222445683,17.293232533317386,4.0,5.0,8.249636875901038
11-01,0.0,0.0,-10.8108071443839,0.0,0.0,24.170616180684,67.14285694012025,27.376427609738847,-16.693946848215308,31.62162287336271,4.0,5.0,12.28067696113066
11-02,0.0,0.0,-10.8108071443839,0.0,0.0,24.170616180684,67.14285694012025,27.376427609738847,-6.382977166713634,15.100670658519439,4.0,5.0,11.659678707796498
11-03,0.0,0.0,-8.95105074656279,9.512763138606385,0.0,24.170616180684,67.14285694012025,27.376427609738847,-22.641506383706734,-14.660635741868344,4.0,5.0,8.19494709970116
11-04,0.0,0.0,-8.95105074656279,-4.557638051669557,0.0,24.170616180684,67.14285694012025,27.376427609738847,-8.33333178112902,-16.515838763028245,3.0,6.0,8.033204138815346
11-05,0.0,0.0,-8.95105074656279,-4.557638051669557,0.0,24.170616180684,81.8421054901839,27.376427609738847,-17.60787083177672,0.4524879250444924,4.0,5.0,10.272507757564217
11-06,0.0,0.0,-8.95105074656279,-4.557638051669557,0.0,24.170616180684,81.8421054901839,27.376427609738847,-31.111105745466787,-18.77827838825055,3.0,6.0,6.999107634865706
11-07,0.0,0.0,7.702526761930664,-4.557638051669557,0.0,24.170616180684,81.8421054901839,27.376427609738847,-20.37036283291763,-35.7466050763233,4.0,5.0,8.041707008162692
11-08,0.0,0.0,7.702526761930664,-4.557638051669557,0.0,24.170616180684,81.8421054901839,27.376427609738847,-22.592595019907883,-35.7466050763233,4.0,5.0,7.819483789463666
11-09,0.0,0.0,6.640107639811278,-4.557638051669557,0.0,24.170616180684,81.8421054901839,27.376427609738847,-34.25925191343665,-35.7466050763233,4.0,5.0,6.54657618789885
11-10,0.0,0.0,6.640107639811278,-4.557638051669557,0.0,24.170616180684,44.736843137199536,0.0,-27.416520268427774,-35.7466050763233,3.0,6.0,0.7826803561274183
11-11,0.0,0.0,11.572327760761492,-4.557638051669557,0.0,0.0,44.736843137199536,0.0,-27.416520268427774,-38.41628973386673,2.0,7.0,-1.408127715600304
11-12,0.0,0.0,8.760544432922341,-4.557638051669557,0.0,0.0,44.736843137199536,0.0,-8.52575373276739,-67.42081882724659,2.0,7.0,-2.7006823041561665
11-13,0.0,0.0,8.760544432922341,-4.557638051669557,0.0,-4.455439665016007,44.736843137199536,0.0,-8.52575373276739,-34.84162922623438,2.0,7.0,0.11169268944345348
11-14,0.0,0.0,7.203118781110163,-15.549597576759558,0.0,-4.455439665016007,44.736843137199536,0.0,4.159134967399669,0.0,3.0,6.0,3.6094059643933796
11-15,0.0,0.0,7.203118781110163,0.0,0.0,-4.455439665016007,44.736843137199536,0.0,-8.49909134580049,0.0,2.0,7.0,3.8985430907493197
11-16,0.0,0.0,7.203118781110163,0.0,0.0,-4.455439665016007,-12.426034250804001,0.0,-8.553340463705009,0.0,1.0,8.0,-1.8231695598414857
11-17,0.0,0.0,-5.147053860772509,0.0,0.0,-4.455439665016007,-12.426034250804001,0.0,-15.84330344546227,0.0,0.0,9.0,-3.787183122205479
11-18,0.0,0.0,-5.147053860772509,0.0,0.0,-4.455439665016007,-12.426034250804001,0.0,-15.84330344546227,0.0,0.0,9.0,-3.787183122205479
11-19,0.0,0.0,-3.3236998327193854,0.0,0.0,-4.455439665016007,-31.034484884826867,0.0,0.7352928588308794,0.0,1.0,7.0,-3.8078331523731377
11-20,0.0,0.0,-8.815036357542782,0.0,0.0,12.809918754804766,-31.034484884826867,0.0,2.173909375698703,0.0,2.0,6.0,-2.486569311186618
11-21,0.0,0.0,-8.815036357542782,0.0,0.0,-40.666658057107206,-31.034484884826867,0.0,-15.650406934976418,0.0,0.0,8.0,-9.616658623445328
11-22,0.0,0.0,-14.88440014597969,0.0,0.0,-40.666658057107206,-31.034484884826867,0.0,-15.650406934976418,0.0,0.0,8.0,-10.22359500228902
11-23,0.0,0.0,-11.343935782711087,0.0,0.0,-34.66666600439286,-31.034484884826867,0.0,-14.430896771293822,0.0,0.0,8.0,-9.147598344322462
11-24,0.0,0.0,-10.071431059010218,0.0,0.0,-34.66666600439286,-31.034484884826867,0.0,-20.556741834036167,0.0,0.0,8.0,-9.63293237822661
11-25,0.0,0.0,-10.071431059010218,-38.919923879207914,0.0,-34.66666600439286,-31.034484884826867,0.0,-25.11110470913102,0.0,0.0,8.0,-13.980361053656887
11-26,0.0,0.0,-10.071431059010218,-38.919923879207914,-899.9999301508107,-34.66666600439286,-31.034484884826867,0.0,-22.88888635017266,0.0,0.0,8.0,-103.7581322328421
11-27,0.0,0.0,2.8571401810159194,-35.63635922266442,-899.9999301508107,-34.66666600439286,-31.034484884826867,0.0,-15.155548248467946,0.0,1.0,7.0,-101.36358483301468
11-28,0.0,0.0,2.8571401810159194,-35.63635922266442,-899.9999301508107,-34.66666600439286,-31.034484884826867,0.0,-13.890109501430894,0.0,1.0,7.0,-101.23704095831097
11-29,0.0,0.0,2.8571401810159194,-35.63635922266442,-899.9999301508107,-34.66666600439286,-16.5517273272403,0.0,-13.890109501430894,0.0,1.0,7.0,-99.78876520255231
11-30,0.0,0.0,1.1428594783861208,-35.63635922266442,-899.9999301508107,-34.66666600439286,0.0,0.0,-19.560443573190454,0.0,1.0,7.0,-98.87205394726723
12-01,0.0,0.0,-7.203712976905255,-40.22556100350466,-899.9999301508107,-61.33332604832147,0.0,0.0,-34.32098903973606,0.0,0.0,9.0,-104.30835192192781
12-02,0.0,0.0,-7.203712976905255,-40.22556100350466,-899.9999301508107,0.0,0.0,0.0,-30.455631571128162,0.0,0.0,9.0,-97.78848357023487
12-03,0.0,0.0,-7.203712976905255,-40.22556100350466,-899.9999301508107,0.0,0.0,0.0,-45.26316088735241,0.0,0.0,9.0,-99.2692365018573
12-04,0.0,0.0,-7.203712976905255,-30.87719320260257,-899.9999301508107,0.0,0.0,0.0,-9.333325386047695,0.0,0.0,9.0,-94.74141617163662
12-05,0.0,0.0,-8.443064821874453,-30.87719320260257,-899.9999301508107,0.0,0.0,0.0,-27.94520945011244,0.0,0.0,9.0,-96.72653976254
12-06,0.0,0.0,-8.443064821874453,5.789472418368562,-899.9999301508107,0.0,0.0,0.0,-23.287677943851996,0.0,1.0,8.0,-92.59412004981685
12-07,0.0,0.0,-8.443064821874453,5.789472418368562,-899.9999301508107,0.0,0.0,0.0,-23.287677943851996,0.0,1.0,8.0,-92.59412004981685
12-08,0.0,0.0,-8.443064821874453,24.366194830128016,-899.9999301508107,0.0,0.0,0.0,-15.384617588929109,0.0,1.0,8.0,-89.94614177314863
12-09,0.0,0.0,-8.443064821874453,24.366194830128016,0.0,0.0,0.0,0.0,-22.816600113365144,0.0,1.0,8.0,-0.6893470105111581
12-10,0.0,0.0,-8.443064821874453,22.535207247454903,0.0,0.0,0.0,0.0,-22.816600113365144,0.0,1.0,8.0,-0.8724457687784695
12-11,0.0,0.0,-8.443064821874453,22.535207247454903,0.0,0.0,0.0,0.0,-22.97296889120859,0.0,1.0,8.0,-0.8880826465628141
12-12,0.0,0.0,0.0,25.070419531922177,0.0,50.0,0.0,0.0,3.5714269875466367,0.0,3.0,6.0,7.86418465194688
12-13,0.0,0.0,0.0,25.070419531922177,0.0,50.0,0.0,0.0,0.7142800756659853,0.0,3.0,6.0,7.578469960758815
12-14,0.0,0.0,0.0,25.070419531922177,0.0,50.0,0.0,0.0,9.52381121328362,0.0,3.0,6.0,8.45942307452058
12-15,0.0,0.0,0.0,25.070419531922177,0.0,50.0,0.0,0.0,-8.571424618059293,0.0,2.0,7.0,6.649899491386288
12-16,0.0,0.0,0.0,25.070419531922177,89.99999930150805,50.0,0.0,0.0,7.610017435409748,0.0,4.0,5.0,17.268043626884
12-17,0.0,0.0,0.0,19.7183084402782,89.99999930150805,50.0,0.0,0.0,-9.409197744718394,0.0,3.0,6.0,15.030910999706787
12-18,0.0,0.0,0.0,19.7183084402782,89.99999930150805,50.0,0.0,0.0,10.319411151505559,0.0,4.0,4.0,17.003771889329183
12-19,0.0,0.0,0.0,0.0,89.99999930150805,50.0,0.0,0.0,-17.46988377655125,0.0,2.0,6.0,12.253011552495682
12-20,0.0,0.0,0.0,0.0,89.99999930150805,50.0,-7.40740004880958,0.0,-10.361446296853781,0.0,2.0,6.0,12.223115295584469
12-21,0.0,0.0,0.0,0.0,89.99999930150805,50.0,-7.40740004880958,0.0,-11.445786309490655,0.0,2.0,6.0,12.114681294320782
12-22,0.0,0.0,0.0,0.0,89.99999930150805,0.0,-7.40740004880958,0.0,6.329117027961615,0.0,2.0,6.0,8.89217162806601
12-23,0.0,0.0,0.0,-8.728940528803648,89.99999930150805,0.0,-7.40740004880958,0.0,9.75609889064489,0.0,2.0,6.0,8.361975761453973
12-24,0.0,0.0,0.0,-8.728940528803648,89.99999930150805,0.0,-7.40740004880958,0.0,-1.6949169359459484,0.0,1.0,7.0,7.216874178794887
12-26,0.0,0.0,2.9323333138236434,-8.728940528803648,89.99999930150805,0.0,-7.40740004880958,0.0,12.49999767169351,0.0,3.0,5.0,8.929598970941198
12-27,0.0,0.0,2.9323333138236434,-8.728940528803648,89.99999930150805,0.0,-7.40740004880958,0.0,-2.824999455176299,0.0,2.0,6.0,7.397099258254218
12-28,0.0,0.0,2.9323333138236434,-8.728940528803648,89.99999930150805,0.0,5.844158043264651,0.0,-1.750001722946819,0.0,3.0,5.0,8.82975484068459
12-29,0.0,0.0,4.863668759461759,-8.728940528803648,0.0,0.0,5.844158043264651,0.0,-9.408601154499523,0.0,2.0,6.0,-0.7429714880576761
12-30,0.0,0.0,4.863668759461759,-8.728940528803648,0.0,0.0,12.337658379266484,0.0,-3.826528818256221,0.0,2.0,6.0,0.4645857791668373
12-31,0.0,0.0,4.863668759461759,-8.728940528803648,0.0,0.0,12.337658379266484,-368100.0134023143,9.880564197451715,0.0,3.0,5.0,-36808.16604515069
