,2009,2010,2011,2012,2013,2014,2015,2016,2017,2020,ups,downs,avg
01-02,-7.954743374519917,0.0,1.1141142828593205,0.0,0.0,0.5813938874649626,0.5908935474071803,0.0,-0.5675986332045397,0.0,3.0,5.0,-0.6235940289992994
01-03,-6.53418720387944,0.0,0.9900962780712572,0.0,-0.6289292080968358,0.5813938874649626,0.0695184478465126,0.0,-0.5675986332045397,0.0,3.0,5.0,-0.6089706431798083
01-04,-6.53418720387944,0.0,0.9900962780712572,0.0,-0.6289292080968358,1.1627877749298976,0.0695184478465126,0.0,-0.3870008575195563,0.0,3.0,5.0,-0.5327714768648165
01-05,-4.4567272576023855,0.0,0.9900962780712572,0.0,0.0,1.1627877749298976,5.08418906893431,0.0,-0.02580530614966293,0.0,3.0,5.0,0.27545405581834165
01-06,-3.0638791752280885,0.0,-0.8898432342061419,0.0,0.0,1.1627877749298976,57.03899569838049,0.0,-0.902998720265462,0.0,2.0,6.0,5.334506234361069
01-07,0.0,0.0,-0.2632827035667926,0.0,0.6249984105427913,0.5813938874649626,6.714470161184635,0.0,0.0,0.0,3.0,5.0,0.7657579755625596
01-08,0.5377276825772127,0.0,-0.2632827035667926,0.0,-3.105590111167231,-0.5814012802893394,8.866368726488428,0.0,1.549404691137915,0.0,3.0,5.0,0.7003227005180193
01-09,5.376434143652588,0.0,-0.2632827035667926,0.0,-2.5316390498152614,-0.5814012802893394,9.30969139062807,0.0,-0.15503244809030048,0.0,2.0,6.0,1.1154770052518963
01-10,5.376434143652588,0.0,-0.2632827035667926,0.0,-1.8867876242905373,1.7441816623948325,8.89803506247956,0.0,-1.5214032263014627,0.0,3.0,5.0,1.234717731436819
01-11,5.376434143652588,0.0,0.1375054013569393,0.0,-0.6289292080968358,0.5813938874649626,8.171080345280632,0.0,0.7692288129757612,0.0,5.0,3.0,1.4406713382634049
01-12,5.376434143652588,0.0,-0.1629587813529743,0.0,-0.6289292080968358,0.5813938874649626,8.053692502492538,0.0,0.6914224405603057,0.0,4.0,3.0,1.3911054984720586
01-13,7.3685908797199176,0.0,3.8327786005228113,0.0,-0.6289292080968358,0.0,9.955891210457896,-3.9927393829167586,0.6914224405603057,0.0,4.0,3.0,1.7227014540247336
01-14,7.3685908797199176,0.0,3.8327786005228113,0.0,0.0,-1.1764675963158702,8.434117161348036,-2.8725402506514213,0.6914224405603057,0.0,4.0,4.0,1.627790123518378
01-15,5.526315640328104,0.0,3.8327786005228113,0.0,0.6249984105427913,-0.584793843123152,3.226831776843373,-2.8725402506514213,0.35971067891811315,0.0,5.0,3.0,1.011330101338062
01-16,5.526315640328104,0.0,3.8327786005228113,0.0,0.6249984105427913,-1.1764675963158702,3.322680618302723,1.0771897527774486,-2.1332566040374883,0.0,5.0,3.0,1.1074238822120521
01-17,2.631756099161401,0.0,1.566806906412907,0.0,0.0,-1.1764675963158702,1.9808273067005708,0.09065814191157949,-1.465195030633393,0.0,4.0,4.0,0.3628385827237195
01-18,2.631756099161401,0.0,1.311175533705228,0.0,-0.6249984105427913,-1.1764675963158702,1.5088260645592404,0.48163709070665367,-1.704688415876261,0.0,4.0,4.0,0.2427240365397601
01-19,2.631756099161401,0.0,-0.2260522004921063,0.0,1.2499968210855972,-2.380946253793301,2.5103241989696086,0.5115804131421661,-3.4133300781250187,0.0,4.0,4.0,0.08833289999483478
01-20,4.639182347094829,0.0,0.06273124090128376,0.0,1.2499968210855972,-1.1764675963158702,5.541869650336246,0.8992782720976644,-3.4133300781250187,0.0,5.0,3.0,0.7803260657074733
01-21,2.3622031913167083,-0.3024936006133536,0.06273124090128376,0.0,5.952380772170391,-0.584793843123152,2.8905305068444607,0.6013137652887323,-3.4133300781250187,0.0,5.0,3.0,0.7568541954660051
01-22,2.3622031913167083,-0.3024936006133536,-0.20038630215848302,0.0,2.4691296006545436,-1.1764675963158702,3.6592881836000157,0.6013137652887323,-2.8101737123273756,0.0,4.0,4.0,0.46024135294449176
01-23,2.3622031913167083,-0.3024936006133536,-0.20038630215848302,0.0,1.851847200490904,-1.1764675963158702,3.7822863619999856,0.6013137652887323,-2.079486880564855,0.0,4.0,4.0,0.4838816139443768
01-24,0.2623776952517143,-0.8000531122548487,-0.20038630215848302,0.0,1.851847200490904,-0.5882337981579211,2.3985260629333545,0.48163709070665367,-2.685625250283014,0.0,4.0,4.0,0.07200895865283599
01-25,0.2623776952517143,-1.156129285698697,1.0421544374188962,0.0,1.234564800327279,0.0,2.3384622427133412,-0.9157602781701827,-2.682094374188994,0.0,4.0,4.0,0.01235752376533572
01-26,0.2623776952517143,-1.7771080750958383,-2.940430046207267,0.0,1.234564800327279,0.0,2.2181125497902623,-4.554081264510582,-1.9114940258882198,0.0,3.0,5.0,-0.7468058366332652
01-27,-1.6042798882834073,-0.8000531122548487,-2.940430046207267,0.0,1.234564800327279,0.0,3.2337576376181065,-6.704976036344347,0.5760602616309066,0.0,3.0,5.0,-0.7005356383513579
01-28,-1.6042798882834073,-0.8000531122548487,-0.5706999446709872,0.0,0.6211164426486174,-0.5882337981579211,1.3862650826418594,-8.17260538584372,-0.07856139060753378,0.0,2.0,6.0,-0.9807051994527942
01-29,-2.425878775076473,-0.8000531122548487,-0.31019399356596855,0.0,0.0,0.0,2.838433299378653,-8.59758435762132,-0.07856139060753378,0.0,1.0,7.0,-0.937383832974749
01-30,-2.425878775076473,-0.8000531122548487,-0.31019399356596855,0.0,10.614526409603444,1.1764675963158562,1.8403057849774578,-8.63026929218598,-0.07856139060753378,0.0,3.0,5.0,0.13863432272059534
01-31,-4.58203056342549,-0.8000531122548487,0.4310155305396382,0.0,13.513513513513514,0.0,-1.3100379006696186,-8.63026929218598,0.15710280374765304,0.0,3.0,5.0,-0.12207590207351315
02-01,-4.58203056342549,-0.8000531122548487,1.667557326365673,0.0,9.189186439857814,-0.5882337981579211,-1.3100379006696186,-5.828025305535703,1.8067521642339421,0.0,3.0,5.0,-0.04448847495861512
02-02,-4.864872660782494,-0.8000531122548487,0.572832077451997,0.0,12.432435181763795,-0.5882337981579211,-3.176620122431426,-8.664494401652298,1.230681913869347,0.0,3.0,5.0,-0.385832492219385
02-03,-6.12803830652175,-1.3064010719219952,0.572832077451997,0.0,12.432435181763795,-0.5882337981579211,1.215059943590661,-5.353179103723736,0.5236893308037679,0.0,4.0,4.0,0.13681642532848187
02-04,-6.12803830652175,-0.8063421742608111,0.572832077451997,0.0,15.625000413921155,0.0,1.185048287622843,-4.531153250297839,0.5498797905841816,0.0,4.0,4.0,0.6467226838499777
02-05,-6.12803830652175,-0.45149727426564346,-0.3735996123585159,0.0,11.475415075877743,1.1627877749298976,0.7936457107883876,-3.083692931760999,0.5498797905841816,0.0,4.0,4.0,0.39449002272733025
02-06,-6.12803830652175,0.16139348624288039,-0.3735996123585159,0.0,6.896556008049462,0.5847938431231243,0.9157486337944951,0.5034608053968593,0.5498797905841816,0.0,6.0,2.0,0.3110194648310736
02-07,-4.178270956677865,-0.6503559401515651,-0.3735996123585159,0.0,7.954547014446637,0.5847938431231243,0.8852170808551462,0.970872104539669,0.4189574578832163,0.0,5.0,3.0,0.5612160991659845
02-08,-4.178270956677865,-0.6503559401515651,-0.7499951991261872,0.0,8.522727395877368,0.5847938431231243,1.8736746117430192,1.2800435706806383,0.0,0.0,4.0,4.0,0.6682617325468534
02-09,-4.178270956677865,-1.6259598882320376,-1.3836907643060294,0.0,9.090907777308074,0.0,1.2769783421689778,1.2921520747781663,0.0,0.0,3.0,5.0,0.44721165850392863
02-10,-4.178270956677865,0.0,-1.3836907643060294,0.0,8.571428571428571,0.5847938431231243,7.084309388477002,4.106581447046221,0.0,0.0,4.0,4.0,1.4785151529091025
02-11,-3.342615432218158,0.0,-2.1384092901993017,0.0,7.514453586160791,0.0,6.20245439718074,0.09545239056383642,0.0,0.0,3.0,4.0,0.8331335651487908
02-12,-3.0638791752280885,0.0,-1.836553183973285,0.0,-3.4682065205007993,0.5847938431231243,6.615246522695695,2.322620220007171,0.0,0.0,3.0,4.0,0.11540217061238182
02-13,0.0,0.7998923052548741,-1.836553183973285,0.0,-6.936413041001585,0.5847938431231243,2.3435210233845347,-0.4454323521765378,0.0,0.0,3.0,4.0,-0.5490191405388873
02-14,0.0,0.7841200356251937,-2.4811310478757975,0.0,-9.714282807849703,0.5847938431231243,2.3731808329506565,1.1274682333567256,0.0,0.0,4.0,3.0,-0.73258509106698
02-15,0.0,0.7841200356251937,-0.7402597847061732,0.0,-4.571431477864596,-0.584793843123152,1.6143524759665524,0.4414991917076106,0.0,0.0,3.0,4.0,-0.30565134023945645
02-16,0.0,0.0,-0.7402597847061732,0.0,0.571427118210552,-1.1764675963158702,0.33313327930526765,0.06331262319425286,0.0,0.0,3.0,4.0,-0.09488543603119708
02-17,0.0,0.0,-0.37499460836445625,0.0,2.7932960496998924,-1.1764675963158702,1.9075988202749972,3.374882102771598,0.0,0.0,3.0,4.0,0.6524314768066161
02-18,0.0,-0.8197265370931749,0.0,0.0,1.1363607628614094,-0.584793843123152,2.990826539945391,0.8692914848043348,0.0,0.0,3.0,4.0,0.3591958407394808
02-19,0.0,-0.8197265370931749,0.625046849648668,0.0,0.571427118210552,-0.5882337981579211,0.511118994360397,0.5588336240051408,0.0,0.0,4.0,3.0,0.08584662509736618
02-20,0.0,-0.8197265370931749,0.625046849648668,0.0,1.1235997596883929,-0.5917144626156147,1.1124442289740184,1.4902190496109624,0.0,0.0,4.0,3.0,0.2939868888213252
02-21,0.0,-0.6382404346754512,5.24437389350597,0.0,5.405405405405405,-1.1834289252312293,-2.705957821098969,4.8860942394870355,0.0,0.0,3.0,4.0,1.1008246357392761
02-22,0.0,-0.6382404346754512,5.24437389350597,0.0,6.48648373715511,-0.5917144626156147,-2.8296164725098367,5.677764215417476,0.0,0.0,3.0,4.0,1.3349050476277653
02-23,0.0,-2.2745778563657897,4.790381202411611,0.0,6.48648373715511,0.5847938431231243,-2.582584474639995,2.6548697805321106,0.0,0.0,4.0,4.0,0.9659366232216172
02-24,0.0,-2.5092813951984017,4.216912557129743,0.0,11.282048673711259,1.1627877749298976,-5.7549524378536,4.089106298045308,0.0,0.0,4.0,4.0,1.2486621470764205
02-25,0.0,-2.492985576159248,4.819361586239991,0.0,9.8958282972926,0.5813938874649626,-3.8189030401972976,2.2052103738262945,0.0,0.0,4.0,4.0,1.11899055284673
02-26,0.0,-2.492985576159248,3.9639335539314704,0.0,7.97872318839423,1.15607374022753,-2.7334132435832896,2.879027251074366,0.0,0.0,4.0,4.0,1.075135891388506
02-27,0.0,-1.689317541146143,3.9639335539314704,0.0,4.891305662358259,1.7341069352958407,-1.4127735413733542,3.2465584188436925,0.0,0.0,4.0,4.0,1.0733813487909765
02-28,0.0,-1.689317541146143,3.381858498511376,0.0,2.1857936786646417,1.7341069352958407,-3.040533851394819,3.2465584188436925,0.0,0.0,4.0,4.0,0.581846613877459
02-29,0.0,0.0,0.0,0.0,0.0,0.0,0.0,3.2465584188436925,0.0,0.0,1.0,0.0,0.32465584188436925
03-01,0.0,-2.327235013777582,2.7216003956762975,0.0,3.825140674774788,1.15607374022753,-1.5128593390081717,-0.7350623355386745,0.0,0.0,3.0,5.0,0.31276581223541877
03-02,0.0,-3.3333851807980923,-4.1260255964147525,0.0,4.371587357329297,0.5813938874649626,-3.9021315757451895,1.3476337544961434,0.0,0.0,3.0,5.0,-0.5060927353667632
03-03,0.0,-3.04054024010941,-1.92386185769799,0.0,5.91397720820897,1.15607374022753,-2.0858482119587536,-2.174575961075814,0.0,0.0,2.0,6.0,-0.21547753224054675
03-04,0.0,-1.8499494487218604,-6.892639658442981,0.0,4.891305662358259,1.7341069352958407,0.3893413312117384,-3.0321525804060085,0.0,0.0,3.0,5.0,-0.4759987758705012
03-05,0.0,-1.8499494487218604,-6.892639658442981,0.0,2.197796669922887,5.586592099399785,1.13094425796074,-0.3675311677693264,0.0,0.0,3.0,5.0,-0.019478724765075662
03-06,0.0,-1.8499494487218604,-4.874989732710677,0.0,-2.2099461874770014,5.000001412850852,0.8928549127512847,-0.3675311677693264,0.0,0.0,2.0,6.0,-0.34095602110767287
03-07,0.0,-1.8499494487218604,-4.848814704411743,0.0,-14.705882352941178,4.444447270146123,3.809520349480781,-0.3675311677693264,0.0,0.0,2.0,6.0,-1.3518210054217203
03-08,0.0,-1.8499494487218604,1.7763020112011338,0.0,-12.94117347866881,4.444447270146123,3.4647546692726925,-1.3609607231334429,0.0,0.0,3.0,5.0,-0.6466579699904165
03-09,0.0,-0.9438568482987856,1.7751395505790566,0.0,-10.588238286037086,3.9106187318113834,4.293754051774376,-0.9897917621422305,0.0,0.0,3.0,5.0,-0.25423745623132865
03-10,-11.803265955239144,-0.44495676506325277,1.0726959882025688,0.0,-11.242604885927385,3.9106187318113834,1.216908196469819,0.0,0.0,0.0,3.0,5.0,-1.7290604689746012
03-11,0.0,-1.0943727901538656,1.6686825707465962,0.0,-14.634147665223102,2.2598813233996853,4.094254369401342,0.0,0.0,0.0,3.0,5.0,-0.7705702191829343
03-12,4.984319403051178,-0.4641410949568598,2.336087147293794,0.0,-9.523807721703916,0.0,2.650961725047639,0.0,0.0,0.0,3.0,5.0,-0.0016580541268164772
03-13,4.984319403051178,0.5140714368923964,2.336087147293794,0.0,-3.977277119626118,1.149429655266119,4.889542886915634,0.0,0.0,0.0,5.0,3.0,0.9896173409793004
03-14,4.984319403051178,0.0,1.8681602870040035,0.0,-5.681818263918245,0.5747111737085221,2.562588843398401,0.0,0.0,0.0,4.0,3.0,0.430796144324386
03-15,4.984319403051178,-0.016729588107473818,7.987973178661506,0.0,-4.545457501056836,0.5747111737085221,2.562588843398401,0.0,0.0,0.0,4.0,3.0,1.15474055096553
03-16,4.984319403051178,3.8180609702255826,5.999964234547089,0.0,-3.409089513389854,0.5747111737085221,2.562588843398401,0.0,0.0,0.0,5.0,2.0,1.453055511154092
03-17,4.984319403051178,3.9999439472742946,4.191533400233071,0.0,-3.409089513389854,0.0,1.6494885440542255,0.0,0.0,0.0,4.0,3.0,1.1416195781222918
03-18,4.984319403051178,3.9999439472742946,4.167615253598831,0.0,-5.813953660298242,-1.7045483690977132,1.0309345536169454,0.0,0.0,0.0,4.0,3.0,0.6664311128145297
03-19,4.687496962065793,3.9999439472742946,-1.8084251026709444,0.0,-6.470586739334391,-4.651165885368344,1.3843923715494828,0.0,0.0,0.0,3.0,4.0,-0.285834444648411
03-20,4.687496962065793,3.3600010046608757,-1.2023826589250444,0.0,1.7341069352958407,-3.4682065205007993,0.5301923450095278,0.0,0.0,0.0,4.0,3.0,0.5641208067606194
03-21,-0.3123931114533512,3.3600010046608757,-1.2023826589250444,0.0,0.5882337981579211,-3.4682065205007993,3.1811540700571452,0.0,0.0,0.0,3.0,4.0,0.2146406581996747
03-22,-0.3123931114533512,7.077024481734841,-0.5952772996289089,0.0,3.529410268746156,-2.312132780273283,3.1811540700571452,1.7732575095750005,0.0,0.0,4.0,3.0,1.23410431387576
03-23,-0.3123931114533512,8.377431210634462,7.035995732604099,0.0,1.1764675963158562,-1.142854236421131,3.1811540700571452,1.1410163433772147,0.0,0.0,5.0,2.0,1.9456817605114296
03-24,1.2306674406611449,8.343360980156897,4.4309912180900035,0.0,1.754381529369387,-1.142854236421131,0.0,-0.2623146283461014,0.0,0.0,4.0,3.0,1.43542323035102
03-25,1.5382551489924672,8.814541581373481,4.8866976060586405,0.0,0.5917144626156287,1.1428542364211176,0.0,-0.2623146283461014,0.0,0.0,5.0,2.0,1.6711748407115234
03-26,1.5382551489924672,8.829793981317142,4.8866976060586405,0.0,-4.142008762366983,0.0,0.0,-0.2623146283461014,0.0,0.0,3.0,4.0,1.0850423345655167
03-27,1.5382551489924672,6.458944059695726,4.832513006911164,0.0,-2.9239766516728496,0.0,0.0,1.6299676148903435,0.0,0.0,4.0,2.0,1.1535703178816852
03-28,0.0,5.307766520563652,4.462242525337206,0.0,-1.1764675963158702,0.5747111737085221,0.0,1.5454983458908647,0.0,0.0,4.0,2.0,1.0713750969184372
03-29,0.0,4.73614183329237,3.008595192091525,0.0,0.0,-1.1494223474170169,0.0,1.6299676148903435,0.0,0.0,3.0,3.0,0.8225282292857221
03-30,0.0,3.2658104604008678,1.3702560980890583,0.0,0.0,-0.571427118210552,0.0,2.2171653568238296,0.0,0.0,3.0,3.0,0.6281804797103204
03-31,0.0,1.0805058898976794,0.22568122759673254,0.0,0.5847938431231243,0.5649703308499381,0.0,5.286338615302691,0.0,0.0,5.0,2.0,0.7742289906770166
04-01,-1.2460015763716756,-0.8217633603826404,0.22568122759673254,0.0,0.5847938431231243,2.824858838237147,0.0,5.286338615302691,0.0,0.0,4.0,3.0,0.685390758750538
04-02,-1.2460015763716756,-0.13686223426086125,0.22568122759673254,0.0,-1.1695951223034624,2.2598813233996853,0.0,5.286338615302691,0.0,0.0,3.0,4.0,0.521944223336311
04-03,-1.2460015763716756,-0.13686223426086125,-0.8524442611824125,0.0,0.5847938431231243,1.129940661699849,0.0,5.234153584339017,0.0,0.0,3.0,4.0,0.47135800173470416
04-04,0.0,-0.9202477404867451,-0.8524442611824125,0.0,-3.6363620950717976,1.129940661699849,0.0,4.76189772111966,0.0,0.0,2.0,5.0,0.04827842860785543
04-05,0.0,2.3015319196108166,-8.35636941672338,0.0,-2.4242439655342634,1.129940661699849,0.0,5.658292196969785,0.0,0.0,3.0,4.0,-0.16908486039771925
04-06,0.0,2.0833849671409572,-6.296122195002154,0.0,-2.4242439655342634,0.5681803814307047,0.0,6.231207351158259,0.0,0.0,3.0,4.0,0.0162406539193503
04-07,0.0,2.0833849671409572,-6.235601391584432,0.0,-0.5952365634483288,0.5681803814307047,0.0,4.322840080268329,0.0,0.0,3.0,4.0,0.01435674738072299
04-08,8.547005575255989,3.27376145095415,-5.823869859179632,0.0,0.0,8.421051293088667,0.0,4.404926522458235,0.0,0.0,4.0,3.0,1.8822874982577407
04-09,-7.339449944105722,3.854161058166873,-4.237846989223311,0.0,-1.1834289252312293,7.446809661897437,0.0,4.322840080268329,0.0,0.0,3.0,4.0,0.2863084941772378
04-10,-7.339449944105722,3.854161058166873,-4.237846989223311,0.0,-1.7964102860078879,6.914896135400658,0.0,4.0603553120940346,0.0,0.0,3.0,4.0,0.14557052863246459
04-11,-7.339449944105722,3.854161058166873,-5.193168997990428,0.0,-2.395211176621693,5.851069082407075,0.0,3.769947512747062,0.0,0.0,3.0,4.0,-0.14526524653968326
04-12,-7.339449944105722,3.854161058166873,-3.5090234405354517,0.0,-2.395211176621693,5.851069082407075,0.0,3.6164375200663526,0.0,0.0,3.0,4.0,0.0077983099377433975
04-13,-7.339449944105722,2.2172126745970497,-2.921715137249946,0.0,-2.395211176621693,4.324327073655687,0.0,0.3839807821280487,0.0,0.0,3.0,4.0,-0.5730855727596574
04-14,-7.339449944105722,2.6805981976950157,-1.8214688789543063,0.0,-0.5882337981579211,3.2786939922202536,0.0,0.9819983956627554,0.0,0.0,3.0,4.0,-0.2807862035639924
04-15,-11.076061447337885,3.436032419800218,-1.8214688789543063,0.0,1.15607374022753,4.838711110852835,0.0,1.4729975934941233,0.0,0.0,4.0,3.0,-0.19937154619174838
04-16,-11.076061447337885,0.25166491884596237,-1.8214688789543063,0.0,1.7241408289746545,5.882351741208767,0.0,1.172941371973652,0.0,0.0,4.0,3.0,-0.3866431465289155
04-17,-3.4811166865284933,0.473892732834364,-1.8214688789543063,0.0,6.779658338174144,7.853403245927945,0.0,2.8165216508635234,0.0,0.0,4.0,3.0,1.2620890402317175
04-18,-3.4811166865284933,0.2672313734448172,-2.196272433476599,0.0,5.084740161636833,0.5235588849127,0.0,2.555139201564785,0.0,0.0,4.0,2.0,0.2753280501554043
04-19,1.2083592902285498,0.23750559162678497,-1.337414497960707,0.0,4.519769830786908,0.5235588849127,0.0,-0.24657576051476884,0.0,0.0,4.0,3.0,0.4905203339079467
04-20,0.6080075922941531,0.17831308513202151,1.1714257874109264,0.0,4.519769830786908,0.5235588849127,0.0,1.3495276931068265,0.0,0.0,6.0,1.0,0.8350602873643534
04-21,0.6080075922941531,-0.5987555467925182,0.4987953106370502,0.0,3.977269894820532,1.554406739482813,0.0,0.6270434578046438,0.0,0.0,5.0,2.0,0.6666767448246673
04-22,0.6080075922941531,-1.818185509800535,0.4865801529188696,0.0,3.977269894820532,2.5906735068557154,0.0,0.9269360680455458,0.0,0.0,5.0,2.0,0.6771281705134281
04-23,0.6080075922941531,-1.818185509800535,0.4865801529188696,0.0,5.113637882487514,1.0526289019668187,0.0,0.49073147131457917,0.0,0.0,5.0,2.0,0.59334004911814
04-24,3.9515656670092563,-1.818185509800535,0.4865801529188696,0.0,4.571431477864583,4.145080246338528,0.0,2.2757657532704774,0.0,0.0,5.0,3.0,1.361223778760118
04-25,-0.6076948349284943,-0.5987555467925182,0.4865801529188696,0.0,6.077346746642755,5.181347013711431,0.0,1.1108096697563354,0.0,0.0,4.0,4.0,1.164963320130838
04-26,-0.6076948349284943,-0.5987555467925182,0.4865801529188696,0.0,4.419885349728685,3.6269468626520833,0.0,3.083465923304321,0.0,0.0,4.0,4.0,1.0410427906882944
04-27,-0.6076948349284943,-1.0777556854981671,0.4865801529188696,0.0,3.867400559165754,0.0,0.0,2.4221449422515735,0.0,0.0,3.0,5.0,0.5090675133909536
04-28,1.1942287290351907,-1.2293936272468495,0.4865801529188696,0.0,9.844560643736404,1.5873042570877423,0.0,0.3741298677149997,0.0,0.0,5.0,3.0,1.2257410023246358
04-29,3.2164740881965157,-4.093958942555615,0.8515443790420283,22.842640183673474,8.900521015753345,4.102566710904113,0.0,0.6413625748616535,0.0,0.0,6.0,2.0,3.646115000987552
04-30,3.8010700169599287,-4.062942533729315,0.8515443790420283,29.953917752781123,5.347593728338333,2.051283355452069,0.0,2.4585735274268794,0.0,0.0,6.0,2.0,4.040104022627105
05-01,2.0466874891503273,-4.001235037170522,0.8515443790420283,22.44898118063194,4.838711110852835,1.546394354090838,0.0,2.4585735274268794,0.0,0.0,6.0,2.0,3.0189657004024326
05-02,2.0466874891503273,-2.621960459129994,0.8515443790420283,14.124294191185735,5.882351741208767,0.5154625998760812,0.0,2.4585735274268794,0.0,0.0,6.0,2.0,2.3256953468759827
05-03,2.0466874891503273,-4.372156690571286,-0.74213196539093,16.02210107767657,5.882351741208767,0.5154625998760812,0.0,0.9887732495717385,0.0,0.0,5.0,3.0,2.034108750152127
05-04,2.0466874891503273,-3.565940663646071,0.0,16.02210107767657,5.882351741208767,-0.5208386453215046,0.0,1.977546499143477,0.0,0.0,4.0,4.0,2.184190749821157
05-05,2.285807894312779,-1.6322533497747933,0.0,16.02210107767657,4.864866239530559,0.0,0.0,0.18706493385750933,0.0,0.0,4.0,4.0,2.1727586795602627
05-06,-1.1562641736333583,-5.346206685011309,0.0,8.433736600971386,4.864866239530559,1.554406739482813,0.0,1.362903117286776,0.0,0.0,4.0,4.0,0.9713441838626867
05-07,-1.1562641736333583,-5.346206685011309,0.0,5.000003178914389,3.8461511589902986,1.025638417301003,0.0,-0.5344756085676133,0.0,0.0,3.0,5.0,0.28348462879934094
05-08,-1.1562641736333583,-5.346206685011309,0.0,-6.2936989561956995,2.688172079765458,8.823531795033848,0.0,-0.5344756085676133,0.0,0.0,2.0,6.0,-0.18189415486086738
05-09,-1.1562641736333583,-5.346206685011309,0.0,-12.592588824990356,-3.2085616768566583,7.35294108480639,0.0,-0.5344756085676133,0.0,0.0,1.0,7.0,-1.5485155884252904
05-10,-1.1562641736333583,-7.568489133649857,0.0,-65.5462106753606,-2.1390388512987317,4.411765897516924,0.0,-0.40085925499427694,0.0,0.0,1.0,7.0,-7.23990961914199
05-11,-1.1562641736333583,-9.165188006256644,0.0,-82.35293300526226,0.0,4.411765897516924,0.0,-1.1898286429301992,0.0,0.0,1.0,7.0,-8.945244793056554
05-12,-1.1562641736333583,-7.044844694698482,0.0,-64.70587669595076,0.0,11.363636363636363,0.0,0.7514728714710082,0.0,0.0,2.0,6.0,-6.079187632917524
05-13,3.5811734561798465,-8.48356436383299,0.0,-64.70587669595076,-1.0810783317497183,15.217391304347828,0.0,0.0,0.0,0.0,2.0,6.0,-5.54719546310058
05-14,4.683286466255275,-6.664424743236731,0.0,-50.76922881297574,-0.5405391658748464,13.777776647497095,0.0,0.0,0.0,0.0,2.0,5.0,-3.951312960833495
05-15,0.0,-6.664424743236731,0.0,-25.531913550481296,-0.53763304867808,15.418502548117003,0.0,0.0,0.0,0.0,1.0,6.0,-1.7315468794279105
05-16,0.0,-6.664424743236731,0.0,-8.383235311092745,0.5376330486780546,14.977969422595972,0.0,0.0,0.0,0.0,2.0,5.0,0.04679424169445508
05-17,0.0,-5.220285940521211,0.0,-3.749998410542791,0.5376330486780546,14.977969422595972,0.0,0.13188930958002346,0.0,0.0,3.0,4.0,0.6677207429790049
05-18,-2.2536177376880446,-4.57328938815905,0.0,0.0,2.150539031087378,15.72051805256974,0.0,0.525488060228515,0.0,0.0,3.0,4.0,1.1569638018038542
05-19,0.5480397742359089,-0.650801569447537,0.0,10.624996821085597,1.6216243709529843,15.72051805256974,2.7361772164137452,0.4208307351018049,0.0,0.0,6.0,1.0,3.1021385400912243
05-20,0.5480397742359089,-0.650801569447537,0.0,5.29800828168261,1.6216243709529843,15.948274019356958,2.4552238600396326,0.4208307351018049,0.0,0.0,6.0,1.0,2.564119947192236
05-21,2.7399104050392293,1.4285667620280238,0.0,5.29800828168261,-2.1978036565481105,12.068962493303715,-1.28355442553862,0.4208307351018049,0.0,0.0,5.0,2.0,1.8474920595068653
05-22,0.0,3.0158133637019096,0.0,10.596024984330676,-2.7472528240288487,5.982901895763338,-1.28355442553862,-0.5577664700181019,0.0,0.0,3.0,4.0,1.5006166524210351
05-23,0.0,3.0158133637019096,0.0,18.493147523316466,-3.351953838896017,1.7093974364798536,-1.28355442553862,0.5777342702849122,0.0,0.0,4.0,3.0,1.9160584329348502
05-24,2.1445944461723383,3.0158133637019096,0.0,12.162165180853602,-3.351953838896017,3.846149666121596,-1.28355442553862,0.3946269871226613,0.0,0.0,5.0,2.0,1.692784137953747
05-25,0.27313088412353986,4.015835166226793,0.0,4.729734722180949,-3.910611628092142,7.024791434312541,-1.28355442553862,0.31595295769110976,0.0,0.0,5.0,2.0,1.1165279110904172
05-26,4.947830981253153,8.378753647813745,0.0,-12.837830523316288,-6.285712832496267,6.25,-1.28355442553862,0.1845496816794564,0.0,0.0,4.0,3.0,-0.064596347060482
05-27,12.259606949748228,7.107134970052628,0.0,-15.97221664195208,-3.333331920482481,4.25531914893617,-1.28355442553862,0.05272991722320075,0.0,0.0,4.0,3.0,0.30856879979870444
05-28,12.259606949748228,5.894778601218202,0.0,0.5952441322918947,-4.494377607870536,5.0209185876532345,-1.28355442553862,-0.3427394333490025,0.0,0.0,4.0,3.0,1.7649876804153404
05-29,10.336692639847973,4.530939332501956,0.0,-4.374996821085611,-7.514446236069896,2.136752229641742,-1.28355442553862,0.47071207446400465,0.0,0.0,4.0,3.0,0.4302098793761549
05-30,10.336692639847973,4.5454565231074495,0.0,6.432747146468823,-8.187136111895423,2.136752229641742,-1.28355442553862,1.6537451602877604,0.0,0.0,5.0,2.0,1.5634703161919705
05-31,14.252953132533012,4.5454565231074495,0.0,6.790122100143199,-8.187136111895423,0.8546987182399268,-1.28355442553862,0.9112170671999313,0.0,0.0,5.0,2.0,1.7883757003789476
06-01,13.255828086069158,4.991760153004993,0.0,6.790122100143199,-6.43274714646885,-0.4328938083007368,-1.28355442553862,-0.9023358541247007,0.0,0.0,3.0,4.0,1.5986179104784441
06-02,10.76555774446054,4.991760153004993,0.0,6.790122100143199,-7.692303062118379,0.0,-0.9918324524364861,-2.896970125363733,0.0,0.0,3.0,4.0,1.0966334357690137
06-03,13.88241757920015,5.6745005327283184,0.0,5.625001589457209,-4.597696697517224,-0.4328938083007368,0.0,-4.072155431137417,0.0,0.0,3.0,4.0,1.6079173764430301
06-04,9.647123686772696,5.6745005327283184,0.0,3.8216545549349776,-3.409089513389854,-2.631572196211515,0.0,-3.8808367396108925,0.0,0.0,3.0,4.0,0.922178032522373
06-05,9.647123686772696,5.6745005327283184,0.0,4.575168233130369,-5.917159674271507,-8.520174616195277,0.0,-1.6581945493596737,0.0,0.0,3.0,4.0,0.3801263612804927
06-06,9.647123686772696,5.6745005327283184,0.0,4.516125750798036,-2.941176470588235,-7.623315930939498,0.0,-3.3723085350348665,0.0,0.0,3.0,3.0,0.5900949033736451
06-07,9.85915239784701,5.6745005327283184,0.0,7.09677255281838,-5.88235294117647,-5.381163515711592,0.0,-1.4152170053394557,0.0,0.0,3.0,3.0,0.995169202116619
06-08,9.85915239784701,2.755346464856646,0.0,-8.387100055653578,-4.705885344860614,-4.444444444444445,0.0,-0.6100783490233413,0.0,0.0,2.0,4.0,-0.5533009331278322
06-09,2.3473364557903453,2.741370017730833,0.0,-3.225806451612903,-7.228920369418995,-2.6200918947840925,0.0,-0.3938081524757225,0.0,0.0,2.0,4.0,-0.8379920394770537
06-10,-2.1126803286331706,2.7265784528869483,0.0,-3.8961021803801703,-5.325445211655878,-0.8438797285480683,0.0,-1.601471798130508,0.0,0.0,1.0,5.0,-1.1053000794460845
06-11,-0.9388941379221243,2.7265784528869483,0.0,-6.666666666666667,-3.5928205720157904,8.235298106872957,0.0,-0.8401147113213399,0.0,0.0,2.0,4.0,-0.10766195281660171
06-12,1.878012966922082,2.2696340741789,0.0,-13.999998304578979,-11.038957553897221,13.644938108318854,0.0,-0.8401147113213399,0.0,0.0,3.0,3.0,-0.8086485420377704
06-13,1.878012966922082,2.9136078777748207,0.0,-7.999996609157986,-7.643317209015141,13.271112392235498,0.0,-0.8401147113213399,0.0,0.0,3.0,3.0,0.15793047074379346
06-14,1.878012966922082,2.9136078777748207,0.0,-3.225806451612903,-10.828030687985143,13.644938108318854,0.0,1.0763975998153243,0.0,0.0,4.0,2.0,0.5459119413233036
06-15,1.878012966922082,2.3415776895103653,0.0,-1.2903192991851478,-12.101912839915034,12.83018484055621,0.0,3.9380414649278697,0.0,0.0,4.0,2.0,0.7595584822816346
06-16,0.2346673617110675,1.6347131755877102,0.0,1.2903192991851327,-6.024096477831745,13.644938108318854,0.0,1.8377546866244736,0.0,0.0,5.0,1.0,1.2618296153595494
06-17,0.0,1.4750935051662406,0.0,0.6493489872433056,-6.666665125374828,16.330351448314374,0.0,3.4654756879399193,0.0,0.0,4.0,2.0,1.5253604503289013
06-18,0.0,1.4750935051662406,0.0,1.9230720637895344,-2.4242439655342634,18.165212121234745,0.0,1.6802294226427168,0.0,0.0,4.0,2.0,2.0819363147298975
06-19,0.0,-0.11814783170664303,0.0,0.641024021263173,-3.0303030303030303,17.431269718583394,0.0,1.6802294226427168,0.0,0.0,3.0,3.0,1.660407230047961
06-20,0.0,-0.11814783170664303,0.0,1.8987373352457397,0.5988008906138332,15.963384913280695,0.0,1.6802294226427168,0.0,0.0,4.0,2.0,2.0023004730076344
06-21,0.0,-0.11814783170664303,0.0,3.144654037753026,-1.1976093953940832,13.027605970091308,0.0,1.023889178488072,0.0,0.0,3.0,4.0,1.588039195923168
06-22,0.0,0.4986787315682555,0.0,5.660378867409217,0.0,13.027605970091308,0.0,0.0,0.0,0.0,3.0,4.0,1.918666356906878
06-23,0.0,1.3807941917826134,0.0,5.660378867409217,1.7647088742723651,15.357144673665365,0.0,0.0,0.0,0.0,4.0,3.0,2.416302660712956
06-24,9.361762357848088,-1.3353064947031246,0.0,10.179637982934217,7.222225047923901,1.9230769230769231,0.6781671249046473,0.0,0.0,0.0,5.0,2.0,2.802956294198465
06-25,2.2935002874298682,-1.3353064947031246,0.0,10.714288417444138,13.483147110866955,-3.8834913102022828,-0.9714866022356207,0.0,0.0,0.0,3.0,3.0,2.0300651408599935
06-26,2.2935002874298682,-0.7417391087002585,0.0,9.090909090909092,9.770119184441134,-2.912519720360498,-0.9714866022356207,0.0,0.0,0.0,3.0,3.0,1.6528783131483717
06-27,2.2935002874298682,-1.7990977496263691,0.0,6.0606060606060606,-1.8404860595051895,-3.8834913102022828,-0.9714866022356207,0.0,0.0,0.0,2.0,4.0,-0.01404553735335341
06-28,4.269592253299894,-1.7990977496263691,0.0,7.228912709384152,-1.226990706336798,-5.825236965303424,-0.9714866022356207,0.0,0.0,0.0,2.0,4.0,0.16756929391818343
06-29,1.1601682954698136,-1.7990977496263691,0.0,6.024096477831745,-1.226990706336798,-5.825236965303424,-0.9714866022356207,0.0,0.0,0.0,2.0,4.0,-0.2638547250200654
06-30,-4.213002663880998,-2.8678758455968674,0.0,4.819272586244495,0.6024081157762028,-5.825236965303424,-0.9714866022356207,0.0,0.0,0.0,2.0,4.0,-0.8455921374996211
07-01,-3.9822954970984323,-3.496178422694434,0.0,3.0674845668586905,0.0,0.0,-0.9714866022356207,0.0,0.0,0.0,1.0,5.0,-0.5382475955169798
07-02,0.8438162481376309,-4.106971722578405,0.0,3.0674845668586905,-0.6024081157762313,-0.9260201159818673,-0.9714866022356207,0.0,0.0,0.0,2.0,4.0,-0.2695585741575803
07-03,0.8438162481376309,-5.038173393895589,0.0,1.851847200490904,-2.4096401231396696,-4.672797683480347,-0.9714866022356207,0.0,0.0,0.0,2.0,4.0,-1.0396434354122692
07-05,0.8438162481376309,-5.070210430660471,0.0,-2.4539814126736106,-7.784434420478941,2.803830722482535,-0.9714866022356207,0.0,0.0,0.0,2.0,5.0,-1.2632465895428477
07-06,5.999998659943283,-5.846049700059191,0.0,-3.0674845668586905,-6.586832639251316,2.803830722482535,0.06203615608691902,0.0,0.0,0.0,3.0,4.0,-0.663450136765646
07-07,8.21053830048341,-3.21592395653622,0.0,-1.226990706336798,-3.48837811043846,6.306392171231133,0.6431941481027812,0.0,0.0,0.0,3.0,4.0,0.7228831846505847
07-08,8.21053830048341,-2.6152829953481618,0.0,0.6024081157762028,-4.705885344860614,7.20720060221299,5.591714296774651,0.0,0.0,0.0,4.0,3.0,1.429069297503848
07-09,8.24755523539802,-2.6152829953481618,0.0,0.0,-2.352942672430314,3.738314202981441,4.1901925214705456,0.0,0.0,0.0,3.0,4.0,1.120783629207153
07-10,11.13401553202617,-2.6152829953481618,0.0,-0.6097545374156135,4.1176440669040915,8.035623459588914,2.971768067323679,0.0,0.0,0.0,4.0,3.0,2.303401359307908
07-11,7.010440205646394,-2.6152829953481618,0.0,-3.105590111167231,0.5988008906138332,8.035623459588914,-0.44575840826123947,0.0,0.0,0.0,3.0,4.0,0.947823304107251
07-12,7.010440205646394,-2.646821836972485,0.0,-1.2422407832213638,1.1976017812276383,2.6784806024460566,0.32438988748611675,0.0,0.0,0.0,4.0,3.0,0.7321849856612357
07-13,7.010440205646394,-1.4157706885148342,0.0,-1.2422407832213638,0.5988008906138332,2.6784806024460566,0.14770824021978068,0.0,0.0,0.0,4.0,3.0,0.7777418467189866
07-14,6.804122795764711,-0.4601238702433794,0.0,-0.6211164426486468,-1.219509074831227,1.8018001505532475,0.14770824021978068,0.0,0.0,0.0,3.0,4.0,0.6452881798814485
07-15,1.6598194299476847,-0.92450159299689,0.0,-3.1847134789700027,0.5988008906138332,3.571428571428571,0.14770824021978068,0.0,0.0,0.0,4.0,3.0,0.1868542060242977
07-16,1.6598194299476847,-0.8937286274269198,0.0,-3.1847134789700027,-0.6060590647687671,5.30972973333062,0.14770824021978068,0.0,0.0,0.0,3.0,4.0,0.24327562323323954
07-17,-3.734434848780922,-0.15418929717289878,0.0,-5.806453253633248,-0.6024081157762313,4.464194888160343,0.14770824021978068,0.0,0.0,0.0,2.0,5.0,-0.5685582386983177
07-18,1.4524164708611156,0.16895147472549152,0.0,-2.5157248296561754,-4.242421159840593,0.8927663167317709,0.14770824021978068,0.0,0.0,0.0,4.0,3.0,-0.409630348695861
07-19,1.4524164708611156,2.723691068529971,0.0,-3.749998410542791,-3.0303030303030303,0.8927663167317709,0.14770824021978068,0.0,0.0,0.0,4.0,3.0,-0.15637193445031833
07-20,1.4524164708611156,2.2747228166820035,0.0,-3.125,-3.0303030303030303,3.47825779281148,0.14770824021978068,0.0,0.0,0.0,4.0,3.0,0.11978022902713499
07-21,-0.6224074630114179,2.723691068529971,0.0,-2.5000015894572085,-3.0303030303030303,8.264455861951035,0.14770824021978068,0.0,0.0,0.0,3.0,4.0,0.498314308792913
07-22,0.0,2.723691068529971,0.0,-2.5000015894572085,-3.0303030303030303,23.021565885792914,0.5908329608791227,0.0,0.0,0.0,3.0,4.0,2.080578529544177
07-23,0.0,2.7535797883781226,0.0,-3.144654037753026,-2.4096401231396696,20.0,-0.1772566499135523,0.0,0.0,0.0,2.0,5.0,1.7022028977571875
07-24,0.0,2.7535797883781226,0.0,-1.2578584161936717,-1.2121181295375631,21.12676056338028,0.0,0.0,0.0,0.0,2.0,5.0,2.1410363806027166
07-25,0.0,2.7535797883781226,0.0,-0.6249984105427913,2.9585798371357535,21.83091427798562,0.0,0.0,0.0,0.0,3.0,4.0,2.6918075492956706
07-26,0.0,2.7535797883781226,0.0,1.2578664134624888,1.1834364492888814,21.12676056338028,0.0,0.0,0.0,0.0,4.0,3.0,2.632164321450977
07-27,0.0,2.424481561782676,0.0,1.2578664134624888,2.3668653745201387,27.27272727272727,0.0,0.0,0.0,0.0,4.0,3.0,3.3321940622492576
07-28,0.0,2.6986573873830175,0.0,2.5157248296561905,4.624280260728316,27.74198290622972,0.0,0.0,0.0,0.0,4.0,3.0,3.7580645383997244
07-29,2.061989954509123,4.948804256550303,0.0,6.626504593607948,7.821230359903552,25.65782781232867,0.0,0.0,0.0,0.0,5.0,1.0,4.711635697689959
07-30,2.061989954509123,2.4525021674638197,0.0,4.907978427380584,7.262572570707428,26.31578947368421,0.0,0.0,0.0,0.0,5.0,1.0,4.300083259374516
07-31,0.0,2.4525021674638197,0.0,2.4539892136902846,5.714285714285714,27.67293827020848,0.0,0.0,0.0,0.0,4.0,2.0,3.8293715365648295
08-01,0.0,0.4173305849375416,0.0,1.234564800327279,5.714285714285714,23.89935577881641,0.0,0.0,0.0,0.0,4.0,2.0,3.1265536878366946
08-02,5.641895635219552,0.2685973982725259,0.0,-1.2658195249076232,5.714285714285714,12.578608304640218,0.0,0.0,0.0,0.0,4.0,2.0,2.293756752751039
08-03,5.641895635219552,0.2685973982725259,0.0,-0.6329097624538191,5.142858596075162,13.664587639542011,0.0,0.0,0.0,0.0,4.0,2.0,2.4085029506655435
08-04,5.641895635219552,0.23886015923438994,0.0,-0.6329097624538191,3.488370717614083,11.464960724355953,0.0,0.0,0.0,0.0,4.0,2.0,2.0201177473970158
08-05,5.641895635219552,0.23886015923438994,0.0,0.6249984105427913,2.9239766516728496,8.496792863971079,0.0,0.0,0.0,0.0,5.0,1.0,1.7926523720640664
08-06,5.641895635219552,0.23886015923438994,0.0,2.4539892136902846,1.1976017812276383,7.189604190599236,0.0,0.0,0.0,0.0,5.0,1.0,1.67219509799711
08-07,5.641895635219552,0.23886015923438994,0.0,1.840493860521893,-2.4242439655342634,3.75,0.0,0.0,0.0,0.0,4.0,2.0,0.9047005689441573
08-08,0.0,0.23886015923438994,0.0,1.2422328852972349,-4.848487931068512,3.1249364217122393,0.0,0.0,0.0,0.0,3.0,3.0,-0.02424584648246475
08-09,0.963454567418305,-0.059813194492570755,0.0,-3.105590111167231,-8.484850026140323,5.0,0.0,-0.5871294337836992,0.0,0.0,2.0,4.0,-0.6273928198165519
08-10,3.9252351162939187,-0.029958656479862168,0.0,-1.2422407832213638,-8.484850026140323,23.232323232323232,0.0,1.2057742615236537,0.0,0.0,3.0,3.0,1.8606283144299254
08-11,4.2831132864717185,-3.5994048438518558,0.0,-1.2422407832213638,-10.493832199468187,17.837883016014846,0.0,1.335084099593174,0.0,0.0,3.0,3.0,0.8120602575538334
08-12,8.947369658409583,-1.1304439401655137,0.0,-1.8750031789144028,-12.578616151012104,20.833333333333336,0.0,1.335084099593174,0.0,0.0,3.0,3.0,1.5531723821244072
08-13,8.947369658409583,-0.9796243106037411,0.0,-1.8750031789144028,-8.695653890853075,19.696918320575545,0.0,1.335084099593174,0.0,0.0,3.0,3.0,1.8429090698207085
08-14,6.14041083008337,-0.9796243106037411,0.0,-1.8867876242905373,-10.062891321355915,17.4358883401524,0.0,2.256231108914469,0.0,0.0,3.0,3.0,1.2903227022900043
08-15,6.14041083008337,-0.9796243106037411,0.0,-1.282056193589073,-6.832296664983108,19.4871693213468,0.0,2.5594665735675592,0.0,0.0,3.0,3.0,1.9093069555821807
08-16,2.7272713033617206,0.88757620572501,0.0,-2.5641042361154343,-6.211180222334462,21.5384503025412,0.0,1.9765984945389496,0.0,0.0,4.0,2.0,1.8354611847716984
08-17,13.70977764473269,3.3477751170150496,0.0,-4.48718445096768,-3.7267065538158777,21.5384503025412,0.0,2.154729546186741,0.0,0.0,4.0,2.0,3.2536841605692124
08-18,16.22469352768489,2.361571340975779,0.0,-4.48718445096768,-3.7267065538158777,21.133968182855455,0.0,2.1293163608519707,0.0,0.0,4.0,2.0,3.3635658407584534
08-19,18.38901926122815,2.361571340975779,0.0,-4.48718445096768,-3.7267065538158777,21.5384503025412,0.0,2.1293163608519707,0.0,0.0,4.0,2.0,3.620446626081354
08-20,18.38901926122815,2.6530169874266405,0.0,-5.161293604040674,-1.8518550496624935,15.343960908241389,0.0,2.7005898368179406,0.0,0.0,4.0,2.0,3.207343834001095
08-21,18.38901926122815,2.7988898066161334,0.0,-4.545451167623461,-0.6097545374156135,-5.882295342758999,0.0,2.7005898368179406,0.0,0.0,3.0,3.0,1.285099785686415
08-22,18.38901926122815,2.7988898066161334,0.0,-4.545451167623461,1.2195168282808766,1.0695181347753433,0.0,3.053040772548728,0.0,0.0,5.0,1.0,2.198453363582577
08-23,18.38901926122815,5.000671965614998,0.0,-2.5641042361154343,3.0487804405277457,-2.6737409384329682,0.0,1.0632775747152852,0.0,0.0,4.0,2.0,2.2263904067537776
08-24,18.38901926122815,6.226057261185868,0.0,-2.5641042361154343,1.829271365696519,-3.7837267166128257,0.0,1.0362635414346306,0.0,0.0,4.0,2.0,2.113278047681691
08-25,13.37381632066436,4.8062882487547895,0.0,-1.9230802148522612,0.0,-3.7837267166128257,0.0,0.8740363476893429,0.0,0.0,3.0,3.0,1.3347333985643404
08-26,16.413386152071883,4.532443047063612,0.0,0.0,1.829271365696519,-6.451612903225806,0.0,0.5655558150987869,0.0,0.0,4.0,2.0,1.6889043476704995
08-27,5.774979023404179,2.733908970193787,0.0,-1.2738902510751362,3.0487804405277457,-4.838764368419579,0.0,1.1568142552387364,0.0,0.0,4.0,2.0,0.6601828069869733
08-28,2.5834888879320275,0.2878161348226742,0.0,-0.6451596495925587,1.2269985073535012,-3.1914893617021276,0.0,0.10392547098724142,0.0,0.0,4.0,2.0,0.03655799898007579
08-29,2.5834888879320275,-1.4640844199457153,0.0,-0.6451596495925587,4.166671081825433,-3.7234583645002215,0.0,0.025996676472204387,0.0,0.0,3.0,3.0,0.0943454212191169
08-30,2.5834888879320275,0.2878161348226742,0.0,-0.6493489872432903,3.57143451837709,-0.531969002798094,0.0,-0.8905189886596372,0.0,0.0,3.0,4.0,0.43709025624307707
08-31,1.3846174575689763,1.2949660203290632,0.0,0.0,2.380953822636867,-0.531969002798094,0.0,-2.556588825507007,0.0,0.0,3.0,4.0,0.19719794722298056
09-01,-1.2306655377791857,1.2949660203290632,0.0,0.0,1.796402671841443,-0.531969002798094,0.0,-3.259420814202944,0.0,0.0,2.0,5.0,-0.19306866626097177
09-02,-3.1746603307161947,-1.2842149244042205,0.0,0.6451596495925587,1.2048162315524056,-1.0695181347753433,-0.8792474983936374,-3.018971570670757,0.0,0.0,2.0,5.0,-0.7576636577815188
09-03,0.0,-1.7460803627078085,0.0,1.9108232278948665,2.9585798371357535,-1.6304900680763135,-2.6237245956978104,-3.1258299743682514,0.0,0.0,2.0,5.0,-0.4256721935819563
09-04,0.0,-0.577148786513776,0.0,1.282048042526346,3.529410268746156,-2.2099435093531548,-2.6237245956978104,-2.6322729266243345,0.0,0.0,2.0,5.0,-0.3231631506916574
09-05,0.0,0.5848026669006067,0.0,0.0,4.166671081825433,-2.2099435093531548,-2.6237245956978104,-1.7395884852444095,0.0,0.0,2.0,5.0,-0.18217828415693355
09-06,0.0,-0.43227775010891173,0.0,1.851847200490904,2.380953822636867,-2.7623731849216946,-1.3545320873785653,-1.9007322748253845,0.0,0.0,2.0,5.0,-0.22171142741067854
09-07,2.6354290351050222,-0.43227775010891173,0.0,3.0864198499897726,2.380953822636867,3.125,-1.6238537183500485,-2.9645388638704144,0.0,0.0,4.0,3.0,0.6207132375402287
09-08,1.9173539367898678,-0.14419142806820726,0.0,4.320984650317052,5.202313455796626,4.6154343744604,-1.6838987312214688,0.8500721765884499,0.0,0.0,5.0,2.0,1.507806843466272
09-09,-6.741567682167149,2.982959074354612,0.0,3.726706553815848,5.202313455796626,6.0606060606060606,-1.6838987312214688,0.9273586120083369,0.0,0.0,5.0,2.0,1.0474477343192867
09-10,-4.7244012591409135,1.2784110318662694,0.0,2.5157248296561905,4.1176440669040915,3.5897938838632,-1.6838987312214688,1.6486331650686932,0.0,0.0,5.0,2.0,0.6741906986996062
09-11,-4.7244012591409135,1.2784110318662694,0.0,1.8987373352457397,0.0,3.5897938838632,-1.6838987312214688,1.343670407008476,0.0,0.0,4.0,3.0,0.17023126676213032
09-12,-4.7244012591409135,1.348447100072784,0.0,4.3478229964644655,0.5952441322918947,3.5897938838632,-1.6838987312214688,2.7508865576417203,0.0,0.0,5.0,2.0,0.6223894679971682
09-13,-1.9939679760128532,1.348447100072784,0.0,4.907978427380584,1.1904806957402374,4.1025619623888,-1.6838987312214688,1.9582245820889501,0.0,0.0,5.0,2.0,0.9829826060437034
09-14,-1.9939679760128532,1.348447100072784,0.0,3.6809877210437714,-0.5952365634483288,3.6081949869791665,-1.6838987312214688,4.564000152510057,0.0,0.0,4.0,3.0,0.8928526689923129
09-15,-1.9939679760128532,1.4224264639305535,0.0,4.294483074212192,-0.5952365634483288,4.1025619623888,-0.7976380204864676,4.373254870649471,0.0,0.0,4.0,3.0,1.0805883811233368
09-16,-4.754703857101178,0.2702650447813782,0.0,10.34483035814967,-2.4242439655342634,5.154639175257731,0.9157978510124556,3.5342057961669697,0.0,0.0,5.0,2.0,1.3040790402732765
09-17,-4.754703857101178,1.280230791738586,0.0,5.454546995837293,1.1627877749298976,6.217613303169262,-0.32496489013333296,3.686754882870486,0.0,0.0,5.0,2.0,1.2722265001311015
09-18,-3.9877818042164552,1.280230791738586,0.0,3.7037022501534267,1.1764675963158562,0.5181871492918081,-0.0590855499712051,7.179613346186726,0.0,0.0,5.0,2.0,0.9811333779498742
09-19,-3.9877818042164552,1.280230791738586,0.0,0.0,-0.5814012802893394,-1.0362688838615437,0.0,5.133982522897277,0.0,0.0,2.0,5.0,0.0808761346268525
09-20,-3.9877818042164552,8.079555014856007,0.0,-1.8987292873614274,-0.5814012802893394,-2.5906195022928227,0.0,4.014232232097945,0.0,0.0,2.0,5.0,0.30352553727939074
09-21,-2.7272710133068876,6.216305764269371,0.0,-0.6329097624538191,1.1627877749298976,-3.125,0.0,2.731145469193889,0.0,0.0,3.0,4.0,0.36250582326324504
09-22,5.606009143137598,6.631212336253538,0.0,0.0,1.7341069352958407,-2.5906195022928227,0.0,2.7882455967365893,0.0,0.0,4.0,3.0,1.4168954509130742
09-23,3.7878236333370494,7.896396079886168,0.0,1.2499968210855972,0.5847938431231243,-5.978316155032835,0.0,1.3815700396504278,0.0,0.0,5.0,2.0,0.8922264262049533
09-24,1.2121720158266291,7.896396079886168,0.0,0.6289292080968506,1.1764675963158562,-10.795512343897965,0.0,3.7930220651626163,0.0,0.0,5.0,1.0,0.39114746213901563
09-25,1.2121720158266291,8.092563200106918,0.0,0.6172824001636541,1.754381529369387,-14.792830311653507,0.0,2.295922215210229,0.0,0.0,5.0,1.0,-0.08205089509766897
09-26,0.0,7.6216340092231745,0.0,-1.2422407832213638,3.448274350100194,-15.384606124242223,0.0,0.8542630647946324,0.0,0.0,3.0,3.0,-0.4702675483345586
09-27,-1.2270459231281299,7.378173430640722,0.0,-8.750001589457208,5.172415179074835,-14.792830311653507,0.0,-1.4747727615031438,0.0,0.0,2.0,4.0,-1.3694061976026428
09-28,4.624323790291852,4.613384530316074,0.0,-3.125,1.149429655266119,-9.604456782249102,0.0,-1.9175995738294174,0.0,0.0,3.0,3.0,-0.4259918380204475
09-29,3.930131977838182,-2.44233115109766,0.0,-1.2499968210856118,0.5780405451591923,34.364848066013124,0.0,-5.725396338167195,0.0,0.0,3.0,3.0,2.945529627866003
09-30,3.649590566101922,-4.137924205587192,0.0,-0.6211164426486468,0.5780405451591923,32.73695244114747,0.0,-3.4456007347937363,0.0,0.0,3.0,3.0,2.875994216937901
10-01,4.347827896378024,-2.068962102793602,0.0,1.2195168282808766,1.7341069352958407,-7.821224605496593,0.0,-1.9689175292066479,0.0,0.0,3.0,4.0,-0.45576525775421023
10-02,4.347827896378024,-2.068962102793602,0.0,5.263159460222547,1.714288620721726,-4.917974465528553,0.0,-2.955796708464028,0.0,0.0,3.0,4.0,0.13825427005361143
10-03,5.5072967591484545,-0.680316891712355,0.0,7.058820537492327,0.0,-5.464477836746279,0.0,-2.580145181198106,0.0,0.0,2.0,5.0,0.38411773869840415
10-04,5.5072967591484545,-0.680316891712355,0.0,5.88235294117647,1.15607374022753,-0.5463921961315295,0.0,-3.8241448314770103,0.0,0.0,3.0,4.0,0.7494869521231559
10-05,4.117747082842568,0.6456675106513414,0.0,6.470586739334391,1.7341069352958407,38.172042165394465,0.0,-3.4832339747022405,0.0,0.0,5.0,2.0,4.7656916458816365
10-06,4.117747082842568,-1.9866226515171361,0.0,4.705885344860601,1.1627877749298976,0.5405952299127088,-0.2313418511319229,-1.7125060501651486,0.0,0.0,4.0,3.0,0.6596544879731567
10-07,-1.7647014938818821,-1.4667122031006756,0.0,8.474576514711442,3.409089513389828,2.762485588461192,0.23028735517961368,-0.23352400220526057,0.0,0.0,4.0,3.0,1.1411501272554259
10-08,-1.7647014938818821,-1.2000024503910671,0.0,8.988769502996407,1.7241408289746545,8.152118627575861,0.7729758242334293,-0.2854193246976402,0.0,0.0,4.0,3.0,1.6387881514809763
10-09,-1.0293593514574957,1.7332879500487546,0.0,7.471267181757998,0.0,1.1173178007852276,0.7729758242334293,-0.6510416407965962,0.0,0.0,4.0,3.0,0.9414447764571318
10-10,-1.0293593514574957,3.6600900828983765,0.0,8.045978355466508,0.5747111737085221,-65.12466792972619,0.7729758242334293,-0.3374897886041578,0.0,0.0,4.0,3.0,-5.343776163348101
10-11,-1.0293593514574957,3.6600900828983765,0.0,4.733730749040277,0.5747111737085221,-60.29785821279842,0.4880906537622119,0.15524287431357658,0.0,0.0,5.0,2.0,-5.171535203053295
10-12,0.4347834832493844,6.708778338262418,0.0,2.9585798371357535,0.5747111737085221,5.281690211788907,0.23028735517961368,1.9308997064156306,0.0,0.0,7.0,0.0,1.811973010574023
10-13,-0.7351943420320536,8.227763364142152,0.0,-1.1834289252312293,1.1428542364211176,4.304521400030508,-0.1155427982711348,4.113367026796951,0.0,0.0,4.0,3.0,1.575433996185631
10-14,-1.7699151275662863,5.161249445527767,0.0,-1.1834289252312293,3.3519538388960304,40.74413941533298,-0.1155427982711348,3.7622273393150816,0.0,0.0,4.0,3.0,4.995068318800321
10-15,-0.2950399726680198,5.161249445527767,0.0,-1.1834289252312293,1.129940661699849,39.67560051133574,-0.1155427982711348,3.586657495574192,0.0,0.0,4.0,3.0,4.7959436417967165
10-16,-0.2950399726680198,2.0774236202356575,0.0,-2.4096401231396696,4.419885349728685,1.5178267078496106,-0.1155427982711348,3.586657495574192,0.0,0.0,4.0,3.0,0.8781570279309321
10-17,-1.7699151275662863,1.0303825156529975,0.0,-3.0303030303030303,2.824858838237147,38.779528473523904,0.11553177950343922,2.2877517091715336,0.0,0.0,5.0,2.0,4.02378351582197
10-18,-1.7699151275662863,2.954049740376189,0.0,-5.988024134471052,0.5649703308499381,40.10321361651682,0.11553177950343922,0.9781139468283404,0.0,0.0,5.0,2.0,3.695794015203739
10-19,-1.7699151275662863,4.458640432276315,0.0,-6.586832639251316,1.6949109925497605,40.313896044334754,0.11553177950343922,2.8729823106874783,0.0,0.0,5.0,2.0,4.109921379253414
10-20,-1.7699151275662863,6.250043746280082,0.0,-4.191621462629609,1.6949109925497605,40.54394186262546,-0.34662839481346597,0.9798794878272183,0.0,0.0,4.0,3.0,4.316061110427316
10-21,-1.49264350142091,7.630973430564995,0.0,-4.819280246279339,0.571427118210552,39.66421858015074,-0.8954401584498591,0.6704443778167575,0.0,0.0,4.0,3.0,4.1329699600592935
10-22,-13.333389169064628,7.630973430564995,0.0,-3.5714269495335236,-1.7543889654266005,40.68130437022168,-0.6065941815397073,0.33521727052600186,0.0,0.0,3.0,4.0,2.9381695805748222
10-23,-12.999994017600237,4.612421830043479,0.0,-4.191621462629609,-0.5780331950683242,-0.17636414951592214,-0.34662839481346597,-0.2594093146497935,0.0,0.0,1.0,6.0,-1.3939628704233873
10-24,-12.999994017600237,4.242471284191626,0.0,-1.8072320073634671,-0.5747111737085084,0.8465600278264582,0.0,-1.178012444900344,0.0,0.0,2.0,5.0,-1.1470918331554472
10-25,-12.999994017600237,4.242471284191626,0.0,0.0,-2.8735631763916714,0.10582252642620973,0.08658756904159326,-2.580145181198106,0.0,0.0,3.0,4.0,-1.4018820995530585
10-26,-12.999994017600237,3.6585452689238553,0.0,0.6024081157762028,-1.7241335211255526,-0.6396599469792187,0.34543103276938986,-3.855169486237099,0.0,0.0,3.0,4.0,-1.4612572554472658
10-27,-12.999994017600237,5.660439903715363,0.0,-0.6024081157762313,-2.906976830149121,0.4569457456204394,5.2761077325515675,-4.235291325188948,0.0,0.0,3.0,4.0,-0.9351176906827167
10-28,-11.666604848535593,10.315717341666076,0.0,-1.2121181295375631,-3.5087704947960012,-1.9720371331858444,2.4431309097811593,-2.849673601536969,0.0,0.0,2.0,5.0,-0.8450355956144735
10-29,0.0,8.537974791244311,0.0,-0.6024081157762313,-5.2325597728332784,-1.4684808248271757,-3.5380694458420994,-1.5686234617544936,0.0,0.0,1.0,6.0,-0.38721668297889683
10-30,0.0,8.18709689120074,0.0,-1.2121181295375631,-2.906976830149121,0.0,-3.5380694458420994,-1.8348543125675822,0.0,0.0,1.0,6.0,-0.13049218268956259
10-31,0.0,6.5475774014322665,0.0,-2.4539814126736106,0.0,-0.3869173730945634,-3.5380694458420994,-3.655280012319396,0.0,0.0,1.0,6.0,-0.34866708424974036
11-01,0.0,4.268219157390636,0.0,-4.402512453946698,1.129940661699849,-0.5627852469033595,-2.839477494787367,-6.2667384655211755,0.0,0.0,2.0,5.0,-0.8673353842068113
11-02,0.0,2.044840996464483,0.0,-5.660378867409201,3.389829169087085,-0.7044761086270888,-0.8269103138145683,-2.9739748710109017,0.0,0.0,2.0,5.0,-0.47310699953101915
11-03,0.0,-2.881992960117018,0.0,-5.031441662043563,3.932588443467857,-0.2103030651887231,-2.7816849514534487,-2.581153163234522,0.0,0.0,1.0,6.0,-0.9553987358569419
11-04,0.0,-2.4845176914425218,0.0,-6.369426957940005,3.932588443467857,1.9750508758470595,-2.007811512683815,-1.6498108080783063,0.0,0.0,2.0,5.0,-0.6603927650829732
11-05,0.0,-2.4845176914425218,0.0,-6.369426957940005,3.3519538388960304,0.105703947089409,-3.0712879713647276,-2.1021741946198143,0.0,0.0,2.0,6.0,-1.056974902938163
11-06,0.0,-1.8633585423592134,0.0,-5.7324858819750295,-1.162795167754288,0.845665180462527,-3.0712879713647276,-2.758432713143674,0.0,0.0,1.0,7.0,-1.3742695096134405
11-07,0.0,-1.8633585423592134,0.0,-5.7324858819750295,0.5780405451591923,-0.24665822495732828,-3.0712879713647276,-3.0067085419725443,0.0,0.0,1.0,7.0,-1.334245861746965
11-08,0.0,0.29191536095617787,0.0,-5.769232493494041,1.15607374022753,1.7265672502046847,-3.0712879713647276,-4.547925145502875,0.0,0.0,3.0,5.0,-1.021388925897325
11-09,0.0,-0.1829856283442357,0.0,-6.410256514757215,0.5780405451591923,2.788431960673891,-3.0712879713647276,-4.166663203797098,0.0,0.0,2.0,6.0,-1.0464720812430193
11-10,0.0,-4.268330050696896,0.0,-5.769232493494041,0.5780405451591923,0.2860204707543593,-0.338120389432311,-4.8941508008504355,0.0,0.0,2.0,6.0,-1.4405772718560133
11-11,0.0,-4.347864343312664,0.0,-6.451612903225806,1.714288620721726,0.5698000279445594,0.4508307687942086,-3.051967673769829,0.0,0.0,3.0,5.0,-1.1116525502847803
11-12,0.0,-1.8633585423592134,0.0,-7.142855373517051,1.149429655266119,-1.2464401083357723,-0.22541001007041336,-2.6670367038497194,0.0,0.0,1.0,7.0,-1.199567108286605
11-13,0.0,-1.4535290555396199,0.0,-4.48718445096768,-1.7241335211255526,-0.3180217491668112,-2.2259708748038975,-1.3847360743359445,0.0,0.0,0.0,8.0,-1.1593575725939504
11-14,0.0,-0.5912872316194485,0.0,-1.9230802148522612,-2.2988520026831494,-0.8127259921751652,-0.28176519975136216,-2.02186259376495,0.0,0.0,0.0,8.0,-0.7929573234846335
11-15,0.0,1.054015114546613,0.0,0.0,-2.2988520026831494,-1.9788034925374014,-0.28176519975136216,-1.6738631656589726,0.0,0.0,1.0,7.0,-0.5179268746084273
11-16,0.0,1.8292726344619277,0.0,0.0,-2.8735631763916714,-2.0870185462832485,-0.28176519975136216,-1.3484357478678641,0.0,0.0,1.0,7.0,-0.4761510035832218
11-17,0.0,3.823212570330726,0.0,0.0,-3.4682065205007993,-2.704627112329164,-1.0425441374640982,0.05353441498105925,0.0,0.0,2.0,6.0,-0.3338630784982276
11-18,0.0,0.8621489408327332,0.0,0.6329178103381017,-2.2857157389323053,-1.5384557641848389,0.08445602170682999,0.29443417707301633,0.0,0.0,4.0,4.0,-0.19502145531664633
11-19,-5.120056591812044,-1.2807988852347474,0.0,1.875003178914388,1.714288620721726,-1.3933526003485834,-0.39570205037278333,1.7130604368114386,0.0,0.0,3.0,5.0,-0.28875578913206057
11-20,0.0,-0.9851446755896139,0.0,1.8867956215593544,1.1428542364211176,-3.164333279448364,0.0,1.3963491791794351,0.0,0.0,3.0,5.0,0.027652108212192918
11-21,0.0,-0.9851446755896139,0.0,2.5157248296561905,1.1428542364211176,-0.5753320765361634,0.0,-0.2730810806531015,0.0,0.0,2.0,5.0,0.18250212332984292
11-22,-1.6259598882320376,-1.109743723626532,0.0,3.144654037753026,0.0,-0.9708754510920625,0.0,1.4095973607133756,0.0,0.0,2.0,5.0,0.08476723355157696
11-23,-1.6259598882320376,0.7521051616066672,0.0,3.144654037753026,0.571427118210552,1.1963411388992076,-2.0937749562592463,0.9413622142234649,0.0,0.0,5.0,2.0,0.28861548262016334
11-24,-1.6259598882320376,1.288748064829725,0.0,1.8867956215593544,0.571427118210552,2.6352296285048356,-2.2445313285105892,3.1489875961270375,0.0,0.0,5.0,2.0,0.5660696812488878
11-25,-1.6259598882320376,-2.9049238050669413,0.0,2.5000015894572085,0.0,1.8043041751213438,-1.5547045377664748,3.1489875961270375,0.0,0.0,3.0,4.0,0.13677051296401369
11-26,-1.4851515644035582,-2.9049238050669413,0.0,1.8867956215593544,1.1363607628614094,-0.03538651380340636,-1.733764836179898,1.9846519762634784,0.0,0.0,3.0,4.0,-0.11514183587695621
11-27,-1.4851515644035582,-2.2316014023979958,0.0,1.8867956215593544,1.7045411442921277,-1.334298035850464,-1.733764836179898,2.140020056137027,0.0,0.0,3.0,4.0,-0.1053459016843407
11-28,-1.4851515644035582,-4.993603961591291,0.0,0.6329178103381017,0.0,-1.334298035850464,-1.733764836179898,1.0683699942667273,0.0,0.0,2.0,5.0,-0.7845530593420382
11-29,-3.3613986798093194,-4.431949366286206,0.0,0.0,0.0,-0.7933690022895062,-2.395733586789006,0.5097897085467115,0.0,0.0,1.0,6.0,-1.0472660926627326
11-30,-3.3613986798093194,-4.624949456221026,0.0,-1.2658195249076232,0.0,1.2018386058138197,-2.1238860578110237,2.2245446073996544,0.0,0.0,2.0,5.0,-0.7949670505535519
12-01,-2.329510063258591,0.09841515911414651,0.0,-0.6329097624538191,-0.5747111737085084,1.2018386058138197,-2.8520472038756446,2.6150626467234357,0.0,0.0,3.0,4.0,-0.24738617916451608
12-02,-2.329510063258591,-1.499996380649649,0.0,-0.6329097624538191,-0.5747111737085084,-0.7196791975601312,-2.8520472038756446,4.236408670176023,0.0,0.0,1.0,6.0,-0.437244511133032
12-03,-2.329510063258591,-1.3749164184320772,0.0,0.0,-1.7441890552192232,-0.035972047324764146,-1.7935920036942756,3.530340558480035,0.0,0.0,1.0,6.0,-0.3747839029448896
12-04,-0.8320020080170974,-1.3874555231196624,0.0,-0.6329097624538191,0.0,-1.2829672744238894,0.29402669525500474,3.0231374821273813,0.0,0.0,2.0,5.0,-0.08181703906320817
12-05,0.9983307402285553,-1.3874555231196624,0.0,-0.6329097624538191,0.0,-2.7797601621205454,0.4410400428825385,1.992561137517609,0.0,0.0,3.0,4.0,-0.1368193527065324
12-06,0.9983307402285553,-1.0086784250455496,0.0,-1.2658195249076232,0.571427118210552,-2.7084826918983977,0.6163753635271256,1.9773266384541996,0.0,0.0,4.0,3.0,-0.08195207814311381
12-07,0.9983307402285553,-2.4283378798561723,0.0,-0.6329097624538191,-0.571427118210552,-2.8551007280190324,1.0520181107818576,0.3953550780469407,0.0,0.0,3.0,4.0,-0.4042071559482222
12-08,0.0,-1.2752542625655812,0.0,-0.6329097624538191,0.0,-2.198577713159393,-0.8878343561177289,-0.21180305900941832,0.0,0.0,0.0,7.0,-0.520637915330594
12-09,0.0,1.3889319440388306,0.0,-0.6329097624538191,-0.571427118210552,-1.874551052826888,0.176008721098409,0.8737141304081434,0.0,0.0,3.0,4.0,-0.06402331379458762
12-10,0.0,0.8585831393132425,0.0,-0.6329097624538191,-0.571427118210552,0.036049852070466834,0.8213516516385797,1.3238019431827257,0.0,0.0,4.0,3.0,0.18354497055406438
12-11,0.0,-1.010143309897422,0.0,0.6289292080968506,0.0,-1.3252179019424692,0.5573441650294652,1.3238019431827257,0.0,0.0,3.0,4.0,0.017471410446915036
12-12,0.0,0.0,0.0,0.6289292080968506,0.0,-1.3252179019424692,1.2613678593461033,1.558373330893628,0.0,0.0,3.0,4.0,0.21234524963941123
12-13,0.0,0.08736830201256114,0.0,0.0,0.0,0.46561303872266113,0.9708791255040033,-0.9777984418413415,0.0,0.0,3.0,4.0,0.05460620243978842
12-14,0.0,-1.3340251565985264,0.0,-0.6329097624538191,1.149429655266119,0.7499967302594867,0.9708791255040033,-0.6845764596214088,0.0,0.0,3.0,4.0,0.021879413235585465
12-15,0.0,-0.23806658272570885,0.0,0.0,0.0,0.46561303872266113,0.9708791255040033,-0.13161156844298605,0.0,0.0,2.0,5.0,0.10668140130579695
12-16,0.0,-0.23806658272570885,0.0,0.0,0.0,0.179537320374516,-0.058830956395804546,0.9213010617389497,0.0,0.0,2.0,5.0,0.08039408429919523
12-17,0.0,-0.613953927939704,0.0,0.0,-1.7441890552192232,-0.7540361996274197,-0.23535749457786803,0.15793990692299745,0.0,0.0,1.0,6.0,-0.31895967704412176
12-18,0.0,-0.613953927939704,0.0,0.0,-1.7441890552192232,1.30327206706344,-0.6766682285338906,0.15793990692299745,0.0,0.0,2.0,5.0,-0.15735992377063807
12-19,0.0,-0.613953927939704,0.0,0.0,-2.325582942684158,0.6692449129754656,0.588410570941995,0.4723177703830552,0.0,0.0,3.0,4.0,-0.12095636163233463
12-20,0.0,-1.710007491375946,0.0,0.6289292080968506,-1.7441890552192232,2.2895372754649648,0.588410570941995,1.9638297706657462,0.0,0.0,4.0,3.0,0.20165102785743874
12-21,0.0,-0.2532116263253936,0.0,0.0,-1.7441890552192232,2.2895372754649648,0.588410570941995,3.1041536651676167,0.0,0.0,3.0,4.0,0.39847008300299597
12-22,0.0,-1.2659127365260239,0.0,0.0,-2.339182808549725,3.0069951009817832,-0.2941996739718823,2.698533130758609,0.0,0.0,2.0,5.0,0.18062330126927612
12-23,0.0,-1.354464411095924,0.0,0.6249984105427913,-2.339182808549725,2.8869562563688858,0.0,2.749934975636802,0.0,0.0,3.0,4.0,0.256824242290283
12-24,0.0,-1.531694980949001,0.0,0.6249984105427913,-2.352942672430314,-115.38461538461537,0.0,2.390131865388913,0.0,0.0,2.0,5.0,-11.6254122762063
12-26,0.0,0.36020453068061276,0.0,4.819272586244495,0.5780405451591923,2.445844662519594,0.0,2.88928931342473,0.0,0.0,5.0,2.0,1.1092651638028623
12-27,0.0,-0.26245973323174426,0.0,2.4691296006545436,0.5780405451591923,2.69042779589343,0.0,2.01238083868426,0.0,0.0,4.0,3.0,0.7487519047159681
12-28,0.0,0.23750117180206617,0.0,2.4691296006545436,0.5780405451591923,3.2314116851544052,0.0,1.9865755325346155,0.0,0.0,5.0,2.0,0.8502658535304823
12-29,0.0,0.10013345936031284,0.0,2.4691296006545436,0.5780405451591923,2.758376483989193,0.0,1.6769807516233377,0.0,0.0,5.0,2.0,0.7582660840786579
12-30,0.0,1.1766804718846933,0.0,2.4691296006545436,-1.775143387846872,1.3208239905073982,0.0,0.15479246953532044,0.0,0.0,4.0,3.0,0.3346283144735083
12-31,0.0,1.1141142828593205,0.0,1.2499968210855972,-0.584793843123152,0.6648024302477874,0.0,-0.5675986332045397,0.0,0.0,3.0,4.0,0.18765210578650135
