,2009,2010,2011,2012,2013,2014,2017,2018,2019,2020,ups,downs,avg
01-02,-46.7276588704966,0.0,-4.10958904109589,0.0,0.0,0.0,0.0,0.0,0.0,0.0,0.0,9.0,-5.0837247911592485
01-03,0.0,0.0,-4.10958904109589,0.0,0.0,0.0,0.0,0.0,0.0,0.0,0.0,9.0,-0.410958904109589
01-04,0.0,0.0,0.0,0.0,0.0,0.0,0.0,0.0,0.0,0.0,0.0,9.0,0.0
01-05,0.0,0.0,13.105261953253494,0.0,0.0,0.0,0.0,0.0,0.0,0.0,1.0,8.0,1.3105261953253495
01-06,0.0,0.0,3.9473684210526314,0.0,0.0,0.0,0.0,0.0,0.0,0.0,1.0,8.0,0.39473684210526316
01-07,0.0,0.0,3.9473684210526314,0.0,0.0,0.0,0.0,0.0,0.0,0.0,1.0,8.0,0.39473684210526316
01-08,0.0,0.0,3.9473684210526314,0.0,0.0,0.0,0.0,0.0,0.0,0.0,1.0,8.0,0.39473684210526316
01-09,0.0,0.0,3.9473684210526314,0.0,0.0,0.0,0.0,0.0,0.0,0.0,1.0,8.0,0.39473684210526316
01-10,0.0,0.0,3.9473684210526314,0.0,0.0,0.0,0.0,0.0,0.0,0.0,1.0,8.0,0.39473684210526316
01-11,0.0,0.0,3.9473684210526314,0.0,0.0,0.0,0.0,0.0,0.0,0.0,1.0,8.0,0.39473684210526316
01-12,0.0,0.0,3.9473684210526314,0.0,0.0,0.0,0.0,0.0,0.0,0.0,1.0,8.0,0.39473684210526316
01-13,0.0,0.0,3.9473684210526314,0.0,0.0,0.0,0.0,0.0,0.0,0.0,1.0,8.0,0.39473684210526316
01-14,0.0,0.0,0.0,0.0,0.0,0.0,0.0,0.0,0.0,0.0,0.0,9.0,0.0
01-15,0.0,0.0,0.0,0.0,0.0,0.0,0.0,0.0,0.0,0.0,0.0,9.0,0.0
01-16,0.0,0.0,0.0,0.0,0.0,0.0,0.0,0.0,0.0,0.0,0.0,9.0,0.0
01-17,0.0,0.0,0.0,0.0,0.0,0.0,0.0,0.0,0.0,0.0,0.0,9.0,0.0
01-18,0.0,0.0,0.0,0.0,0.0,0.0,0.0,0.0,0.0,0.0,0.0,9.0,0.0
01-19,0.0,0.0,0.0,0.0,0.0,0.0,0.0,0.0,0.0,0.0,0.0,9.0,0.0
01-20,0.0,0.0,0.0,0.0,0.0,0.0,0.0,0.0,0.0,0.0,0.0,9.0,0.0
01-21,0.0,0.0,0.0,0.0,0.0,0.0,0.0,0.0,0.0,0.0,0.0,9.0,0.0
01-22,0.0,0.0,0.0,0.0,0.0,-3.4482758620689653,0.0,0.0,0.0,0.0,0.0,9.0,-0.3448275862068965
01-23,0.0,0.0,0.0,0.0,0.0,-3.4482758620689653,0.0,0.0,0.0,0.0,0.0,9.0,-0.3448275862068965
01-24,0.0,0.0,0.0,0.0,-13.043478260869565,-3.4482758620689653,0.0,0.0,0.0,0.0,0.0,9.0,-1.6491754122938531
01-25,0.0,0.0,0.0,0.0,-13.043478260869565,-3.4482758620689653,0.0,0.0,0.0,0.0,0.0,9.0,-1.6491754122938531
01-26,0.0,0.0,0.0,0.0,-13.043478260869565,-3.4482758620689653,0.0,0.0,0.0,0.0,0.0,9.0,-1.6491754122938531
01-27,28.949999809265137,0.0,0.0,0.0,-13.043478260869565,-3.4482758620689653,0.0,0.0,0.0,0.0,1.0,8.0,1.2458245686326606
01-28,-13.136939199088237,0.0,0.0,0.0,-13.043478260869565,-3.4482758620689653,0.0,0.0,0.0,0.0,0.0,9.0,-2.962869332202677
01-29,-13.136939199088237,0.0,0.0,0.0,-13.043478260869565,-3.4482758620689653,0.0,0.0,0.0,0.0,0.0,9.0,-2.962869332202677
01-30,-13.136939199088237,0.0,0.0,5.0,-13.043478260869565,-3.4482758620689653,0.0,0.0,0.0,0.0,1.0,8.0,-2.462869332202677
01-31,-13.136939199088237,0.0,0.0,5.0,-13.043478260869565,-3.4482758620689653,0.0,0.0,0.0,0.0,1.0,8.0,-2.462869332202677
02-01,-13.136939199088237,-0.07413068236847742,0.0,5.0,-13.043478260869565,-3.4482758620689653,0.0,0.0,0.0,0.0,1.0,8.0,-2.4702824004395247
02-02,-13.136939199088237,-0.07413068236847742,0.0,5.0,-13.043478260869565,-3.4482758620689653,0.0,0.0,0.0,0.0,1.0,8.0,-2.4702824004395247
02-03,-13.136939199088237,10.0,0.0,5.0,-13.043478260869565,-3.4482758620689653,0.0,0.0,0.0,0.0,2.0,7.0,-1.462869332202677
02-04,-13.136939199088237,10.0,0.0,5.0,-8.333333333333332,0.0,0.0,0.0,0.0,0.0,2.0,7.0,-0.6470272532421569
02-05,-13.136939199088237,10.0,0.0,5.0,-2.685625250283014,0.0,0.0,0.0,0.0,0.0,2.0,7.0,-0.08225644493712511
02-06,-13.136939199088237,10.0,0.0,5.0,9.162716124749641,0.0,0.0,0.0,0.0,0.0,3.0,6.0,1.1025776925661404
02-07,-59.235663469908964,10.0,0.0,5.0,9.162716124749641,0.0,0.0,0.0,0.0,0.0,3.0,6.0,-3.507294734515932
02-08,-59.235663469908964,10.0,-8.571428571428571,5.0,9.162716124749641,0.0,0.0,0.0,0.0,0.0,3.0,6.0,-4.364437591658789
02-09,-59.235663469908964,10.0,-11.76470588235294,5.0,9.162716124749641,0.0,0.0,0.0,0.0,0.0,3.0,6.0,-4.683765322751226
02-10,0.0,10.0,-11.76470588235294,0.0,9.162716124749641,0.0,0.0,0.0,0.0,0.0,2.0,7.0,0.7398010242396701
02-11,0.0,10.066668192545574,-11.76470588235294,0.0,9.162716124749641,0.0,0.0,0.0,0.0,0.0,2.0,7.0,0.7464678434942276
02-12,0.0,10.066668192545574,-11.76470588235294,0.0,9.162716124749641,0.0,0.0,0.0,0.0,0.0,2.0,7.0,0.7464678434942276
02-13,0.0,0.0,-7.042253521126761,0.0,9.162716124749641,0.0,0.0,0.0,0.0,0.0,1.0,8.0,0.21204626036228805
02-14,0.0,0.0,-8.571428571428571,0.0,5.213268999738756,0.0,0.0,0.0,0.0,0.0,1.0,8.0,-0.3358159571689815
02-15,0.0,0.0,-8.571428571428571,0.0,0.0,0.0,0.0,0.0,0.0,0.0,0.0,9.0,-0.8571428571428571
02-16,0.0,0.0,-5.555555555555555,0.0,0.0,0.0,0.0,0.0,0.0,0.0,0.0,9.0,-0.5555555555555556
02-17,0.0,0.0,-5.555555555555555,0.0,-8.669530145523321,0.0,0.0,0.0,0.0,0.0,0.0,9.0,-1.4225085701078877
02-18,0.0,0.0,2.7777777777777777,0.0,-8.669530145523321,0.0,0.0,0.0,0.0,0.0,1.0,8.0,-0.5891752367745544
02-19,0.0,0.0,5.555555555555555,0.0,-3.3469375298947703,0.0,0.0,0.0,0.0,0.0,1.0,8.0,0.2208618025660785
02-20,0.0,0.0,5.555555555555555,0.0,-3.3469375298947703,0.0,0.0,0.0,0.0,0.0,1.0,8.0,0.2208618025660785
02-21,0.0,0.0,5.555555555555555,0.0,-3.3469375298947703,0.0,0.0,0.0,0.0,0.0,1.0,8.0,0.2208618025660785
02-22,0.0,0.0,5.555555555555555,0.0,-3.3469375298947703,0.0,0.0,0.0,0.0,0.0,1.0,8.0,0.2208618025660785
02-23,7.3746310402272615,0.0,5.555555555555555,0.0,-3.3469375298947703,0.0,0.0,0.0,0.0,0.0,2.0,7.0,0.9583249065888048
02-24,7.3746310402272615,6.25,1.3888888888888888,0.0,-3.3469375298947703,0.0,0.0,0.0,0.0,0.0,3.0,6.0,1.166658239922138
02-25,7.3746310402272615,1.639344262295082,2.7777777777777777,0.0,-3.3469375298947703,0.0,0.0,0.0,0.0,0.0,3.0,6.0,0.8444815550405351
02-26,7.3746310402272615,1.639344262295082,2.7777777777777777,0.0,-3.3469375298947703,0.0,0.0,0.0,0.0,0.0,3.0,6.0,0.8444815550405351
02-27,7.3746310402272615,1.639344262295082,2.7777777777777777,0.0,-3.3469375298947703,0.0,0.0,0.0,0.0,0.0,3.0,6.0,0.8444815550405351
02-28,7.3746310402272615,1.639344262295082,2.7777777777777777,0.0,4.89796229771204,0.0,0.0,0.0,0.0,0.0,4.0,5.0,1.668971537801216
02-29,0.0,0.0,0.0,0.0,0.0,0.0,0.0,0.0,0.0,0.0,0.0,2.0,0.0
03-01,7.3746310402272615,1.639344262295082,0.0,0.0,4.89796229771204,0.0,0.0,0.0,0.0,0.0,3.0,6.0,1.3911937600234383
03-02,-14.181821996515447,1.639344262295082,0.0,0.0,0.0,0.0,0.0,0.0,0.0,0.0,1.0,8.0,-1.2542477734220365
03-03,-14.181821996515447,3.225806451612903,0.0,0.0,0.0,0.0,0.0,0.0,0.0,0.0,1.0,8.0,-1.0956015544902544
03-04,-14.181821996515447,3.225806451612903,0.0,0.0,0.0,0.0,0.0,0.0,0.0,0.0,1.0,8.0,-1.0956015544902544
03-05,-14.181821996515447,3.225806451612903,0.0,0.0,0.0,0.0,0.0,0.0,0.0,0.0,1.0,8.0,-1.0956015544902544
03-06,-23.27273108742454,3.225806451612903,0.0,0.0,0.0,0.0,0.0,0.0,0.0,0.0,1.0,8.0,-2.0046924635811636
03-07,-23.27273108742454,3.225806451612903,0.0,0.0,0.0,0.0,0.0,0.0,0.0,0.0,1.0,8.0,-2.0046924635811636
03-08,-23.27273108742454,3.225806451612903,5.263157894736842,0.0,0.0,0.0,0.0,0.0,0.0,0.0,2.0,7.0,-1.4783766741074793
03-09,-23.27273108742454,-3.225806451612903,5.263157894736842,0.0,0.0,0.0,0.0,0.0,0.0,0.0,1.0,8.0,-2.12353796443006
03-10,-23.27273108742454,1.6129032258064515,5.263157894736842,0.0,0.0,0.0,0.0,0.0,0.0,0.0,2.0,7.0,-1.6396669966881245
03-11,-23.27273108742454,1.6129032258064515,5.263157894736842,0.0,2.0,0.0,0.0,0.0,0.0,0.0,3.0,6.0,-1.4396669966881244
03-12,-23.27273108742454,1.6129032258064515,5.263157894736842,0.0,2.0,0.0,0.0,0.0,0.0,0.0,3.0,6.0,-1.4396669966881244
03-13,0.0,1.6129032258064515,5.263157894736842,0.0,2.0,0.0,0.0,0.0,0.0,0.0,3.0,6.0,0.8876061120543293
03-14,0.0,1.6129032258064515,5.263157894736842,0.0,2.0,0.0,0.0,0.0,0.0,0.0,3.0,6.0,0.8876061120543293
03-15,0.0,1.6129032258064515,7.6923076923076925,0.0,2.0,0.0,0.0,0.0,0.0,0.0,3.0,6.0,1.1305210918114144
03-16,0.0,0.0,7.6923076923076925,0.0,2.0,0.0,0.0,0.0,0.0,0.0,2.0,7.0,0.9692307692307693
03-17,0.0,0.0,7.6923076923076925,0.0,2.0,0.0,0.0,0.0,0.0,0.0,2.0,7.0,0.9692307692307693
03-18,0.0,0.0,7.6923076923076925,0.0,2.0,0.0,0.0,0.0,0.0,0.0,2.0,7.0,0.9692307692307693
03-19,-18.279567466662673,0.0,2.564102564102564,0.0,2.0,0.0,0.0,0.0,0.0,0.0,2.0,7.0,-1.3715464902560108
03-20,-18.279567466662673,0.0,2.564102564102564,0.0,2.0,0.0,0.0,0.0,0.0,0.0,2.0,7.0,-1.3715464902560108
03-21,-18.279567466662673,0.0,2.564102564102564,4.761904761904762,2.0,0.0,0.0,0.0,0.0,0.0,3.0,6.0,-0.8953560140655348
03-22,-18.279567466662673,0.0,2.564102564102564,4.761904761904762,0.0,0.0,0.0,0.0,0.0,0.0,2.0,7.0,-1.0953560140655347
03-23,-4.761904761904762,0.0,2.564102564102564,4.761904761904762,0.0,0.0,0.0,0.0,0.0,0.0,2.0,7.0,0.2564102564102564
03-24,-4.761904761904762,44.642857142857146,5.0,4.761904761904762,0.0,0.0,0.0,0.0,0.0,0.0,3.0,6.0,4.964285714285715
03-25,-4.761904761904762,27.161656485626008,5.0,4.761904761904762,3.8461538461538463,0.0,0.0,0.0,0.0,0.0,4.0,5.0,3.6007810331779857
03-26,-4.761904761904762,27.161656485626008,2.5,2.4390243902439024,3.8461538461538463,0.0,0.0,0.0,0.0,0.0,4.0,5.0,3.1184929960118994
03-27,-4.761904761904762,27.161656485626008,2.5,2.4390243902439024,3.8461538461538463,0.0,0.0,0.0,0.0,0.0,4.0,5.0,3.1184929960118994
03-28,-4.761904761904762,35.41666666666667,2.5,2.4390243902439024,3.8461538461538463,0.0,0.0,0.0,0.0,0.0,4.0,5.0,3.943994014115966
03-29,-4.761904761904762,35.41666666666667,2.5,2.4390243902439024,3.8461538461538463,0.0,0.0,0.0,0.0,0.0,4.0,5.0,3.943994014115966
03-30,-4.761904761904762,35.41666666666667,2.5,2.4390243902439024,3.8461538461538463,0.0,0.0,0.0,0.0,0.0,4.0,5.0,3.943994014115966
03-31,-4.761904761904762,35.41666666666667,2.5,2.4390243902439024,3.8461538461538463,0.0,0.0,0.0,0.0,0.0,4.0,5.0,3.943994014115966
04-01,11.428569612048921,29.545454545454547,2.5,9.090909090909092,3.8461538461538463,0.0,0.0,0.0,0.0,0.0,5.0,4.0,5.64110870945664
04-02,11.428569612048921,29.545454545454547,2.5,4.761904761904762,3.8461538461538463,0.0,0.0,0.0,0.0,0.0,5.0,4.0,5.208208276556207
04-03,0.0,29.545454545454547,4.878048780487805,0.0,3.8461538461538463,0.0,0.0,0.0,0.0,0.0,3.0,6.0,3.8269657172096196
04-04,0.0,29.545454545454547,4.878048780487805,0.0,3.8461538461538463,0.0,0.0,0.0,0.0,0.0,3.0,6.0,3.8269657172096196
04-05,0.0,29.545454545454547,11.363636363636363,2.380952380952381,0.0,0.0,0.0,0.0,0.0,0.0,3.0,6.0,4.329004329004329
04-06,16.0,-27.27272727272727,9.090909090909092,2.380952380952381,0.0,0.0,0.0,0.0,0.0,0.0,3.0,6.0,0.019913419913420327
04-07,30.0,3.272724151611328,9.090909090909092,2.380952380952381,0.0,0.0,0.0,0.0,0.0,0.0,4.0,5.0,4.47445856234728
04-08,30.0,-9.090909090909092,9.090909090909092,2.380952380952381,0.0,0.0,0.0,0.0,0.0,0.0,3.0,6.0,3.238095238095238
04-09,30.0,-9.090909090909092,9.090909090909092,2.380952380952381,0.0,0.0,0.0,0.0,0.0,0.0,3.0,6.0,3.238095238095238
04-10,30.0,-9.090909090909092,9.090909090909092,2.380952380952381,0.0,0.0,0.0,0.0,0.0,0.0,3.0,6.0,3.238095238095238
04-11,30.0,-9.090909090909092,9.090909090909092,2.380952380952381,0.0,0.0,0.0,0.0,0.0,0.0,3.0,6.0,3.238095238095238
04-12,30.0,-9.090909090909092,9.090909090909092,-4.761904761904762,0.0,0.0,0.0,0.0,0.0,0.0,2.0,7.0,2.5238095238095237
04-13,30.0,-9.090909090909092,9.090909090909092,0.0,0.0,0.0,0.0,0.0,0.0,0.0,2.0,7.0,3.0
04-14,30.0,0.0,6.8181818181818175,0.0,0.0,0.0,0.0,0.0,0.0,0.0,2.0,7.0,3.681818181818182
04-15,30.0,0.0,6.8181818181818175,2.3255813953488373,-2.9702970297029703,0.0,0.0,0.0,0.0,0.0,3.0,6.0,3.6173466183827685
04-16,30.0,0.0,0.0,2.3255813953488373,-2.9702970297029703,0.0,0.0,0.0,0.0,0.0,2.0,7.0,2.9355284365645864
04-17,16.666666666666664,0.0,0.0,2.3255813953488373,-2.9702970297029703,0.0,0.0,0.0,0.0,0.0,2.0,7.0,1.6021951032312534
04-18,0.0,0.0,0.0,2.3255813953488373,-2.9702970297029703,0.0,0.0,0.0,0.0,0.0,1.0,8.0,-0.0644715634354133
04-19,0.0,0.0,0.0,2.3255813953488373,-2.9702970297029703,0.0,0.0,0.0,0.0,0.0,1.0,8.0,-0.0644715634354133
04-20,0.0,0.0,0.0,2.3255813953488373,-2.9702970297029703,0.0,0.0,0.0,0.0,0.0,1.0,8.0,-0.0644715634354133
04-21,0.0,0.0,0.0,2.3255813953488373,-2.9702970297029703,0.0,0.0,0.0,0.0,0.0,1.0,8.0,-0.0644715634354133
04-22,0.0,0.0,0.0,2.3255813953488373,-2.9702970297029703,0.0,0.0,0.0,0.0,0.0,1.0,8.0,-0.0644715634354133
04-23,0.0,0.0,0.0,2.3255813953488373,-2.9702970297029703,0.0,0.0,0.0,0.0,0.0,1.0,8.0,-0.0644715634354133
04-24,0.0,0.0,0.0,2.3255813953488373,-2.9702970297029703,0.0,0.0,0.0,0.0,0.0,1.0,8.0,-0.0644715634354133
04-25,0.0,0.0,0.0,2.3255813953488373,-2.9702970297029703,0.0,0.0,0.0,0.0,0.0,1.0,8.0,-0.0644715634354133
04-26,0.0,-10.0,0.0,0.0,0.0,0.0,0.0,0.0,0.0,0.0,0.0,9.0,-1.0
04-27,0.0,-10.0,0.0,0.0,0.0,0.0,0.0,0.0,0.0,0.0,0.0,9.0,-1.0
04-28,0.0,-10.0,0.0,0.0,0.0,0.0,0.0,0.0,0.0,0.0,0.0,9.0,-1.0
04-29,0.0,-10.0,0.0,0.0,0.0,0.0,0.0,0.0,0.0,0.0,0.0,9.0,-1.0
04-30,0.0,-10.0,0.0,0.0,0.0,0.0,0.0,0.0,0.0,0.0,0.0,9.0,-1.0
05-01,0.0,-10.0,0.0,0.0,0.0,0.0,0.0,0.0,0.0,0.0,0.0,9.0,-1.0
05-02,0.0,-10.0,-10.0,0.0,0.0,0.0,0.0,0.0,0.0,0.0,0.0,9.0,-2.0
05-03,0.0,-10.0,-10.0,0.0,0.0,0.0,0.0,0.0,0.0,0.0,0.0,9.0,-2.0
05-04,0.0,-10.0,-15.789473684210526,0.0,0.0,0.0,0.0,0.0,0.0,0.0,0.0,9.0,-2.5789473684210527
05-05,0.0,-10.0,-15.789473684210526,0.0,0.0,0.0,0.0,0.0,0.0,0.0,0.0,9.0,-2.5789473684210527
05-06,0.0,-10.0,-15.789473684210526,0.0,0.0,0.0,0.0,0.0,0.0,0.0,0.0,9.0,-2.5789473684210527
05-07,0.0,0.0,-15.789473684210526,0.0,0.0,0.0,0.0,0.0,0.0,0.0,0.0,9.0,-1.5789473684210527
05-08,0.0,0.0,-15.789473684210526,0.0,0.0,4.290426632983194,0.0,0.0,0.0,0.0,1.0,8.0,-1.1499047051227334
05-09,0.0,0.0,-15.789473684210526,0.0,0.0,4.290426632983194,0.0,0.0,0.0,0.0,1.0,8.0,-1.1499047051227334
05-10,0.0,0.0,-15.789473684210526,0.0,0.0,4.290426632983194,0.0,0.0,0.0,0.0,1.0,8.0,-1.1499047051227334
05-11,0.0,0.0,-15.789473684210526,0.0,0.0,4.290426632983194,0.0,0.0,0.0,0.0,1.0,8.0,-1.1499047051227334
05-12,0.0,0.0,-15.789473684210526,0.0,0.0,4.290426632983194,0.0,0.0,0.0,0.0,1.0,8.0,-1.1499047051227334
05-13,0.0,0.0,-5.263157894736842,0.0,0.0,4.290426632983194,0.0,0.0,0.0,0.0,1.0,8.0,-0.09727312617536477
05-14,0.0,0.0,-5.263157894736842,0.0,0.9803921568627451,4.290426632983194,0.0,0.0,0.0,0.0,2.0,7.0,0.000766089510909751
05-15,0.0,0.0,-5.263157894736842,0.0,0.9803921568627451,4.290426632983194,0.0,0.0,0.0,0.0,2.0,7.0,0.000766089510909751
05-16,0.0,0.0,-5.263157894736842,0.0,0.9803921568627451,4.290426632983194,0.0,0.0,0.0,0.0,2.0,7.0,0.000766089510909751
05-17,0.0,0.0,0.0,0.0,0.9803921568627451,4.290426632983194,0.0,0.0,0.0,0.0,2.0,7.0,0.5270818789845939
05-18,0.0,-1.010104902252232,0.0,0.0,0.9803921568627451,4.290426632983194,0.0,0.0,0.0,0.0,2.0,7.0,0.4260713887593707
05-19,28.57142857142857,-1.010104902252232,0.0,0.0,0.9803921568627451,4.290426632983194,0.0,0.0,0.0,0.0,3.0,6.0,3.283214245902228
05-20,0.0,0.0,0.0,0.0,0.9803921568627451,4.290426632983194,0.0,0.0,0.0,0.0,2.0,7.0,0.5270818789845939
05-21,0.0,0.0,0.0,0.0,0.9803921568627451,0.0,0.0,0.0,0.0,0.0,1.0,8.0,0.09803921568627451
05-22,0.0,0.0,0.0,0.0,0.9803921568627451,0.0,0.0,0.0,0.0,0.0,1.0,8.0,0.09803921568627451
05-23,0.0,0.0,0.0,0.0,0.9803921568627451,0.0,0.0,0.0,0.0,0.0,1.0,8.0,0.09803921568627451
05-24,0.0,0.0,0.0,0.0,0.0,0.0,0.0,0.0,0.0,0.0,0.0,9.0,0.0
05-25,0.0,-14.285714285714285,0.0,0.0,0.0,0.0,0.0,0.0,0.0,0.0,0.0,9.0,-1.4285714285714284
05-26,0.0,-11.11111111111111,0.0,0.0,0.0,0.0,0.0,0.0,0.0,0.0,0.0,9.0,-1.1111111111111112
05-27,11.76470588235294,-11.11111111111111,0.0,0.0,0.0,0.0,0.0,0.0,0.0,0.0,1.0,8.0,0.06535947712418295
05-28,11.76470588235294,-9.999995761447483,0.0,0.0,-0.9900990099009901,0.0,0.0,0.0,0.0,0.0,1.0,8.0,0.0774611111004467
05-29,11.76470588235294,-9.999995761447483,0.0,0.0,-0.9900990099009901,0.0,0.0,0.0,0.0,0.0,1.0,8.0,0.0774611111004467
05-30,-23.52941176470588,-9.999995761447483,0.0,3.3707865168539324,-0.9900990099009901,0.0,0.0,0.0,0.0,0.0,1.0,8.0,-3.114872001920042
05-31,-23.52941176470588,-9.999995761447483,0.0,3.3707865168539324,-0.9900990099009901,0.0,0.0,0.0,0.0,0.0,1.0,8.0,-3.114872001920042
06-01,-23.52941176470588,-9.999995761447483,0.0,3.3707865168539324,-0.9900990099009901,0.0,0.0,0.0,0.0,0.0,1.0,8.0,-3.114872001920042
06-02,11.76470588235294,-14.285714285714285,0.0,3.3707865168539324,-0.9900990099009901,0.0,0.0,0.0,0.0,0.0,2.0,7.0,-0.014032089640840217
06-03,11.76470588235294,-14.285714285714285,0.0,3.3707865168539324,-0.9900990099009901,0.0,0.0,0.0,0.0,0.0,2.0,7.0,-0.014032089640840217
06-04,11.76470588235294,-14.285714285714285,0.0,3.3707865168539324,-0.9900990099009901,0.5579260916472355,0.0,0.0,0.0,0.0,3.0,6.0,0.041760519523883335
06-05,11.76470588235294,0.0,0.0,3.3707865168539324,-2.0,0.0,0.0,0.0,0.0,0.0,2.0,7.0,1.3135492399206874
06-06,11.76470588235294,0.0,0.0,9.473684210526317,-2.0,0.0,0.0,0.0,0.0,0.0,2.0,7.0,1.9238390092879256
06-07,11.76470588235294,0.0,0.0,9.473684210526317,-2.0,0.0,0.0,0.0,0.0,0.0,2.0,7.0,1.9238390092879256
06-08,11.76470588235294,-2.857142857142857,0.0,9.473684210526317,-1.0,0.0,0.0,0.0,0.0,0.0,2.0,7.0,1.73812472357364
06-09,0.0,-2.857142857142857,0.0,9.473684210526317,-1.0,0.0,0.0,0.0,0.0,0.0,1.0,8.0,0.561654135338346
06-10,0.0,-2.857142857142857,0.0,9.473684210526317,-1.0,2.258066977224031,0.0,0.0,0.0,0.0,2.0,7.0,0.787460833060749
06-11,0.0,-2.857142857142857,0.0,9.473684210526317,-1.0,2.258066977224031,0.0,0.0,0.0,0.0,2.0,7.0,0.787460833060749
06-12,0.0,-2.857142857142857,0.0,6.315789473684211,-1.0,2.258066977224031,0.0,0.0,0.0,0.0,2.0,7.0,0.47167135937653837
06-13,0.0,-15.75562558979848,0.0,4.301075268817205,-1.0,2.258066977224031,0.0,0.0,0.0,0.0,2.0,7.0,-1.0196483343757246
06-14,0.0,-14.285714285714285,0.0,4.301075268817205,-1.0,2.258066977224031,0.0,0.0,0.0,0.0,2.0,7.0,-0.872657203967305
06-15,0.0,-11.11111111111111,0.0,4.301075268817205,-1.0,2.258066977224031,0.0,0.0,0.0,0.0,2.0,7.0,-0.5551968865069875
06-16,0.0,-10.13215621076933,0.0,4.301075268817205,-1.0,2.258066977224031,0.0,0.0,0.0,0.0,2.0,7.0,-0.4573013964728093
06-17,0.0,-10.13215621076933,0.0,3.260869565217391,-1.0,1.709679634340359,0.0,0.0,0.0,0.0,2.0,7.0,-0.616160701121158
06-18,0.0,-10.13215621076933,0.0,3.260869565217391,0.0,2.258066977224031,0.0,0.0,0.0,0.0,2.0,7.0,-0.46132196683279075
06-19,0.0,-10.13215621076933,0.0,-3.260869565217391,0.0,2.258066977224031,0.0,0.0,0.0,0.0,1.0,8.0,-1.1134958798762689
06-20,0.0,-10.13215621076933,0.0,-3.260869565217391,0.0,2.258066977224031,0.0,0.0,0.0,0.0,1.0,8.0,-1.1134958798762689
06-21,0.0,-16.666666666666664,0.0,-3.260869565217391,0.0,0.0,0.0,0.0,0.0,0.0,0.0,9.0,-1.9927536231884055
06-22,0.0,-16.666666666666664,0.0,-3.260869565217391,0.0,0.0,0.0,0.0,0.0,0.0,0.0,9.0,-1.9927536231884055
06-23,0.0,-4.477611940298507,25.49019607843137,-3.260869565217391,0.0,0.0,0.0,0.0,0.0,0.0,1.0,8.0,1.7751714572915476
06-24,0.0,8.529410642736087,25.49019607843137,-3.260869565217391,0.0,-6.896551724137931,0.0,0.0,0.0,0.0,2.0,7.0,2.3862185431812137
06-25,0.0,7.352941176470589,25.49019607843137,-3.260869565217391,0.0,-6.896551724137931,0.0,0.0,0.0,0.0,2.0,7.0,2.268571596554664
06-26,0.0,7.352941176470589,25.49019607843137,-1.0869565217391304,0.0,-6.896551724137931,0.0,0.0,0.0,0.0,2.0,7.0,2.48596290090249
06-27,0.0,7.352941176470589,25.49019607843137,-1.0869565217391304,0.0,-6.896551724137931,0.0,0.0,0.0,0.0,2.0,7.0,2.48596290090249
06-28,0.0,21.25,25.49019607843137,0.0,0.0,-6.896551724137931,0.0,0.0,0.0,0.0,2.0,7.0,3.984364435429344
06-29,0.0,20.549998283386223,25.49019607843137,0.0,0.0,-6.896551724137931,0.0,0.0,0.0,0.0,2.0,7.0,3.914364263767967
06-30,0.0,6.529409745160261,2.061853744307326,0.0,0.0,-6.896551724137931,0.0,0.0,0.0,0.0,2.0,7.0,0.16947117653296556
07-01,0.0,11.76470588235294,2.061853744307326,0.0,0.0,-10.714285714285714,0.0,0.0,0.0,0.0,2.0,7.0,0.3112273912374553
07-02,0.0,11.76470588235294,2.061853744307326,0.0,0.0,-10.714285714285714,0.0,0.0,0.0,0.0,2.0,7.0,0.3112273912374553
07-03,0.0,1.4705882352941175,2.061853744307326,0.0,0.0,-10.714285714285714,0.0,0.0,0.0,0.0,2.0,7.0,-0.718184373468427
07-05,0.0,-10.1973698038474,0.0,0.0,0.0,-3.571428571428571,0.0,0.0,0.0,0.0,0.0,9.0,-1.376879837527597
07-06,0.0,-10.1973698038474,-34.21052631578947,0.0,0.0,-5.454545454545454,0.0,0.0,0.0,0.0,0.0,9.0,-4.986244157418232
07-07,0.0,-11.84210666659139,-34.21052631578947,0.0,0.0,-5.454545454545454,0.0,0.0,0.0,0.0,0.0,9.0,-5.1507178436926315
07-08,0.0,-11.84210666659139,-34.21052631578947,0.0,0.0,-5.454545454545454,0.0,0.0,0.0,0.0,0.0,9.0,-5.1507178436926315
07-09,0.0,-31.578949019519282,-34.21052631578947,0.0,0.0,-5.454545454545454,0.0,0.0,0.0,0.0,0.0,9.0,-7.124402078985421
07-10,0.0,-31.578949019519282,-34.21052631578947,0.0,0.0,-5.454545454545454,0.0,0.0,0.0,0.0,0.0,9.0,-7.124402078985421
07-11,0.0,-31.578949019519282,-34.21052631578947,0.0,0.0,-5.454545454545454,0.0,0.0,0.0,0.0,0.0,9.0,-7.124402078985421
07-12,0.0,-31.578949019519282,-34.21052631578947,0.0,0.0,-1.8181818181818181,0.0,0.0,0.0,0.0,0.0,9.0,-6.760765715349057
07-13,0.0,-11.84210666659139,-2.105261150159334,0.0,0.0,-1.8181818181818181,0.0,0.0,0.0,0.0,0.0,9.0,-1.5765549634932543
07-14,0.0,0.0,-2.105261150159334,0.0,0.0,-1.8181818181818181,0.0,0.0,0.0,0.0,0.0,9.0,-0.3923442968341152
07-15,0.0,0.0,7.894736842105263,2.127659574468085,0.0,-1.8181818181818181,0.0,0.0,0.0,0.0,2.0,7.0,0.8204214598391528
07-16,-9.324757501476343,10.588236416087442,0.0,2.127659574468085,0.0,-1.8181818181818181,0.0,0.0,0.0,0.0,2.0,7.0,0.15729566708973658
07-17,-9.324757501476343,10.588236416087442,0.0,2.127659574468085,0.0,0.0,0.0,0.0,0.0,0.0,2.0,7.0,0.3391138489079184
07-18,-9.324757501476343,10.588236416087442,5.0,2.127659574468085,0.0,0.0,0.0,0.0,0.0,0.0,3.0,6.0,0.8391138489079184
07-19,-9.324757501476343,10.588236416087442,5.0,2.127659574468085,0.0,0.0,0.0,0.0,0.0,0.0,3.0,6.0,0.8391138489079184
07-20,-9.324757501476343,10.588236416087442,5.0,2.127659574468085,0.0,0.0,0.0,0.0,0.0,0.0,3.0,6.0,0.8391138489079184
07-21,-9.324757501476343,10.588236416087442,13.636363636363635,2.127659574468085,0.0,0.0,0.0,0.0,0.0,0.0,3.0,6.0,1.702750212544282
07-22,-9.324757501476343,10.588236416087442,13.636363636363635,2.127659574468085,0.0,0.0,0.0,0.0,0.0,0.0,3.0,6.0,1.702750212544282
07-23,-9.324757501476343,10.588236416087442,13.636363636363635,1.0752688172043012,0.0,0.0,0.0,0.0,0.0,0.0,3.0,6.0,1.5975111368179036
07-24,-9.324757501476343,10.588236416087442,13.636363636363635,0.8620722256998297,0.0,0.0,0.0,0.0,0.0,0.0,3.0,6.0,1.5761914776674564
07-25,-9.324757501476343,10.588236416087442,24.0,0.8620722256998297,0.0,0.0,0.0,0.0,0.0,0.0,3.0,6.0,2.612555114031093
07-26,-9.324757501476343,10.588236416087442,24.0,-1.2931001172197392,0.0,0.0,0.0,0.0,0.0,0.0,2.0,7.0,2.397037879739136
07-27,-8.626200730837514,0.0,24.0,-1.2931001172197392,0.0,0.0,0.0,0.0,0.0,0.0,1.0,8.0,1.4080699151942746
07-28,-8.626200730837514,0.0,24.0,-1.2931001172197392,0.0,0.0,0.0,0.0,0.0,0.0,1.0,8.0,1.4080699151942746
07-29,0.6389739950984072,2.857142857142857,20.0,-1.2931001172197392,0.0,0.0,0.0,0.0,0.0,0.0,3.0,6.0,2.2203016735021524
07-30,0.6389739950984072,2.857142857142857,20.0,-2.1739130434782608,0.0,0.0,0.0,0.0,0.0,0.0,3.0,6.0,2.1322203808763005
07-31,0.6389739950984072,2.857142857142857,20.0,-2.1739130434782608,0.0,0.0,0.0,0.0,0.0,0.0,3.0,6.0,2.1322203808763005
08-01,0.6389739950984072,2.857142857142857,20.0,-2.1739130434782608,0.0,0.0,0.0,0.0,0.0,0.0,3.0,6.0,2.1322203808763005
08-02,0.6389739950984072,2.857142857142857,20.0,-2.1739130434782608,0.0,0.0,0.0,0.0,0.0,0.0,3.0,6.0,2.1322203808763005
08-03,0.6389739950984072,8.108108108108109,12.0,-1.0869565217391304,0.0,0.0,0.0,0.0,0.0,0.0,3.0,6.0,1.9660125581467383
08-04,0.6389739950984072,8.108108108108109,12.0,-0.869568534519346,0.0,0.0,0.0,0.0,0.0,0.0,3.0,6.0,1.987751356868717
08-05,0.6389739950984072,8.108108108108109,0.0,-0.869568534519346,0.0,3.508771929824561,0.0,0.0,0.0,0.0,3.0,6.0,1.138628549851173
08-06,0.6389739950984072,8.108108108108109,0.0,-0.869568534519346,0.0,0.0,0.0,0.0,0.0,0.0,2.0,7.0,0.787751356868717
08-07,0.0,8.108108108108109,0.0,-1.978025331601976,0.0,3.508771929824561,0.0,0.0,0.0,0.0,2.0,7.0,0.9638854706330694
08-08,0.0,8.108108108108109,0.0,-0.869568534519346,0.0,3.508771929824561,0.0,0.0,0.0,0.0,2.0,7.0,1.0747311503413324
08-09,0.0,8.108108108108109,0.0,-1.978025331601976,0.0,3.508771929824561,0.0,0.0,0.0,0.0,2.0,7.0,0.9638854706330694
08-10,0.0,8.108108108108109,0.0,-1.098901098901099,0.0,3.508771929824561,0.0,0.0,0.0,0.0,2.0,7.0,1.0517978939031571
08-11,0.0,5.405405405405405,0.0,-1.098901098901099,0.0,3.508771929824561,0.0,0.0,0.0,0.0,2.0,7.0,0.7815276236328869
08-12,0.0,5.405405405405405,0.0,0.0,0.0,3.508771929824561,0.0,0.0,0.0,0.0,2.0,7.0,0.8914177335229967
08-13,0.0,5.405405405405405,0.0,0.0,0.0,3.508771929824561,0.0,0.0,0.0,0.0,2.0,7.0,0.8914177335229967
08-14,0.0,0.0,0.0,0.0,0.0,2.6548672566371683,0.0,0.0,0.0,0.0,1.0,8.0,0.26548672566371684
08-15,0.0,0.0,0.0,0.0,0.0,2.6548672566371683,0.0,0.0,0.0,0.0,1.0,8.0,0.26548672566371684
08-16,0.0,0.0,0.0,0.0,0.0,-0.8849557522123894,0.0,0.0,0.0,0.0,0.0,9.0,-0.08849557522123894
08-17,2.187502384185791,0.0,0.0,0.0,0.0,-0.8849557522123894,0.0,0.0,0.0,0.0,1.0,8.0,0.13025466319734016
08-18,2.4922095797154116,0.0,0.0,1.0869565217391304,0.0,-0.8849557522123894,0.0,0.0,0.0,0.0,2.0,7.0,0.26942103492421526
08-19,2.187502384185791,0.0,0.0,1.0869565217391304,0.0,2.6548672566371683,0.0,0.0,0.0,0.0,3.0,6.0,0.592932616256209
08-20,-0.3205079220378601,0.0,0.0,1.0869565217391304,0.0,-0.8849557522123894,0.0,0.0,0.0,0.0,1.0,8.0,-0.01185071525111192
08-21,-0.3205079220378601,0.0,0.0,0.0,0.0,-0.8849557522123894,0.0,0.0,0.0,0.0,0.0,9.0,-0.12054636742502496
08-22,-0.3205079220378601,0.0,0.0,1.0869565217391304,0.0,-0.8849557522123894,0.0,0.0,0.0,0.0,1.0,8.0,-0.01185071525111192
08-23,-0.3205079220378601,0.0,0.0,0.0,0.0,-0.8849557522123894,0.0,0.0,0.0,0.0,0.0,9.0,-0.12054636742502496
08-24,-0.3205079220378601,0.0,0.0,0.0,0.0,-0.8849557522123894,0.0,0.0,0.0,0.0,0.0,9.0,-0.12054636742502496
08-25,-0.3205079220378601,0.0,0.0,0.0,0.0,-0.8849557522123894,0.0,0.0,0.0,0.0,0.0,9.0,-0.12054636742502496
08-26,-0.3205079220378601,0.0,0.0,0.0,0.0,-1.7857142857142856,0.0,0.0,0.0,0.0,0.0,9.0,-0.21062222077521456
08-27,-0.3205079220378601,0.0,0.0,0.0,0.0,-0.8928571428571428,0.0,0.0,0.0,0.0,0.0,9.0,-0.1213365064895003
08-28,-2.5641000560833844,0.0,0.0,0.0,0.0,-0.8928571428571428,0.0,0.0,0.0,0.0,0.0,9.0,-0.34569571989405273
08-29,-2.8846079781212444,0.0,0.0,0.0,0.0,-0.8928571428571428,0.0,0.0,0.0,0.0,0.0,9.0,-0.3777465120978387
08-30,-2.8846079781212444,0.0,0.0,0.0,0.0,-0.8928571428571428,0.0,0.0,0.0,0.0,0.0,9.0,-0.3777465120978387
08-31,-0.31249523162841797,0.0,0.0,0.0,0.0,-0.8928571428571428,0.0,0.0,0.0,0.0,0.0,9.0,-0.12053523744855607
09-01,0.0,0.0,0.0,0.0,0.0,-0.8928571428571428,0.0,0.0,0.0,0.0,0.0,9.0,-0.08928571428571427
09-02,2.499997615814209,-2.7777777777777777,0.0,0.0,0.0,-0.8928571428571428,0.0,0.0,0.0,0.0,1.0,8.0,-0.11706373048207115
09-03,2.499997615814209,-2.7777777777777777,0.0,0.0,0.0,-0.8928571428571428,0.0,0.0,0.0,0.0,1.0,8.0,-0.11706373048207115
09-04,2.499997615814209,-2.7777777777777777,0.0,0.0,0.0,-0.8928571428571428,0.0,0.0,0.0,0.0,1.0,8.0,-0.11706373048207115
09-05,2.499997615814209,-2.7777777777777777,0.0,-3.3707865168539324,0.0,-0.8928571428571428,0.0,0.0,0.0,0.0,1.0,8.0,-0.4541423821674644
09-06,2.499997615814209,-2.7777777777777777,0.0,-3.3707865168539324,0.0,0.0,0.0,0.0,0.0,0.0,1.0,8.0,-0.3648566678817501
09-07,2.499997615814209,-2.7777777777777777,0.0,-3.3707865168539324,0.0,0.0,0.0,0.0,0.0,0.0,1.0,8.0,-0.3648566678817501
09-08,2.499997615814209,-2.7777777777777777,0.0,-3.3707865168539324,0.0,0.0,0.0,0.0,0.0,0.0,1.0,8.0,-0.3648566678817501
09-09,2.499997615814209,-2.7777777777777777,0.0,-3.3707865168539324,0.0,0.0,0.0,0.0,0.0,0.0,1.0,8.0,-0.3648566678817501
09-10,2.499997615814209,-2.7777777777777777,0.0,-3.3707865168539324,0.0,6.666666666666667,0.0,0.0,0.0,0.0,2.0,7.0,0.3018099987849166
09-11,0.0,-2.7777777777777777,-31.57894736842105,3.1578947368421053,0.0,15.151515151515152,0.0,0.0,0.0,0.0,2.0,7.0,-1.6047315257841572
09-12,0.0,-2.7777777777777777,-31.57894736842105,3.1578947368421053,0.0,15.151515151515152,0.0,0.0,0.0,0.0,2.0,7.0,-1.6047315257841572
09-13,0.0,-2.7777777777777777,-31.57894736842105,3.1578947368421053,0.0,15.151515151515152,0.0,0.0,0.0,0.0,2.0,7.0,-1.6047315257841572
09-14,0.0,-1.5367766037196429,-31.57894736842105,3.1578947368421053,0.0,15.151515151515152,0.0,0.0,0.0,0.0,2.0,7.0,-1.4806314083783438
09-15,5.88235294117647,1.2074606017862932,-31.57894736842105,3.1578947368421053,0.0,15.151515151515152,0.0,0.0,0.0,0.0,4.0,5.0,-0.617972393710103
09-16,5.88235294117647,1.2074606017862932,-31.57894736842105,3.1578947368421053,0.0,15.151515151515152,0.0,0.0,0.0,0.0,4.0,5.0,-0.617972393710103
09-17,5.88235294117647,1.2074606017862932,-31.57894736842105,3.1578947368421053,0.0,12.5,0.0,0.0,0.0,0.0,4.0,5.0,-0.8831239088616183
09-18,5.88235294117647,1.2074606017862932,-31.57894736842105,6.315789473684211,0.0,12.5,0.0,0.0,0.0,0.0,4.0,5.0,-0.567334435177408
09-19,5.88235294117647,1.2074606017862932,-31.57894736842105,6.315789473684211,0.0,12.5,0.0,0.0,0.0,0.0,4.0,5.0,-0.567334435177408
09-20,5.88235294117647,1.2074606017862932,-31.57894736842105,6.315789473684211,0.0,12.5,0.0,0.0,0.0,0.0,4.0,5.0,-0.567334435177408
09-21,0.0,1.2074606017862932,-31.57894736842105,6.315789473684211,0.0,12.5,0.0,0.0,0.0,0.0,3.0,6.0,-1.1555697292950549
09-22,0.0,1.2074606017862932,0.0,0.0,0.0,12.5,0.0,0.0,0.0,0.0,2.0,7.0,1.3707460601786292
09-23,0.0,1.2074606017862932,0.0,0.0,0.0,6.25,0.0,0.0,0.0,0.0,2.0,7.0,0.7457460601786293
09-24,0.0,1.2074606017862932,0.0,0.0,0.0,-3.125,0.0,0.0,0.0,0.0,1.0,8.0,-0.19175393982137068
09-25,0.0,0.0,0.0,0.0,0.0,-3.125,0.0,0.0,0.0,0.0,0.0,9.0,-0.3125
09-26,-6.25,0.0,0.0,0.0,0.0,-3.125,0.0,0.0,0.0,0.0,0.0,9.0,-0.9375
09-27,-6.25,0.0,2.564102564102564,0.0,0.0,-3.125,0.0,0.0,0.0,0.0,1.0,8.0,-0.6810897435897436
09-28,-6.25,0.0,2.564102564102564,0.0,0.0,-3.125,0.0,0.0,0.0,0.0,1.0,8.0,-0.6810897435897436
09-29,-6.25,0.0,2.564102564102564,0.0,0.0,-3.125,0.0,0.0,0.0,0.0,1.0,8.0,-0.6810897435897436
09-30,-6.25,0.0,2.564102564102564,0.0,0.0,0.0,0.0,0.0,0.0,0.0,1.0,8.0,-0.3685897435897436
10-01,-6.25,0.0,2.564102564102564,0.0,0.0,0.0,0.0,0.0,0.0,0.0,1.0,8.0,-0.3685897435897436
10-02,0.0,0.0,2.564102564102564,0.0,0.0,3.0303030303030303,0.0,0.0,0.0,0.0,2.0,7.0,0.5594405594405594
10-03,0.0,0.0,2.564102564102564,-6.741573033707865,0.0,3.0303030303030303,0.0,0.0,0.0,0.0,2.0,7.0,-0.11471674393022706
10-04,0.0,0.0,2.564102564102564,-6.741573033707865,0.0,3.0303030303030303,0.0,0.0,0.0,0.0,2.0,7.0,-0.11471674393022706
10-05,0.0,0.0,2.564102564102564,-6.741573033707865,0.0,3.9039017022371167,0.0,0.0,0.0,0.0,2.0,7.0,-0.027356876736818414
10-06,0.0,0.0,-5.555555555555555,-6.741573033707865,0.0,3.9039017022371167,0.0,0.0,0.0,0.0,1.0,8.0,-0.8393226887026302
10-07,0.0,0.0,-5.555555555555555,-6.741573033707865,0.0,3.9039017022371167,0.0,0.0,0.0,0.0,1.0,8.0,-0.8393226887026302
10-08,0.0,0.0,-8.333333333333332,-6.741573033707865,0.0,3.9039017022371167,0.0,0.0,0.0,0.0,1.0,8.0,-1.117100466480408
10-09,0.0,0.0,-8.333333333333332,-6.741573033707865,0.0,3.9039017022371167,0.0,0.0,0.0,0.0,1.0,8.0,-1.117100466480408
10-10,0.0,0.0,-8.333333333333332,-6.741573033707865,0.0,3.9039017022371167,0.0,0.0,0.0,0.0,1.0,8.0,-1.117100466480408
10-11,0.0,0.0,-8.333333333333332,-6.741573033707865,0.0,3.9039017022371167,0.0,0.0,0.0,0.0,1.0,8.0,-1.117100466480408
10-12,0.0,4.105266771818481,-8.333333333333332,-6.741573033707865,0.0,3.9039017022371167,0.0,0.0,0.0,0.0,2.0,7.0,-0.70657378929856
10-13,-1.5873015873015872,4.105266771818481,-8.333333333333332,-6.741573033707865,0.0,3.9039017022371167,0.0,0.0,0.0,0.0,2.0,7.0,-0.8653039480287188
10-14,-1.5873015873015872,4.105266771818481,-8.333333333333332,-6.741573033707865,0.0,3.9039017022371167,0.0,0.0,0.0,0.0,2.0,7.0,-0.8653039480287188
10-15,-1.5873015873015872,4.105266771818481,-8.333333333333332,-6.741573033707865,0.0,0.900898630432027,0.0,0.0,0.0,0.0,2.0,7.0,-1.1656042552092276
10-16,-1.5873015873015872,4.105266771818481,-8.333333333333332,0.0,0.0,0.0,0.0,0.0,0.0,0.0,1.0,8.0,-0.5815368148816438
10-17,-1.5873015873015872,4.105266771818481,-8.333333333333332,3.260869565217391,0.0,0.0,0.0,0.0,0.0,0.0,2.0,7.0,-0.2554498583599047
10-18,-1.5873015873015872,4.105266771818481,-2.631578947368421,3.260869565217391,0.0,0.0,0.0,0.0,0.0,0.0,2.0,8.0,0.3147255802365865
10-19,-14.122678156831942,4.105266771818481,5.263157894736842,3.260869565217391,0.0,0.0,0.0,0.0,0.0,0.0,3.0,7.0,-0.1493383925059227
10-20,-14.122678156831942,4.105266771818481,5.263157894736842,3.260869565217391,0.0,0.0,0.0,0.0,0.0,0.0,3.0,7.0,-0.1493383925059227
10-21,-14.122678156831942,4.105266771818481,5.263157894736842,3.260869565217391,0.0,0.0,0.0,0.0,0.0,0.0,3.0,7.0,-0.1493383925059227
10-22,-14.122678156831942,4.105266771818481,5.263157894736842,3.260869565217391,0.0,0.0,0.0,0.0,0.0,0.0,3.0,7.0,-0.1493383925059227
10-23,-14.122678156831942,0.0,5.263157894736842,3.260869565217391,0.0,0.0,0.0,0.0,0.0,0.0,2.0,8.0,-0.5598650696877708
10-24,-12.339511310631442,0.0,5.263157894736842,3.260869565217391,0.0,0.0,0.0,0.0,0.0,0.0,2.0,8.0,-0.38154838506772093
10-25,-12.5,0.0,5.263157894736842,3.260869565217391,0.0,0.0,0.0,0.0,0.0,0.0,2.0,8.0,-0.3975972540045767
10-26,-12.5,-4.281013809225579,5.263157894736842,0.0,0.0,0.0,0.0,0.0,0.0,0.0,1.0,9.0,-1.1517855914488735
10-27,-12.5,-4.281013809225579,5.263157894736842,0.0,0.0,0.0,0.0,0.0,0.0,0.0,1.0,9.0,-1.1517855914488735
10-28,-12.5,-4.281013809225579,5.263157894736842,0.0,0.0,0.0,0.0,0.0,0.0,0.0,1.0,9.0,-1.1517855914488735
10-29,-12.5,-4.281013809225579,0.0,0.0,0.0,0.0,0.0,0.0,0.0,0.0,0.0,10.0,-1.6781013809225578
10-30,-0.14286041259765625,-4.281013809225579,0.0,0.0,0.0,0.0,0.0,0.0,0.0,0.0,0.0,10.0,-0.4423874221823235
10-31,-0.14286041259765625,-4.281013809225579,0.0,0.0,0.0,0.0,0.0,0.0,0.0,0.0,0.0,10.0,-0.4423874221823235
11-01,-16.8333371480306,-4.281013809225579,0.0,0.0,0.0,0.0,0.0,0.0,0.0,0.0,0.0,10.0,-2.111435095725618
11-02,-16.8333371480306,-4.281013809225579,0.0,0.0,0.0,0.0,0.0,0.0,0.0,0.0,0.0,10.0,-2.111435095725618
11-03,-16.8333371480306,-5.555555555555555,0.0,0.0,0.0,0.0,0.0,0.0,0.0,0.0,0.0,10.0,-2.238889270358616
11-04,-16.8333371480306,-5.555555555555555,0.0,0.0,0.0,0.0,0.0,0.0,0.0,0.0,0.0,10.0,-2.238889270358616
11-05,-16.666666666666664,-5.555555555555555,0.0,1.0752688172043012,0.0,0.0,0.0,0.0,0.0,0.0,1.0,9.0,-2.1146953405017923
11-06,-16.666666666666664,-1.2222184075249367,0.0,1.0752688172043012,10.714285714285714,-6.559997558593773,0.0,0.0,0.0,0.0,2.0,8.0,-1.2659328101295362
11-07,-16.666666666666664,-1.2222184075249367,0.0,1.0752688172043012,10.714285714285714,-6.559997558593773,0.0,0.0,0.0,0.0,2.0,7.0,-1.2659328101295362
11-08,-14.285714285714285,-1.2222184075249367,0.0,1.0752688172043012,10.714285714285714,-6.559997558593773,0.0,0.0,0.0,0.0,2.0,7.0,-1.0278375720342978
11-09,-16.666666666666664,4.105266771818481,0.0,1.0752688172043012,10.714285714285714,-6.559997558593773,0.0,0.0,0.0,0.0,3.0,6.0,-0.7331842921951941
11-10,-16.666666666666664,4.105266771818481,0.0,1.0752688172043012,10.714285714285714,-6.559997558593773,0.0,0.0,0.0,0.0,3.0,6.0,-0.7331842921951941
11-11,-16.666666666666664,4.105266771818481,0.0,1.0752688172043012,10.714285714285714,-6.559997558593773,0.0,0.0,0.0,0.0,3.0,6.0,-0.7331842921951941
11-12,9.774437384147406,4.105266771818481,0.0,1.0752688172043012,10.714285714285714,-6.559997558593773,0.0,0.0,0.0,0.0,4.0,5.0,1.910926112886213
11-13,9.774437384147406,4.105266771818481,0.0,1.0752688172043012,10.714285714285714,-6.186219990278396,0.0,0.0,0.0,0.0,4.0,5.0,1.9483038697177506
11-14,9.774437384147406,4.105266771818481,0.0,4.166666666666666,10.714285714285714,-6.186219990278396,0.0,0.0,0.0,0.0,4.0,5.0,2.2574436546639873
11-15,11.11111111111111,4.105266771818481,0.0,6.122448979591836,10.714285714285714,-6.186219990278396,0.0,0.0,0.0,0.0,4.0,5.0,2.586689258652875
11-16,11.11111111111111,5.263157894736842,0.0,5.1020408163265305,10.714285714285714,-6.186219990278396,0.0,0.0,0.0,0.0,4.0,5.0,2.6004375546181806
11-17,11.11111111111111,5.263157894736842,0.0,5.1020408163265305,10.714285714285714,-6.186219990278396,0.0,0.0,0.0,0.0,4.0,5.0,2.6004375546181806
11-18,11.11111111111111,5.263157894736842,0.0,7.000000000000001,10.714285714285714,-6.186219990278396,0.0,0.0,0.0,0.0,4.0,5.0,2.790233472985527
11-19,9.25925925925926,5.263157894736842,0.0,7.000000000000001,0.0,0.3507672455696607,0.0,0.0,0.0,0.0,4.0,4.0,2.1873184399565764
11-20,11.11111111111111,0.0,0.0,7.000000000000001,0.0,0.3507672455696607,0.0,0.0,0.0,0.0,3.0,5.0,1.846187835668077
11-21,11.11111111111111,0.0,0.0,7.000000000000001,0.0,0.3507672455696607,0.0,0.0,0.0,0.0,3.0,5.0,1.846187835668077
11-22,11.11111111111111,0.0,0.0,7.000000000000001,0.0,0.3507672455696607,0.0,0.0,0.0,0.0,3.0,5.0,1.846187835668077
11-23,11.11111111111111,0.0,0.0,7.000000000000001,0.0,0.3507672455696607,0.0,0.0,0.0,0.0,3.0,5.0,1.846187835668077
11-24,1.4814800686306293,0.0,0.0,7.000000000000001,0.0,0.3507672455696607,0.0,0.0,0.0,0.0,3.0,5.0,0.883224731420029
11-25,0.0,0.0,0.0,7.000000000000001,0.0,0.0,0.0,0.0,0.0,0.0,1.0,7.0,0.7000000000000001
11-26,0.0,0.0,0.0,7.000000000000001,0.0,0.0,0.0,0.0,0.0,0.0,1.0,7.0,0.7000000000000001
11-27,0.0,0.0,0.0,7.6923076923076925,0.0,0.0,0.0,0.0,0.0,0.0,1.0,7.0,0.7692307692307693
11-28,0.0,0.0,0.0,5.769230769230769,0.0,0.0,0.0,0.0,0.0,0.0,1.0,7.0,0.5769230769230769
11-29,0.0,0.0,0.0,3.8461538461538463,0.0,0.0,0.0,0.0,0.0,0.0,1.0,7.0,0.38461538461538464
11-30,0.0,0.0,0.0,3.8461538461538463,0.0,0.0,0.0,0.0,0.0,0.0,1.0,7.0,0.38461538461538464
12-01,0.0,0.0,0.0,3.8461538461538463,0.0,0.0,0.0,0.0,0.0,0.0,1.0,7.0,0.38461538461538464
12-02,0.0,0.0,0.0,3.8461538461538463,0.0,0.0,0.0,0.0,0.0,0.0,1.0,7.0,0.38461538461538464
12-03,0.0,0.0,0.0,3.8461538461538463,5.88235294117647,0.0,0.0,0.0,0.0,0.0,2.0,6.0,0.9728506787330315
12-04,0.0,0.0,0.0,3.8461538461538463,5.88235294117647,0.0,0.0,0.0,0.0,0.0,2.0,5.0,0.9728506787330315
12-05,0.0,0.0,0.0,3.8461538461538463,5.88235294117647,0.0,0.0,0.0,0.0,0.0,2.0,5.0,0.9728506787330315
12-06,0.0,0.0,0.0,3.8461538461538463,5.88235294117647,0.0,0.0,0.0,0.0,0.0,2.0,5.0,0.9728506787330315
12-07,0.0,0.0,0.0,3.8461538461538463,5.88235294117647,0.0,0.0,0.0,0.0,0.0,2.0,5.0,0.9728506787330315
12-08,0.0,0.0,0.0,0.0,5.88235294117647,0.0,0.0,0.0,0.0,0.0,1.0,6.0,0.588235294117647
12-09,0.0,0.0,0.0,0.0,5.88235294117647,0.0,0.0,0.0,0.0,0.0,1.0,6.0,0.588235294117647
12-10,0.0,0.0,0.0,0.0,5.88235294117647,0.0,0.0,0.0,0.0,0.0,1.0,6.0,0.588235294117647
12-11,0.0,0.0,0.0,0.0,5.88235294117647,0.0,0.0,0.0,0.0,0.0,1.0,6.0,0.588235294117647
12-12,0.0,0.0,0.0,0.0,5.88235294117647,0.0,0.0,0.0,0.0,0.0,1.0,6.0,0.588235294117647
12-13,0.0,0.0,0.0,0.0,5.88235294117647,0.0,0.0,0.0,0.0,0.0,1.0,6.0,0.588235294117647
12-14,0.0,0.0,0.0,0.0,0.0,0.0,0.0,0.0,0.0,0.0,0.0,7.0,0.0
12-15,0.0,0.0,0.0,0.0,0.8333333333333334,0.0,0.0,0.0,0.0,0.0,1.0,6.0,0.08333333333333334
12-16,0.0,0.0,0.0,-25.12030385402817,12.5,0.0,0.0,0.0,0.0,0.0,1.0,6.0,-1.262030385402817
12-17,0.0,0.0,0.0,-25.12030385402817,12.5,0.0,0.0,0.0,0.0,0.0,1.0,6.0,-1.262030385402817
12-18,0.0,0.0,0.0,0.0,12.5,0.0,0.0,0.0,0.0,0.0,1.0,7.0,1.25
12-19,0.0,0.0,0.0,0.0,-2.586206896551724,0.0,0.0,0.0,0.0,0.0,0.0,8.0,-0.25862068965517243
12-20,0.0,0.0,0.0,0.0,-2.586206896551724,0.0,0.0,0.0,0.0,0.0,0.0,8.0,-0.25862068965517243
12-21,0.0,0.0,0.0,0.0,-2.586206896551724,0.0,0.0,0.0,0.0,0.0,0.0,8.0,-0.25862068965517243
12-22,0.0,0.0,0.0,0.0,0.8333333333333334,0.0,0.0,0.0,0.0,0.0,1.0,7.0,0.08333333333333334
12-23,0.0,-15.081767029671344,0.0,0.0,0.8333333333333334,0.0,0.0,0.0,0.0,0.0,1.0,7.0,-1.424843369633801
12-24,0.0,-15.081767029671344,0.0,0.0,0.8333333333333334,0.0,0.0,0.0,0.0,0.0,1.0,7.0,-1.424843369633801
12-26,0.0,-4.10958904109589,0.0,0.0,0.0,0.0,0.0,0.0,0.0,0.0,0.0,8.0,-0.410958904109589
12-27,0.0,-4.10958904109589,0.0,20.076920435978813,-13.333333333333334,0.0,0.0,0.0,0.0,0.0,1.0,7.0,0.26339980615495884
12-28,0.0,-4.10958904109589,0.0,0.0,-13.333333333333334,0.0,0.0,0.0,0.0,0.0,0.0,8.0,-1.7442922374429224
12-29,0.0,-4.10958904109589,0.0,0.0,-13.333333333333334,0.0,0.0,0.0,0.0,0.0,0.0,8.0,-1.7442922374429224
12-30,0.0,-4.10958904109589,0.0,0.0,-13.333333333333334,0.0,0.0,0.0,0.0,0.0,0.0,8.0,-1.7442922374429224
12-31,0.0,-4.10958904109589,0.0,0.0,3.3333333333333335,0.0,0.0,0.0,0.0,0.0,1.0,7.0,-0.07762557077625565
