,2013,2014,2015,2016,2017,2018,2019,2020,ups,downs,avg
01-02,0.0,0.0,5.536514282226559,-4.3983440399169815,-2.4230270385742148,4.659793853759767,9.208490371704098,-13.89970588684082,3.0,5.0,-0.1645348072051993
01-03,0.0,0.0,5.536514282226559,-4.3983440399169815,-2.4230270385742148,4.659793853759767,9.616407394409176,-13.89970588684082,3.0,5.0,-0.11354517936706456
01-04,0.0,0.0,5.536514282226559,-4.3983440399169815,-2.4230270385742148,4.659793853759767,9.6424446105957,-13.89970588684082,3.0,5.0,-0.11029052734374913
01-05,0.0,0.0,5.536514282226559,-4.3983440399169815,-4.575201034545894,4.659793853759767,9.11302185058594,-13.89970588684082,3.0,5.0,-0.4454901218414289
01-06,0.0,0.0,5.536514282226559,-4.3983440399169815,-4.267744064331051,4.5750694274902335,8.679069519042972,-13.89970588684082,3.0,5.0,-0.4718925952911359
01-07,0.0,0.0,5.536514282226559,-4.3983440399169815,-3.08917427062988,3.07315444946289,8.679069519042972,-14.952432632446287,3.0,5.0,-0.6439015865325911
01-08,0.0,0.0,5.536514282226559,-4.3983440399169815,-3.08917427062988,3.07315444946289,8.592279434204103,-14.952432632446287,3.0,5.0,-0.6547503471374498
01-09,0.0,0.0,5.536514282226559,-4.3983440399169815,-3.08917427062988,2.6033210754394496,8.592279434204103,-14.952432632446287,3.0,5.0,-0.71347951889038
01-10,0.0,0.0,5.536514282226559,-4.3983440399169815,-1.7056369781494105,2.6033210754394496,8.791896820068361,-14.952432632446287,3.0,5.0,-0.5155851840972892
01-11,0.0,0.0,5.536514282226559,-4.3983440399169815,-1.1932144165039062,2.6033210754394496,8.583599090576174,-14.952432632446287,3.0,5.0,-0.4775695800781246
01-12,0.0,0.0,5.536514282226559,-4.3983440399169815,-1.1932144165039062,2.6033210754394496,7.93266677856445,-14.952432632446287,3.0,5.0,-0.5589361190795898
01-13,0.0,0.0,5.536514282226559,-4.3983440399169815,-0.9296836853027308,-2.387657165527344,8.036815643310543,-14.952432632446287,2.0,6.0,-1.1368484497070304
01-14,0.0,0.0,5.536514282226559,-3.4529724121093683,-0.9296836853027308,-2.387657165527344,8.036815643310543,-14.952432632446287,2.0,6.0,-1.0186769962310789
01-15,0.0,0.0,5.536514282226559,-3.4529724121093683,-0.9296836853027308,-2.387657165527344,9.182453155517578,-16.405752182006832,2.0,6.0,-1.0571372509002672
01-16,0.0,0.0,5.536514282226559,-3.4529724121093683,-0.9296836853027308,-2.387657165527344,9.182453155517578,-16.405752182006832,2.0,6.0,-1.0571372509002672
01-17,0.0,0.0,5.536514282226559,-3.4529724121093683,-0.9296836853027308,-1.4402999877929616,9.28660202026368,-19.26581573486328,2.0,6.0,-1.283206939697263
01-18,0.0,0.0,5.536514282226559,-3.4529724121093683,-0.9296836853027308,-1.586639404296868,9.303960800170902,-19.26581573486328,2.0,6.0,-1.2993295192718484
01-19,0.0,0.0,5.536514282226559,-3.4529724121093683,-0.9296836853027308,-5.006385803222656,10.64053535461426,-19.26581573486328,2.0,6.0,-1.5597259998321518
01-20,0.0,0.0,5.536514282226559,-0.2011413574218679,-0.9004039764404297,-2.6341323852539062,10.64053535461426,-19.26581573486328,2.0,6.0,-0.8530554771423331
01-21,0.0,0.0,5.536514282226559,1.032543182373054,-0.8637981414794922,-2.83438491821289,10.64053535461426,-19.26581573486328,3.0,5.0,-0.7193007469177237
01-22,0.0,0.0,5.536514282226559,-0.35535812377928266,-0.8637981414794922,-2.83438491821289,10.64053535461426,-19.26581573486328,2.0,6.0,-0.8927884101867658
01-23,0.0,0.0,5.536514282226559,2.4003143310546946,-0.8637981414794922,-2.83438491821289,11.282787322998052,-19.26581573486328,3.0,5.0,-0.468047857284545
01-24,0.0,0.0,5.536514282226559,2.4003143310546946,-0.8637981414794922,-2.83438491821289,11.282787322998052,-19.26581573486328,3.0,5.0,-0.468047857284545
01-25,0.0,0.0,5.536514282226559,2.4003143310546946,0.05856132507324219,-0.4159126281738281,8.852649688720707,-19.26581573486328,4.0,4.0,-0.3542110919952384
01-26,0.0,0.0,5.536514282226559,2.4003143310546946,0.2488918304443395,-2.364551544189453,8.410017013549805,-19.26581573486328,4.0,4.0,-0.6293287277221671
01-27,0.0,0.0,5.536514282226559,0.37547302246094105,-1.0028839111328092,-4.528854370117188,8.410017013549805,-19.26581573486328,3.0,5.0,-1.3094437122344966
01-28,0.0,0.0,5.536514282226559,0.643661499023441,-1.1492919921875,-4.528854370117188,8.410017013549805,-19.26581573486328,3.0,5.0,-1.2942211627960205
01-29,0.0,0.0,5.536514282226559,0.643661499023441,-1.1492919921875,-4.528854370117188,7.95870399475098,-19.26581573486328,3.0,5.0,-1.3506352901458736
01-30,0.0,0.0,5.536514282226559,0.643661499023441,-1.1492919921875,-4.528854370117188,7.95870399475098,-15.231916427612305,3.0,5.0,-0.8463978767395015
01-31,0.0,0.0,5.536514282226559,0.643661499023441,-1.1492919921875,-3.981998443603516,7.95870399475098,-15.231916427612305,3.0,5.0,-0.7780408859252925
02-01,0.0,0.0,5.536514282226559,0.643661499023441,-1.1492919921875,-3.981998443603516,9.816022872924796,-15.231916427612305,3.0,5.0,-0.5458760261535653
02-02,0.0,0.0,5.536514282226559,0.643661499023441,-0.7613105773925781,-3.981998443603516,9.816022872924796,-18.082662582397454,3.0,5.0,-0.8537216186523442
02-03,0.0,0.0,5.536514282226559,0.643661499023441,-0.7613105773925781,-3.981998443603516,9.816022872924796,-18.082662582397454,3.0,5.0,-0.8537216186523442
02-04,0.0,0.0,5.536514282226559,0.643661499023441,-0.8125534057617188,-3.981998443603516,9.816022872924796,-18.082662582397454,3.0,5.0,-0.8601269721984868
02-05,0.0,0.0,5.536514282226559,0.643661499023441,-0.8125534057617188,-3.981998443603516,9.816022872924796,-18.082662582397454,3.0,5.0,-0.8601269721984868
02-06,0.0,0.0,5.536514282226559,3.2451210021972656,-0.8125534057617188,-1.8639144897460933,10.736005783081056,-18.082662582397454,3.0,5.0,-0.15518617630004886
02-07,0.0,0.0,5.536514282226559,3.2451210021972656,-0.8418369293212891,-3.1963844299316406,10.935628890991213,-18.082662582397454,3.0,5.0,-0.3004524707794189
02-08,0.0,0.0,5.536514282226559,3.2451210021972656,-0.5343818664550781,-0.6238708496093821,10.848836898803713,-18.082662582397454,3.0,5.0,0.04869461059570224
02-09,0.0,0.0,5.536514282226559,3.2451210021972656,1.25909423828125,-0.6238708496093821,10.90090560913086,-18.082662582397454,4.0,4.0,0.2793877124786368
02-10,0.0,0.0,5.536514282226559,3.2451210021972656,1.3249778747558594,-0.6238708496093821,11.135242462158203,-18.082662582397454,4.0,4.0,0.3169152736663809
02-11,0.0,0.0,5.536514282226559,3.2451210021972656,2.027729034423828,-0.6238708496093821,11.135242462158203,-18.082662582397454,4.0,4.0,0.4047591686248769
02-12,0.0,0.0,5.536514282226559,3.2451210021972656,2.027729034423828,-0.6238708496093821,10.215261459350586,-18.082662582397454,4.0,4.0,0.2897615432739249
02-13,0.0,0.0,9.184089660644528,2.158946990966804,2.027729034423828,-0.6238708496093821,9.816024780273438,-18.082662582397454,4.0,4.0,0.5600321292877197
02-14,0.0,0.0,9.184089660644528,2.158946990966804,2.027729034423828,-0.6238708496093821,10.302051544189462,-18.082662582397454,4.0,4.0,0.6207854747772226
02-15,0.0,0.0,9.184089660644528,2.158946990966804,2.027729034423828,0.3157882690429545,10.119791030883798,-18.082662582397454,5.0,3.0,0.7154603004455566
02-16,0.0,0.0,9.184089660644528,2.158946990966804,2.027729034423828,-2.187400817871101,9.555650711059574,-18.082662582397454,4.0,4.0,0.33204412460327193
02-17,0.0,0.0,9.184089660644528,2.158946990966804,1.4640617370605433,-2.187400817871101,9.555650711059574,-18.082662582397454,4.0,4.0,0.2615857124328613
02-18,0.0,0.0,9.184089660644528,2.158946990966804,2.335184097290039,-2.187400817871101,9.555650711059574,-18.082662582397454,4.0,4.0,0.3704760074615483
02-19,0.0,0.0,9.184089660644528,2.158946990966804,2.335184097290039,-2.187400817871101,9.555650711059574,-20.92409324645996,4.0,4.0,0.015297174453735797
02-20,0.0,0.0,9.184089660644528,2.158946990966804,2.335184097290039,-2.187400817871101,10.310735702514648,-20.92409324645996,4.0,4.0,0.10968279838562013
02-21,0.0,0.0,9.184089660644528,2.158946990966804,2.335184097290039,0.6623802185058523,10.796758651733398,-20.92409324645996,5.0,3.0,0.5266582965850829
02-22,0.0,0.0,9.184089660644528,2.158946990966804,2.335184097290039,0.8934440612792969,10.51034927368164,-14.505258560180659,5.0,3.0,1.3220944404602062
02-23,0.0,0.0,9.184089660644528,2.158946990966804,4.750886917114262,1.2323379516601562,10.432239532470703,-14.505258560180659,5.0,3.0,1.6566553115844742
02-24,0.0,0.0,9.184089660644528,2.158946990966804,5.746448516845707,0.6777839660644531,11.022418975830078,-14.505258560180659,5.0,3.0,1.7855536937713636
02-25,0.0,0.0,9.184089660644528,2.158946990966804,5.746448516845707,0.4313201904296875,11.022418975830078,-14.505258560180659,5.0,3.0,1.7547457218170182
02-26,0.0,0.0,9.184089660644528,5.9270420074463,5.746448516845707,0.4313201904296875,11.126565933227537,-11.235284805297852,5.0,3.0,2.647522687911988
02-27,0.0,0.0,9.184089660644528,5.9270420074463,5.746448516845707,0.4313201904296875,11.126565933227537,-11.235284805297852,5.0,3.0,2.647522687911988
02-28,0.0,0.0,9.184089660644528,5.9270420074463,5.607362747192386,-2.017963409423828,9.54697227478027,-11.235284805297852,4.0,4.0,2.126527309417725
02-29,0.0,0.0,0.0,5.9270420074463,0.0,0.0,0.0,-11.235284805297852,1.0,1.0,-0.663530349731444
03-01,0.0,0.0,9.184089660644528,5.008481979370123,5.607362747192386,-5.576347351074221,8.73982048034668,-11.235284805297852,4.0,4.0,1.4660153388977055
03-02,0.0,0.0,9.184089660644528,5.008481979370123,4.9924583435058585,-4.128345489501964,8.817930221557617,-11.235284805297852,4.0,4.0,1.5799162387847892
03-03,0.0,0.0,9.184089660644528,3.8016185760498082,7.715616226196282,-4.128345489501964,7.88926887512207,-11.235284805297852,4.0,4.0,1.653370380401609
03-04,0.0,0.0,9.184089660644528,3.8016185760498082,7.364238739013661,-4.128345489501964,7.88926887512207,-11.235284805297852,4.0,4.0,1.6094481945037815
03-05,0.0,0.0,10.312507629394528,0.11397743225097301,7.020183563232418,-4.128345489501964,7.88926887512207,-11.235284805297852,4.0,4.0,1.2465384006500215
03-06,0.0,0.0,10.312507629394528,0.11397743225097301,7.020183563232418,-4.128345489501964,8.418693542480463,-9.013484954833975,4.0,4.0,1.590441465377805
03-07,0.0,1.2642784118652273,10.312507629394528,0.11397743225097301,7.064107894897457,-4.8831481933593786,7.637578964233397,1.7559909820556747,6.0,2.0,2.908161640167235
03-08,0.895634651184082,1.2642784118652273,10.312507629394528,0.11397743225097301,6.397956848144528,-4.8831481933593786,7.929670333862298,1.7559909820556747,7.0,1.0,2.9733585119247414
03-09,0.895634651184082,1.2642784118652273,10.312507629394528,0.11397743225097301,8.54206657409668,-8.110345840454103,5.542673110961907,1.7559909820556747,7.0,1.0,2.5395978689193712
03-10,0.895634651184082,1.2642784118652273,10.312507629394528,0.8979187011718679,8.54206657409668,-7.979410171508789,5.542673110961907,2.9205131530761785,7.0,1.0,2.79952275753021
03-11,0.895634651184082,1.2642784118652273,10.312507629394528,0.8979187011718679,9.252138137817381,-7.979410171508789,5.542673110961907,2.9205131530761785,7.0,1.0,2.8882817029952976
03-12,0.895634651184082,1.2642784118652273,10.312507629394528,0.8979187011718679,9.252138137817381,-7.979410171508789,5.1868324279785085,6.842615127563484,7.0,1.0,3.3340643644332864
03-13,0.895634651184082,1.2642784118652273,4.775993347167969,0.8979187011718679,9.252138137817381,-7.979410171508789,5.1868324279785085,2.361543655395516,7.0,1.0,2.08186614513397
03-14,0.895634651184082,1.2642784118652273,4.775993347167969,0.8979187011718679,9.215536117553713,-7.979410171508789,3.00112533569336,1.901540756225586,7.0,1.0,1.7465771436691266
03-15,0.895634651184082,1.2642784118652273,4.775993347167969,0.8979187011718679,9.12769508361816,-5.584047317504883,3.5414638519287145,1.901540756225586,7.0,1.0,2.1025596857070905
03-16,0.895634651184082,1.2642784118652273,4.775993347167969,0.8979187011718679,6.932586669921872,-6.893411636352539,2.168418884277344,1.901540756225586,7.0,1.0,1.4928699731826762
03-17,0.895634651184082,1.2642784118652273,4.775993347167969,1.0081386566162074,6.68611907958984,-7.725240707397461,1.4790229797363246,1.901540756225586,7.0,1.0,1.285685896873472
03-18,0.895634651184082,1.2642784118652273,4.775993347167969,1.0081386566162074,6.68611907958984,-5.783737182617184,1.4790229797363246,1.901540756225586,7.0,1.0,1.5283738374710063
03-19,0.895634651184082,1.2642784118652273,4.775993347167969,1.0081386566162074,6.68611907958984,-5.783737182617184,1.1752548217773402,1.901540756225586,7.0,1.0,1.4904028177261337
03-20,0.895634651184082,1.2642784118652273,4.775993347167969,1.0081386566162074,6.68611907958984,-5.783737182617184,2.0377483367919886,1.901540756225586,7.0,1.0,1.5982145071029643
03-21,0.895634651184082,1.2642784118652273,4.775993347167969,1.0081386566162074,5.602710723876951,-4.281822204589839,2.0377483367919886,1.901540756225586,7.0,1.0,1.6505278348922712
03-22,0.895634651184082,1.2642784118652273,4.775993347167969,1.0081386566162074,5.602710723876951,-4.281822204589839,2.0377483367919886,1.901540756225586,7.0,1.0,1.6505278348922712
03-23,0.895634651184082,1.2642784118652273,4.775993347167969,1.0081386566162074,5.090288162231445,-4.281822204589839,22.272445678710934,1.901540756225586,7.0,1.0,4.115812182426452
03-24,0.895634651184082,1.2642784118652273,4.775993347167969,-1.314985275268555,4.9054355621337855,-4.281822204589839,3.2767982482910227,1.901540756225586,6.0,2.0,1.4278591871261597
03-25,0.895634651184082,1.2642784118652273,4.775993347167969,-1.314985275268555,4.641904830932611,-4.281822204589839,3.2767982482910227,1.901540756225586,6.0,2.0,1.3949178457260127
03-26,0.895634651184082,1.2642784118652273,4.775993347167969,-0.6261100769042933,4.641904830932611,-4.281822204589839,3.7194328308105535,3.3548603057861293,6.0,2.0,1.7180215120315547
03-27,0.895634651184082,1.2642784118652273,4.775993347167969,-0.6261100769042933,4.641904830932611,-4.281822204589839,7.388328552246094,3.3548603057861293,6.0,2.0,2.1766334772109968
03-28,0.895634651184082,1.2642784118652273,4.775993347167969,-0.6261100769042933,4.641904830932611,-4.588645935058594,7.388328552246094,6.214923858642577,6.0,2.0,2.495788455009459
03-29,0.895634651184082,1.2642784118652273,4.775993347167969,-0.6261100769042933,5.951267242431643,-4.650606155395508,2.0169677734375,6.214923858642577,6.0,2.0,1.98029363155365
03-30,0.895634651184082,1.2642784118652273,4.775993347167969,-0.6261100769042933,5.951267242431643,-4.650606155395508,3.3864459991455043,6.214923858642577,6.0,2.0,2.1514784097671504
03-31,0.895634651184082,1.2642784118652273,4.775993347167969,-3.5472774505615234,5.951267242431643,-5.240781784057617,3.3864459991455043,6.214923858642577,6.0,2.0,1.7125605344772332
04-01,0.895634651184082,1.2642784118652273,4.775993347167969,-4.780961990356445,4.081178665161134,-3.895526885986328,3.3864459991455043,6.214923858642577,6.0,2.0,1.4927457571029652
04-02,0.895634651184082,1.2642784118652273,4.775993347167969,-3.3930606842041087,5.844966888427737,-3.895526885986328,2.4838237762451136,6.214923858642577,6.0,2.0,1.773879170417784
04-03,0.895634651184082,1.2642784118652273,4.775993347167969,-5.6732482910156365,5.844966888427737,-6.267780303955077,2.4838237762451136,6.214923858642577,6.0,2.0,1.1923240423202492
04-04,0.895634651184082,1.2642784118652273,4.775993347167969,-5.6732482910156365,5.8083610534668,-6.501482009887695,2.493698120117177,6.214923858642577,6.0,2.0,1.1597698926925628
04-05,0.895634651184082,1.2642784118652273,4.775993347167969,-5.6732482910156365,5.8083610534668,-6.501482009887695,3.0154037475585898,6.214923858642577,6.0,2.0,1.2249830961227397
04-06,0.895634651184082,1.2642784118652273,4.775993347167969,-5.6732482910156365,3.364166259765625,-6.971311569213867,3.6582183837890585,6.214923858642577,6.0,2.0,0.9410818815231295
04-07,0.895634651184082,1.2642784118652273,4.775993347167969,-1.29244422912598,3.173835754394528,-5.022672653198242,3.583690643310536,6.214923858642577,6.0,2.0,1.6991549730300872
04-08,0.895634651184082,1.2642784118652273,4.775993347167969,-1.56063270568848,5.053155899047847,-5.022672653198242,3.583690643310536,6.214923858642577,6.0,2.0,1.90054643154144
04-09,0.895634651184082,1.2642784118652273,4.775993347167969,-2.08418083190918,5.0685634613037065,-5.022672653198242,3.583690643310536,2.1810245513916016,6.0,2.0,1.332791447639463
04-10,0.895634651184082,1.2642784118652273,4.775993347167969,0.8228816986083949,5.0685634613037065,-5.022672653198242,4.729579925537107,2.1810245513916016,7.0,1.0,1.8394104242324807
04-11,0.895634651184082,1.2642784118652273,4.775993347167969,0.8228816986083949,5.214971542358398,-5.022672653198242,4.729579925537107,2.1810245513916016,7.0,1.0,1.8577114343643168
04-12,0.895634651184082,1.2642784118652273,4.775993347167969,0.8228816986083949,5.214971542358398,-5.022672653198242,4.999748229980464,2.1810245513916016,7.0,1.0,1.8914824724197368
04-13,0.895634651184082,1.2642784118652273,4.775993347167969,0.8228816986083949,3.4010829925537145,-5.022672653198242,2.5368766784668044,2.1810245513916016,7.0,1.0,1.3568874597549438
04-14,0.895634651184082,1.2642784118652273,4.775993347167969,0.8228816986083949,3.4010829925537145,-5.022672653198242,2.5368766784668044,2.1810245513916016,7.0,1.0,1.3568874597549438
04-15,0.895634651184082,1.2642784118652273,4.775993347167969,-7.670978546142582,3.7476768493652335,-5.656242370605469,2.5368766784668044,5.031770706176753,6.0,2.0,0.6156262159347525
04-16,0.895634651184082,1.2642784118652273,4.775993347167969,-7.664089202880862,3.7476768493652335,-5.656242370605469,2.5368766784668044,5.031770706176753,6.0,2.0,0.6164873838424674
04-17,0.895634651184082,1.2642784118652273,4.775993347167969,-7.664089202880862,3.7476768493652335,-5.656242370605469,4.4303741455078125,5.031770706176753,6.0,2.0,0.8531745672225934
04-18,0.895634651184082,1.2642784118652273,4.775993347167969,-7.664089202880862,5.014091491699219,-5.656242370605469,5.0379066467285165,5.031770706176753,6.0,2.0,1.0874179601669294
04-19,0.895634651184082,1.2642784118652273,4.775993347167969,-10.265548706054688,5.014091491699219,-5.656242370605469,5.1246986389160165,5.031770706176753,6.0,2.0,0.7730845212936388
04-20,0.895634651184082,1.2642784118652273,4.775993347167969,-10.265548706054688,5.014091491699219,-5.656242370605469,5.1246986389160165,5.031770706176753,6.0,2.0,0.7730845212936388
04-21,0.895634651184082,1.2642784118652273,4.775993347167969,-10.265548706054688,3.22061538696289,-5.656242370605469,5.1246986389160165,5.031770706176753,6.0,2.0,0.5489000082015978
04-22,0.895634651184082,1.2642784118652273,5.0575942993164125,-9.576671600341797,3.22061538696289,-4.831731796264644,5.1246986389160165,5.031770706176753,6.0,2.0,0.7732735872268677
04-23,0.895634651184082,1.2642784118652273,5.0575942993164125,-9.576671600341797,4.090957641601558,-4.831731796264644,4.6560325622558585,5.031770706176753,6.0,2.0,0.8234831094741817
04-24,0.895634651184082,1.2642784118652273,5.0575942993164125,-9.576671600341797,4.090957641601558,-4.831731796264644,4.4216957092285165,5.031770706176753,6.0,2.0,0.7941910028457637
04-25,0.895634651184082,1.2642784118652273,1.4100189208984446,-9.576671600341797,3.3882064819335898,-4.6841888427734375,4.4216957092285165,5.031770706176753,6.0,2.0,0.26884305477142245
04-26,0.895634651184082,1.2642784118652273,1.4100189208984446,-8.490497589111335,4.82080078125,-4.55400276184082,3.935668945312493,5.031770706176753,6.0,2.0,0.5392090082168557
04-27,0.895634651184082,1.2642784118652273,1.4100189208984446,-8.490497589111335,2.3792266845703125,-6.812879562377923,3.935668945312493,5.031770706176753,6.0,2.0,-0.04834735393524303
04-28,0.895634651184082,1.2642784118652273,1.4100189208984446,-8.490497589111335,4.69757080078125,-6.812879562377923,3.935668945312493,5.031770706176753,6.0,2.0,0.24144566059112416
04-29,0.895634651184082,1.2642784118652273,1.4100189208984446,-8.490497589111335,4.69757080078125,-7.420413970947258,3.935668945312493,5.031770706176753,6.0,2.0,0.16550385951995716
04-30,0.895634651184082,1.2642784118652273,1.4100189208984446,-8.490497589111335,4.520420074462892,-7.420413970947258,3.935668945312493,5.031770706176753,6.0,2.0,0.14336001873016224
05-01,0.895634651184082,1.2642784118652273,1.4100189208984446,-11.28734207153321,4.520420074462892,-7.420413970947258,2.6034584045410085,5.031770706176753,6.0,2.0,-0.3727718591690077
05-02,0.895634651184082,1.2642784118652273,1.4100189208984446,-11.28734207153321,4.520420074462892,-7.420413970947258,1.9959182739257808,5.031770706176753,6.0,2.0,-0.4487143754959111
05-03,0.895634651184082,1.2642784118652273,1.4100189208984446,-11.28734207153321,4.520420074462892,-7.420413970947258,1.5098953247070312,5.031770706176753,6.0,2.0,-0.5094672441482548
05-04,0.895634651184082,1.2642784118652273,1.4100189208984446,-11.28734207153321,4.520420074462892,-8.033357620239258,1.5098953247070312,5.031770706176753,6.0,2.0,-0.5860852003097548
05-05,0.895634651184082,1.2642784118652273,1.4100189208984446,-11.28734207153321,2.1047172546386683,-7.135688781738278,1.0627212524414062,5.031770706176753,6.0,2.0,-0.8317362070083631
05-06,0.895634651184082,1.2642784118652273,1.4100189208984446,-11.28734207153321,3.0751876831054648,-8.203210830688478,1.0627212524414062,5.031770706176753,6.0,2.0,-0.8438676595687884
05-07,0.895634651184082,1.2642784118652273,1.4100189208984446,-7.209186553955085,3.0751876831054648,-8.203210830688478,1.0627212524414062,1.761796951293945,6.0,2.0,-0.7428449392318739
05-08,0.895634651184082,1.2642784118652273,1.4100189208984446,-6.926744461059577,3.0751876831054648,-7.648656845092771,0.4725418090820313,1.761796951293945,6.0,2.0,-0.7119928598403944
05-09,0.895634651184082,1.2642784118652273,1.4100189208984446,-6.926744461059577,3.0751876831054648,-7.402193069458008,0.4725418090820313,1.761796951293945,6.0,2.0,-0.6811848878860487
05-10,0.895634651184082,1.2642784118652273,1.4100189208984446,-6.926744461059577,3.0751876831054648,-7.0298976898193395,2.052135467529297,1.761796951293945,6.0,2.0,-0.43719875812530695
05-11,0.895634651184082,1.2642784118652273,1.4100189208984446,-9.758033752441412,3.0751876831054648,-3.50232124328614,2.052135467529297,1.761796951293945,6.0,2.0,-0.3501628637313865
05-12,0.895634651184082,1.2642784118652273,1.4100189208984446,-9.978473663330083,3.690092086791992,-4.950323104858398,2.052135467529297,1.761796951293945,6.0,2.0,-0.4818550348281869
05-13,0.895634651184082,1.2642784118652273,1.4100189208984446,-9.351593017578127,0.404674530029304,-4.950323104858398,2.052135467529297,1.761796951293945,6.0,2.0,-0.8141721487045284
05-14,0.895634651184082,1.2642784118652273,1.4100189208984446,-9.351593017578127,1.174888610839858,-4.950323104858398,2.008739471435547,1.761796951293945,6.0,2.0,-0.7233198881149279
05-15,0.895634651184082,1.2642784118652273,0.2816009521484446,-9.351593017578127,1.174888610839858,-4.950323104858398,2.9653472900390625,1.761796951293945,6.0,2.0,-0.7447961568832384
05-16,0.895634651184082,1.2642784118652273,0.2816009521484446,-9.351593017578127,1.174888610839858,-4.950323104858398,1.5069427490234446,-0.460002899169929,5.0,3.0,-1.2048217058181752
05-17,0.895634651184082,0.0,0.2816009521484446,-5.663951873779293,1.5189437866211009,-4.950323104858398,2.192588806152344,-0.460002899169929,4.0,4.0,-0.7731887102127062
05-18,0.0,0.0,0.2816009521484446,-5.663951873779293,2.1850948333740305,-4.950323104858398,1.9004974365234448,-0.460002899169929,3.0,5.0,-0.8383855819702126
05-19,0.0,0.0,0.2816009521484446,-5.663951873779293,0.531444549560554,2.7337760925292933,1.9004974365234448,-0.460002899169929,4.0,4.0,-0.08457946777343572
05-20,0.0,0.0,0.2816009521484446,-6.447893142700187,0.531444549560554,2.7337760925292933,1.9004974365234448,-0.460002899169929,4.0,4.0,-0.1825721263885476
05-21,0.0,0.0,0.2816009521484446,-6.447893142700187,0.531444549560554,2.7337760925292933,3.0463867187500067,-0.460002899169929,4.0,4.0,-0.03933596611022727
05-22,0.0,0.0,0.2816009521484446,-6.447893142700187,0.531444549560554,2.7337760925292933,3.0463867187500067,-0.460002899169929,4.0,4.0,-0.03933596611022727
05-23,0.0,0.0,0.2816009521484446,-6.447893142700187,0.531444549560554,1.4145584106445348,4.294752120971683,0.0,4.0,4.0,0.009307861328128551
05-24,0.0,0.0,0.2816009521484446,-6.447893142700187,0.52374267578125,-3.07246208190918,3.754413604736328,0.0,3.0,5.0,-0.6200747489929181
05-25,0.0,0.0,0.2816009521484446,-6.447893142700187,2.718851089477539,0.14629936218262074,2.5339927673339773,0.0,4.0,4.0,-0.09589362144470084
05-26,0.0,0.0,0.2816009521484446,-6.558113098144528,2.9653186798095703,0.5007801055908203,2.506046295166016,0.0,4.0,4.0,-0.038045883178709605
05-27,0.0,0.0,0.2816009521484446,-6.558113098144528,4.906255722045898,0.5007801055908203,2.506046295166016,0.0,4.0,4.0,0.2045712471008314
05-28,0.0,0.0,0.2816009521484446,-6.558113098144528,4.906255722045898,0.5007801055908203,2.506046295166016,0.0,4.0,4.0,0.2045712471008314
05-29,0.0,0.0,0.2816009521484446,-6.558113098144528,4.906255722045898,0.5007801055908203,3.1954421997070352,0.0,4.0,4.0,0.2907457351684588
05-30,0.0,0.0,0.2816009521484446,-6.558113098144528,4.906255722045898,-1.4407234191894567,3.158178329467777,0.0,3.0,5.0,0.043399810791016964
05-31,0.0,0.0,0.2816009521484446,-6.558113098144528,4.906255722045898,-1.6056289672851598,1.5744342803955114,0.0,3.0,5.0,-0.17518138885497914
06-01,0.0,0.0,0.2816009521484446,-8.080535888671875,4.906255722045898,-1.6056289672851598,1.5744342803955114,0.0,3.0,5.0,-0.3654842376708976
06-02,0.0,0.0,0.2816009521484446,-8.080535888671875,4.906255722045898,-1.6056289672851598,1.5744342803955114,0.0,3.0,5.0,-0.3654842376708976
06-03,0.0,0.0,0.2816009521484446,-6.702783584594728,5.091108322143559,-0.2690505981445348,1.5744342803955114,0.0,3.0,5.0,-0.0030863285064683947
06-04,0.0,0.0,0.2816009521484446,-4.436376571655273,5.091108322143559,-0.2690505981445348,-18.66026306152344,0.0,2.0,6.0,-2.2491226196289054
06-05,0.0,0.0,0.2816009521484446,-7.529436111450195,5.091108322143559,-0.2690505981445348,-0.950246810913093,0.0,2.0,6.0,-0.4220030307769776
06-06,0.0,0.0,0.2816009521484446,-7.529436111450195,5.091108322143559,-2.49957275390625,-4.723291397094727,0.0,2.0,6.0,-1.172448873519896
06-07,0.0,0.0,0.2816009521484446,-8.218311309814457,5.091108322143559,0.8071517944335938,-4.723291397094727,0.0,3.0,5.0,-0.8452177047729483
06-08,0.0,0.0,0.2816009521484446,-8.218311309814457,3.781745910644524,0.7550792694091797,1.34152793884277,0.0,4.0,4.0,-0.2572946548461923
06-09,0.0,0.0,0.2816009521484446,-8.218311309814457,3.781745910644524,0.7550792694091797,1.34152793884277,0.0,4.0,4.0,-0.2572946548461923
06-10,0.0,0.0,0.2816009521484446,-8.548974990844728,2.341449737548821,2.8380584716796835,1.34152793884277,0.0,4.0,4.0,-0.2182922363281259
06-11,0.0,0.0,0.2816009521484446,-8.548974990844728,2.341449737548821,2.8380584716796835,-0.027950286865234368,0.0,3.0,5.0,-0.3894770145416264
06-12,0.0,0.0,0.2816009521484446,-8.548974990844728,2.341449737548821,3.4282341003417933,-0.027950286865234368,0.0,3.0,5.0,-0.31570506095886275
06-13,0.0,0.0,0.2816009521484446,-8.548974990844728,4.182258605957031,0.3037662506103516,-0.027950286865234368,0.0,3.0,5.0,-0.4761624336242667
06-14,0.0,0.0,0.2816009521484446,-8.548974990844728,2.4184703826904257,0.9807357788085972,-0.6800765991210866,0.0,3.0,5.0,-0.6935305595397931
06-15,0.0,0.0,0.2816009521484446,-6.2687873840332005,2.4184703826904257,0.8939437866210902,-1.2017822265625,0.0,3.0,5.0,-0.4845693111419673
06-16,0.0,0.0,0.2816009521484446,-5.311248779296875,4.174558639526366,2.039579391479492,-1.2017822265625,0.0,3.0,5.0,-0.0021615028381338774
06-17,0.0,0.0,0.2816009521484446,-7.667211532592777,4.174558639526366,2.039579391479492,-1.2017822265625,0.0,3.0,5.0,-0.2966568470001216
06-18,0.0,0.0,0.2816009521484446,-7.667211532592777,4.174558639526366,2.039579391479492,-1.8445968627929688,0.0,3.0,5.0,-0.3770086765289302
06-19,0.0,0.0,0.2816009521484446,-7.667211532592777,4.174558639526366,2.039579391479492,-1.770069122314446,0.0,3.0,5.0,-0.3676927089691149
06-20,0.0,0.0,0.2816009521484446,-7.667211532592777,2.295238494873047,2.039579391479492,-2.030925750732422,0.0,3.0,5.0,-0.6352148056030269
06-21,0.0,0.0,0.2816009521484446,-7.143663406372077,2.2798309326171875,2.039579391479492,-2.030925750732422,0.0,3.0,5.0,-0.5716972351074219
06-22,0.0,0.0,0.2816009521484446,-10.050725936889652,2.2798309326171875,2.039579391479492,-2.301094055175781,0.0,3.0,5.0,-0.9688510894775386
06-23,0.0,0.0,0.2816009521484446,-10.050725936889652,4.020513534545895,2.039579391479492,-2.301094055175781,0.0,3.0,5.0,-0.7512657642364502
06-24,0.0,0.0,0.2816009521484446,-10.050725936889652,4.020513534545895,1.4580841064453125,-2.301094055175781,0.0,3.0,5.0,-0.8239526748657227
06-25,0.0,0.0,0.2816009521484446,-1.5568656921386754,4.020513534545895,1.4580841064453125,-1.6955413818359375,6.220001220703125,4.0,4.0,1.0909740924835205
06-26,0.0,0.0,0.2816009521484446,-1.5568656921386754,4.020513534545895,1.4580841064453125,-1.6955413818359375,6.220001220703125,4.0,4.0,1.0909740924835205
06-27,0.0,0.0,0.2816009521484446,-1.5568656921386754,3.673919677734375,2.091653823852539,-4.509021759033203,6.220001220703125,4.0,4.0,0.7751610279083256
06-28,0.0,0.0,0.2816009521484446,-1.5637550354003942,3.31191635131836,2.091653823852539,-4.509021759033203,6.220001220703125,4.0,4.0,0.7290494441986088
06-29,0.0,0.0,0.2816009521484446,0.3926601409912109,3.39664077758789,2.091653823852539,-4.509021759033203,6.220001220703125,5.0,3.0,0.9841918945312508
06-30,0.0,0.0,0.2816009521484446,0.3926601409912109,3.39664077758789,0.3384819030761683,-4.509021759033203,6.220001220703125,5.0,3.0,0.7650454044342045
07-01,0.0,0.0,0.0,-0.2962169647216797,1.8639144897460933,0.7550773620605469,-4.509021759033203,6.220001220703125,3.0,5.0,0.5042192935943604
07-02,0.0,0.0,0.0,-0.2962169647216797,1.8639144897460933,0.7550773620605469,-4.509021759033203,6.220001220703125,3.0,5.0,0.5042192935943604
07-03,0.0,0.0,0.0,-0.2962169647216797,1.8639144897460933,-0.06943321228027699,-4.509021759033203,6.220001220703125,2.0,6.0,0.40115547180175737
07-05,0.0,0.0,0.0,-0.2962169647216797,0.9935722351074254,-0.6769657135009766,-2.7668991088867188,6.220001220703125,2.0,6.0,0.4341864585876469
07-06,0.0,0.0,0.0,-0.2962169647216797,-0.4390220642089844,1.0848846435546842,-2.7668991088867188,6.220001220703125,2.0,6.0,0.4753434658050533
07-07,0.0,0.0,0.0,-0.2962169647216797,2.002552032470703,1.6056270599365234,-2.7668991088867188,6.220001220703125,3.0,5.0,0.8456330299377441
07-08,0.0,0.0,0.0,-0.2962169647216797,-0.3157920837402344,1.6056270599365234,-2.7668991088867188,6.220001220703125,2.0,6.0,0.5558400154113771
07-09,0.0,0.0,0.0,-0.2962169647216797,-0.3157920837402344,1.6056270599365234,-2.7668991088867188,6.220001220703125,2.0,6.0,0.5558400154113771
07-10,0.0,0.0,0.0,-0.2962169647216797,-0.3157920837402344,1.6056270599365234,-1.7607536315917969,6.220001220703125,2.0,6.0,0.6816082000732422
07-11,0.0,0.0,0.0,-0.2962169647216797,-0.3157920837402344,2.21316146850586,-0.4285430908203125,6.220001220703125,2.0,6.0,0.9240763187408448
07-12,0.0,0.0,0.0,-0.2962169647216797,-0.138641357421875,2.21316146850586,-0.4285430908203125,6.220001220703125,2.0,6.0,0.9462201595306396
07-13,0.0,0.0,0.0,2.500627517700196,-0.138641357421875,2.7599449157714844,-0.4285430908203125,6.220001220703125,3.0,5.0,1.3641736507415771
07-14,0.0,0.0,0.0,2.500627517700196,-0.138641357421875,3.1418247222900386,-0.4285430908203125,6.220001220703125,3.0,5.0,1.4119086265563965
07-15,0.0,0.0,0.0,2.500627517700196,-0.138641357421875,3.1418247222900386,-0.4285430908203125,6.220001220703125,3.0,5.0,1.4119086265563965
07-16,0.0,0.0,0.0,2.500627517700196,1.3786811828613352,3.1418247222900386,-0.4285430908203125,3.1500015258789062,4.0,4.0,1.2178239822387704
07-17,0.0,0.0,0.0,2.500627517700196,1.3786811828613352,1.7358169555664027,-1.0713615417480469,3.1500015258789062,4.0,4.0,0.9617207050323492
07-18,0.0,0.0,0.0,2.500627517700196,0.4082107543945384,2.8033390045166016,-1.0713615417480469,3.1500015258789062,4.0,4.0,0.9738521575927744
07-19,0.0,0.0,0.0,-1.5775279998779297,1.016681671142578,0.8245086669921875,-1.0713615417480469,3.1500015258789062,3.0,5.0,0.2927877902984619
07-20,0.0,0.0,0.0,-1.8599700927734373,1.1630210876464844,0.4947071075439489,-1.0713615417480469,3.1500015258789062,3.0,5.0,0.2345497608184819
07-21,0.0,0.0,0.0,0.9713191986083984,-0.9165573120117116,0.02603721618652344,-1.0713615417480469,3.1500015258789062,3.0,5.0,0.2699298858642587
07-22,0.0,0.0,0.0,1.1917591094970703,-0.9165573120117116,1.6750602722168004,-1.0713615417480469,3.1500015258789062,3.0,5.0,0.5036127567291273
07-23,0.0,0.0,0.0,0.5648784637451136,-0.9165573120117116,1.6750602722168004,-1.0713615417480469,3.1500015258789062,3.0,5.0,0.4252526760101327
07-24,0.0,0.0,0.0,0.5648784637451136,-0.9165573120117116,1.6750602722168004,-1.0713615417480469,3.1500015258789062,3.0,5.0,0.4252526760101327
07-25,0.0,0.0,0.0,0.5648784637451136,-0.354297637939446,1.6750602722168004,-1.0993080139160156,3.1500015258789062,3.0,5.0,0.4920418262481698
07-26,0.0,0.0,0.0,0.5648784637451136,-1.12451171875,0.4773502349853586,-0.5869216918945312,3.1500015258789062,3.0,5.0,0.3100996017456059
07-27,0.0,0.0,0.0,0.5648784637451136,-1.12451171875,-0.2256546020507777,-0.5869216918945312,3.1500015258789062,2.0,6.0,0.22222399711608887
07-28,0.0,0.0,0.0,0.5648784637451136,-1.12451171875,0.0,-0.5869216918945312,3.1500015258789062,2.0,6.0,0.2504308223724361
07-29,0.0,0.0,0.0,0.5648784637451136,-1.12451171875,0.0,-0.5869216918945312,3.1500015258789062,2.0,6.0,0.2504308223724361
07-30,0.0,0.0,0.0,0.5648784637451136,-1.12451171875,0.0,-0.5869216918945312,3.1500015258789062,2.0,6.0,0.2504308223724361
07-31,0.0,0.0,0.0,0.5648784637451136,-1.12451171875,-4.2874603271484375,-0.5869216918945312,3.1500015258789062,2.0,6.0,-0.2855017185211186
08-01,0.0,-4.038396835327141,0.0,0.5648784637451136,-1.12451171875,-4.2874603271484375,-0.5869216918945312,3.1500015258789062,2.0,6.0,-0.7903013229370113
08-02,0.0,-4.038396835327141,0.0,0.5648784637451136,-0.831829071044929,-2.9682426452636785,-0.5869216918945312,3.1500015258789062,2.0,6.0,-0.5888137817382826
08-03,0.0,-4.038396835327141,0.0,0.5648784637451136,-0.824127197265625,-3.315401077270512,-0.5869216918945312,3.1500015258789062,2.0,6.0,-0.6312458515167236
08-04,0.0,-4.038396835327141,0.0,1.8324127197265592,-0.824127197265625,-4.5478324890136745,-0.5869216918945312,3.1500015258789062,2.0,6.0,-0.6268579959869385
08-05,0.0,-4.038396835327141,0.0,1.8324127197265592,-2.6495342254638707,-4.5478324890136745,-0.5869216918945312,3.1500015258789062,2.0,6.0,-0.8550338745117192
08-06,0.0,-4.038396835327141,0.0,16.55373382568359,-2.6495342254638707,-4.5478324890136745,0.9129829406738352,3.1500015258789062,3.0,5.0,1.1726193428039555
08-07,0.0,-4.038396835327141,0.0,16.55373382568359,-2.6495342254638707,-4.070484161376953,0.9409294128417968,3.1500015258789062,3.0,5.0,1.235781192779541
08-08,0.0,-4.038396835327141,0.0,16.55373382568359,-4.5904712677002,-4.860279083251953,0.9409294128417968,3.1500015258789062,3.0,5.0,0.894439697265625
08-09,0.0,-4.038396835327141,0.0,16.55373382568359,-4.5904712677002,-4.964427947998047,0.549652099609375,3.1500015258789062,3.0,5.0,0.8325114250183105
08-10,0.0,-4.038396835327141,0.0,16.55373382568359,-3.689319610595703,-5.971197128295895,2.1333961486816406,3.1500015258789062,3.0,5.0,1.0172772407531747
08-11,0.0,-4.038396835327141,0.0,18.076156616210934,-3.689319610595703,-4.712730407714839,2.1333961486816406,3.1500015258789062,3.0,5.0,1.3648884296417252
08-12,0.0,-4.038396835327141,0.0,11.945144653320312,-3.689319610595703,-6.5266571044921875,2.1333961486816406,3.1500015258789062,3.0,5.0,0.3717710971832284
08-13,0.0,-4.038396835327141,0.0,11.945144653320312,-3.689319610595703,-6.5266571044921875,2.1333961486816406,3.1500015258789062,3.0,5.0,0.3717710971832284
08-14,22.68861484527588,-4.038396835327141,0.0,11.945144653320312,-3.689319610595703,-6.5266571044921875,2.1333961486816406,3.1500015258789062,4.0,4.0,3.2078479528427133
08-15,22.68861484527588,-4.038396835327141,0.0,11.945144653320312,-3.689319610595703,-7.30777549743652,3.4190273284912114,3.1500015258789062,4.0,4.0,3.270912051200868
08-16,22.68861484527588,-4.038396835327141,0.0,9.67873764038086,-3.689319610595703,-5.936479568481449,3.4190273284912114,1.25,4.0,4.0,2.921522974967957
08-17,22.68861484527588,-4.038396835327141,0.0,12.77179718017578,-3.689319610595703,-8.02813720703125,3.4190273284912114,1.25,4.0,4.0,3.0466982126235966
08-18,21.685803413391113,-4.038396835327141,0.0,12.77179718017578,-3.989702224731445,-7.767765045166016,3.4190273284912114,1.25,4.0,4.0,2.9163454771041883
08-19,21.685803413391113,-4.038396835327141,0.0,12.77179718017578,-3.989702224731445,-7.021366119384767,3.4190273284912114,1.25,4.0,4.0,3.009645342826844
08-20,21.685803413391113,-4.038396835327141,0.0,12.77179718017578,-3.989702224731445,-7.021366119384767,2.5433082580566406,1.25,4.0,4.0,2.9001804590225237
08-21,21.685803413391113,-4.038396835327141,0.0,12.77179718017578,-3.989702224731445,-7.021366119384767,5.571060180664063,1.25,4.0,4.0,3.2786494493484506
08-22,21.685803413391113,-4.038396835327141,0.0,12.77179718017578,-2.5494060516357417,-8.644353866577145,5.571060180664063,1.25,4.0,4.0,3.255813002586366
08-23,21.685803413391113,-4.038396835327141,0.0,12.77179718017578,-3.327325820922855,-6.865140914916992,5.571060180664063,1.25,4.0,4.0,3.380974650382996
08-24,21.685803413391113,-4.038396835327141,0.0,12.77179718017578,-3.327325820922855,-7.516073226928714,5.571060180664063,1.25,4.0,4.0,3.2996081113815308
08-25,21.685803413391113,-4.038396835327141,0.0,0.9782028198242188,-3.327325820922855,-7.429281234741207,8.2913818359375,1.25,4.0,4.0,2.1762980222702035
08-26,21.685803413391113,-4.038396835327141,0.0,0.11711120605469105,-3.327325820922855,-7.307773590087888,8.2913818359375,1.25,4.0,4.0,2.0838500261306776
08-27,21.685803413391113,-4.038396835327141,0.0,1.8393039703369176,-3.327325820922855,-7.307773590087888,8.2913818359375,1.25,4.0,4.0,2.299124121665956
08-28,21.685803413391113,-4.038396835327141,0.0,1.8393039703369176,-3.327325820922855,-8.453409194946289,8.2913818359375,1.25,4.0,4.0,2.155919671058656
08-29,21.685803413391113,-4.038396835327141,0.0,1.8393039703369176,-3.327325820922855,-8.453409194946289,7.406349182128906,1.25,4.0,4.0,2.045290589332581
08-30,21.685803413391113,-4.038396835327141,0.0,1.8393039703369176,-3.327325820922855,-8.453409194946289,7.406349182128906,1.25,4.0,4.0,2.045290589332581
08-31,21.685803413391113,-4.038396835327141,0.0,1.8393039703369176,-3.327325820922855,-9.008871078491213,7.406349182128906,1.25,4.0,4.0,1.9758578538894664
09-01,21.685803413391113,-4.038396835327141,0.0,3.96105003356934,-3.327325820922855,-8.722461700439451,7.406349182128906,1.25,4.0,4.0,2.2768772840499887
09-02,21.685803413391113,-4.038396835327141,0.0,3.96105003356934,-3.327325820922855,-8.679065704345707,7.406349182128906,1.25,4.0,4.0,2.282301783561707
09-03,21.685803413391113,-5.862182617187492,0.0,3.96105003356934,-3.327325820922855,-8.679065704345707,7.406349182128906,-4.970001220703125,3.0,5.0,1.2768284082412724
09-04,21.685803413391113,-5.862182617187492,0.0,3.96105003356934,-3.327325820922855,-8.679065704345707,7.406349182128906,-4.970001220703125,3.0,5.0,1.2768284082412724
09-05,21.685803413391113,-5.862182617187492,0.0,3.96105003356934,-3.327325820922855,-8.314546585083008,7.406349182128906,-4.970001220703125,3.0,5.0,1.3223932981491098
09-06,21.685803413391113,-5.862182617187492,0.0,3.96105003356934,-3.327325820922855,-8.366619110107424,7.406349182128906,-4.970001220703125,3.0,5.0,1.3158842325210578
09-07,21.685803413391113,-5.862182617187492,0.0,3.96105003356934,-2.9653224945068395,-7.95002555847168,7.406349182128906,-4.970001220703125,3.0,5.0,1.4132088422775275
09-08,21.685803413391113,-5.862182617187492,0.0,0.1745529174804723,-3.0500469207763707,-7.95002555847168,7.406349182128906,-4.970001220703125,3.0,5.0,0.929306149482728
09-09,21.685803413391113,-5.862182617187492,0.0,0.1745529174804723,-3.0500469207763707,-8.97415542602539,7.406349182128906,-4.970001220703125,3.0,5.0,0.8012899160385141
09-10,21.685803413391113,-5.862182617187492,0.0,0.1745529174804723,-3.0500469207763707,-8.97415542602539,7.406349182128906,-4.970001220703125,3.0,5.0,0.8012899160385141
09-11,21.685803413391113,-5.862182617187492,0.0,0.1745529174804723,-3.0500469207763707,-7.22098350524902,7.406349182128906,-4.970001220703125,3.0,5.0,1.0204364061355604
09-12,21.685803413391113,-5.862182617187492,0.0,0.1745529174804723,-1.5173206329345739,-7.064760208129883,7.406349182128906,-4.970001220703125,3.0,5.0,1.2315551042556772
09-13,21.685803413391113,-5.862182617187492,0.0,0.1745529174804723,-1.5173206329345739,-5.945161819458008,5.664226531982423,-4.970001220703125,3.0,5.0,1.1537395715713508
09-14,21.685803413391113,-5.862182617187492,0.0,0.1745529174804723,-1.5173206329345739,-5.354986190795898,5.664226531982423,-4.970001220703125,3.0,5.0,1.2275115251541149
09-15,21.685803413391113,-5.862182617187492,0.0,0.1745529174804723,-1.5173206329345739,-7.654939651489254,5.664226531982423,-4.970001220703125,3.0,5.0,0.9400173425674452
09-16,21.685803413391113,-5.862182617187492,-6.4164886474609375,0.1745529174804723,-1.5173206329345739,-7.5073947906494105,5.664226531982423,-4.970001220703125,3.0,5.0,0.15639936923980846
09-17,21.685803413391113,-5.862182617187492,-5.591804504394531,0.1745529174804723,-2.9961261749267543,-7.5073947906494105,5.664226531982423,-4.970001220703125,3.0,5.0,0.0746341943740867
09-18,21.685803413391113,-5.862182617187492,-5.0956459045410085,0.1745529174804723,-2.9961261749267543,-6.708919525146484,12.99604034423828,-4.970001220703125,3.0,5.0,1.1529401540756252
09-19,21.685803413391113,-5.862182617187492,-5.551570892333976,0.1745529174804723,-2.9961261749267543,-6.9345760345458975,11.98989486694336,-4.970001220703125,3.0,5.0,0.941974282264712
09-20,21.685803413391113,-5.862182617187492,-6.8590087890625,0.1745529174804723,-2.9191055297851562,-7.13419342041016,11.98989486694336,-4.970001220703125,3.0,5.0,0.7632199525833139
09-21,21.685803413391113,-5.862182617187492,-6.8590087890625,0.1745529174804723,-4.821533203125,-7.13419342041016,11.98989486694336,-4.970001220703125,3.0,5.0,0.5254164934158334
09-22,21.685803413391113,-5.862182617187492,-6.8590087890625,0.1745529174804723,-4.652082443237305,-6.726280212402344,11.98989486694336,-4.970001220703125,3.0,5.0,0.5975869894027723
09-23,21.685803413391113,-5.862182617187492,-6.8590087890625,0.1745529174804723,-4.652082443237305,-6.726280212402344,11.98989486694336,-4.970001220703125,3.0,5.0,0.5975869894027723
09-24,21.685803413391113,-5.862182617187492,-6.8590087890625,0.1745529174804723,-3.1116600036621094,-6.726280212402344,11.98989486694336,-4.970001220703125,3.0,5.0,0.7901397943496717
09-25,21.685803413391113,-4.233798980712886,-6.8590087890625,0.1745529174804723,-3.1116600036621094,-6.726280212402344,11.98989486694336,-1.9000015258789065,3.0,5.0,1.3774377107620248
09-26,21.685803413391113,-4.233798980712886,-6.8590087890625,0.1745529174804723,-3.1116600036621094,-8.097572326660153,13.07988739013672,-1.9000015258789065,3.0,5.0,1.3422752618789686
09-27,21.685803413391113,-4.233798980712886,-6.8590087890625,0.1745529174804723,-6.369665145874031,-6.8825016021728525,13.07988739013672,-1.9000015258789065,3.0,5.0,1.0869084596633911
09-28,21.685803413391113,-4.233798980712886,-6.8590087890625,0.1745529174804723,-6.893411636352543,-6.24892616271973,13.07988739013672,-1.9000015258789065,3.0,5.0,1.1006370782852173
09-29,21.685803413391113,-4.233798980712886,-6.8590087890625,0.1745529174804723,-7.039751052856449,-5.78026008605957,13.07988739013672,-1.9000015258789065,3.0,5.0,1.140927910804749
09-30,21.685803413391113,-4.233798980712886,-6.8590087890625,0.1745529174804723,-4.960172653198253,-5.363662719726558,13.07988739013672,-1.9000015258789065,3.0,5.0,1.45294988155365
10-01,21.685803413391113,-4.233798980712886,-6.8590087890625,0.1745529174804723,-4.960172653198253,-5.363662719726558,13.07988739013672,-1.9000015258789065,3.0,5.0,1.45294988155365
10-02,21.685803413391113,-4.233798980712886,-6.8590087890625,0.1745529174804723,-4.960172653198253,-4.8949928283691335,13.07988739013672,-1.9000015258789065,3.0,5.0,1.5115336179733283
10-03,21.685803413391113,-4.233798980712886,-6.8590087890625,0.1745529174804723,-4.960172653198253,-6.1447792053222665,13.07988739013672,-1.9000015258789065,3.0,5.0,1.3553103208541866
10-04,21.685803413391113,-4.233798980712886,-6.8590087890625,0.1745529174804723,-4.960172653198253,-6.491941452026367,13.07988739013672,-1.9000015258789065,3.0,5.0,1.311915040016174
10-05,21.685803413391113,-4.233798980712886,-6.8590087890625,0.1745529174804723,-4.960172653198253,-5.3289489746093786,13.07988739013672,-1.9000015258789065,3.0,5.0,1.4572890996932977
10-06,21.685803413391113,-4.233798980712886,-6.8590087890625,0.1745529174804723,-2.5417003631591832,-5.945161819458008,13.07988739013672,-1.9000015258789065,3.0,5.0,1.6825715303421025
10-07,21.685803413391113,-4.233798980712886,-6.8590087890625,0.7089385986328125,-2.5417003631591832,-5.945161819458008,13.07988739013672,-1.9000015258789065,3.0,5.0,1.749369740486145
10-08,21.685803413391113,-4.233798980712886,-6.8590087890625,2.9343147277832067,-2.5417003631591832,-5.945161819458008,13.07988739013672,-1.9000015258789065,3.0,5.0,2.0275417566299443
10-09,21.685803413391113,-4.233798980712886,-6.8590087890625,2.9343147277832067,-2.5417003631591832,-6.1708164215087855,13.07988739013672,-1.9000015258789065,3.0,5.0,1.9993349313735969
10-10,21.685803413391113,-4.233798980712886,-6.818778991699227,2.9343147277832067,-2.5417003631591832,-7.34249114990234,13.07988739013672,-1.9000015258789065,3.0,5.0,1.857904314994812
10-11,21.685803413391113,-0.1954021453857457,-6.818778991699227,2.9343147277832067,-2.5417003631591832,-7.34249114990234,13.07988739013672,-1.9000015258789065,3.0,5.0,2.3627039194107047
10-12,21.685803413391113,-0.1954021453857457,-6.818778991699227,2.9343147277832067,-2.8343830108642543,-6.873823165893551,13.07988739013672,-1.9000015258789065,3.0,5.0,2.384702086448669
10-13,21.685803413391113,-0.1954021453857457,-6.818778991699227,2.9343147277832067,-2.618722915649414,-4.799526214599607,8.999408721923828,-1.9000015258789065,3.0,5.0,2.1608868837356563
10-14,21.685803413391113,-0.1954021453857457,-6.986400604248054,1.6667804718017614,-2.618722915649414,-5.554603576660156,8.999408721923828,-1.9000015258789065,3.0,5.0,1.8871077299118035
10-15,21.685803413391113,-0.1954021453857457,-6.986400604248054,1.915670394897461,-2.618722915649414,-5.554603576660156,8.999408721923828,-1.9000015258789065,3.0,5.0,1.918218970298765
10-16,21.685803413391113,-0.1954021453857457,-6.986400604248054,1.915670394897461,-2.618722915649414,-6.231569290161136,8.999408721923828,-1.9000015258789065,3.0,5.0,1.8335982561111432
10-17,21.685803413391113,-0.1954021453857457,-6.986400604248054,1.915670394897461,-0.7933158874511683,-6.075345993041992,8.999408721923828,-1.9000015258789065,3.0,5.0,2.081302046775817
10-18,21.685803413391113,-0.1954021453857457,-6.986400604248054,-12.80565071105957,-0.7933158874511683,-5.285551071166992,8.999408721923828,-1.9000015258789065,2.0,6.0,0.3398612737655631
10-19,21.685803413391113,-0.1954021453857457,-6.986400604248054,-12.80565071105957,-0.26957511901855113,-4.808204650878906,8.999408721923828,-1.9000015258789065,2.0,6.0,0.464997172355651
10-20,21.685803413391113,-0.1954021453857457,-6.986400604248054,-12.80565071105957,-1.1707267761230469,-3.2459716796875067,8.999408721923828,-1.9000015258789065,2.0,6.0,0.5476323366165139
10-21,21.685803413391113,-0.1954021453857457,-6.986400604248054,-12.80565071105957,-1.1707267761230469,-3.150499343872074,8.999408721923828,-1.9000015258789065,2.0,6.0,0.5595663785934429
10-22,21.685803413391113,-0.1954021453857457,-6.986400604248054,-6.674638748168945,-1.1707267761230469,-3.150499343872074,8.999408721923828,-1.9000015258789065,2.0,6.0,1.3259428739547712
10-23,21.685803413391113,-0.1954021453857457,-6.986400604248054,-6.674638748168945,-1.1707267761230469,-4.4089660644531286,8.999408721923828,-1.9000015258789065,2.0,6.0,1.1686345338821391
10-24,-1.0028114318847656,-0.1954021453857457,-6.986400604248054,-6.674638748168945,-1.1707267761230469,-3.00295639038086,8.999408721923828,-1.9000015258789065,1.0,7.0,-1.4916911125183117
10-25,-1.0028114318847656,-0.1954021453857457,-6.986400604248054,-6.674638748168945,-1.1707267761230469,-2.4908924102783203,8.999408721923828,-1.9000015258789065,1.0,7.0,-1.4276831150054945
10-26,-1.0028114318847656,-0.1954021453857457,-6.986400604248054,-4.5224647521972665,-1.1707267761230469,-0.7984752655029332,10.052135467529297,-1.9000015258789065,1.0,7.0,-0.8155183792114276
10-27,-1.0028114318847656,-0.1954021453857457,-6.986400604248054,-4.8299217224121085,-1.0860023498535156,0.2516918182373047,10.052135467529297,-1.9000015258789065,2.0,6.0,-0.7120890617370619
10-28,-1.0028114318847656,-0.1954021453857457,-6.986400604248054,-4.925083160400392,-0.3157863616943324,0.2516918182373047,10.052135467529297,0.0,2.0,6.0,-0.3902070522308359
10-29,-1.0028114318847656,-0.1954021453857457,-6.986400604248054,-6.3086204528808585,-0.3157863616943324,0.2516918182373047,10.052135467529297,0.0,2.0,6.0,-0.5631492137908944
10-30,0.0,-0.1954021453857457,-6.986400604248054,-6.3086204528808585,-0.3157863616943324,0.2516918182373047,10.052135467529297,0.0,2.0,6.0,-0.4377977848052987
10-31,0.0,-0.1954021453857457,-6.986400604248054,-6.3086204528808585,-0.3157863616943324,-0.6943244934082031,7.024383544921875,0.0,1.0,7.0,-0.9345188140869152
11-01,0.0,-0.1954021453857457,-6.986400604248054,-6.3086204528808585,-0.3157863616943324,-0.9460182189941406,7.024383544921875,0.0,1.0,7.0,-0.9659805297851572
11-02,0.0,-0.1954021453857457,-6.986400604248054,-6.3086204528808585,0.4621334075927805,-0.7377204895019496,7.024383544921875,0.0,2.0,6.0,-0.8427033424377441
11-03,0.0,-0.1954021453857457,-6.986400604248054,-6.3086204528808585,0.4621334075927805,-1.4754409790039062,7.024383544921875,0.0,2.0,6.0,-0.9349184036254888
11-04,0.0,-0.1954021453857457,-6.986400604248054,5.484973907470703,5.453111648559574,-1.4754409790039062,7.024383544921875,0.0,3.0,5.0,1.1631531715393058
11-05,0.0,-0.1954021453857457,-6.986400604248054,5.388526916503906,2.6341342926025355,-1.4754409790039062,7.024383544921875,0.0,3.0,5.0,0.7987251281738263
11-06,0.0,-0.1954021453857457,-6.986400604248054,5.388526916503906,2.6341342926025355,-1.4754409790039062,4.3040618896484375,0.0,3.0,5.0,0.4586849212646466
11-07,0.0,-0.1954021453857457,-6.986400604248054,5.388526916503906,2.6341342926025355,-1.5969486236572266,4.3040618896484375,0.0,3.0,5.0,0.4434964656829816
11-08,0.0,-0.1954021453857457,-6.986400604248054,3.66633415222168,2.6341342926025355,-1.5188369750976598,4.3040618896484375,0.0,3.0,5.0,0.23798632621764915
11-09,0.0,-0.1954021453857457,-6.986400604248054,3.66633415222168,6.053880691528324,-1.5361957550048828,4.3040618896484375,0.0,3.0,5.0,0.6632847785949698
11-10,0.0,-0.1954021453857457,-6.986400604248054,3.66633415222168,6.053880691528324,-1.4146862030029297,4.3040618896484375,0.0,3.0,5.0,0.678473472595214
11-11,0.0,-0.1954021453857457,-6.986400604248054,1.5445880889892578,6.053880691528324,-1.4146862030029297,4.3040618896484375,0.0,3.0,5.0,0.4132552146911612
11-12,0.0,-0.1954021453857457,-6.986400604248054,1.5445880889892578,6.053880691528324,-1.4146862030029297,4.3040618896484375,4.3040618896484375,4.0,4.0,0.9512629508972159
11-13,0.0,1.6283836364746058,-9.742073059082033,1.3103351593017578,6.053880691528324,-1.7010955810546875,4.3040618896484375,4.3040618896484375,5.0,3.0,0.7696943283081055
11-14,0.0,1.6283836364746058,-9.742073059082033,1.3103351593017578,6.053880691528324,-1.7444915771484342,4.3040618896484375,4.3040618896484375,5.0,3.0,0.7642698287963872
11-15,0.0,1.6283836364746058,-9.742073059082033,1.3103351593017578,4.105237960815433,0.9026222229003906,4.3040618896484375,4.3040618896484375,6.0,2.0,0.8515787124633789
11-16,0.0,1.6283836364746058,-9.742073059082033,1.3103351593017578,4.105237960815433,1.397327423095707,4.3040618896484375,4.3040618896484375,6.0,2.0,0.9134168624877934
11-17,0.0,1.6283836364746058,-9.742073059082033,2.5621109008789062,6.269540786743168,1.432046890258789,4.3040618896484375,4.3040618896484375,6.0,2.0,1.344766616821289
11-18,0.0,1.6283836364746058,-9.742073059082033,4.392192840576167,6.269540786743168,1.432046890258789,4.3040618896484375,4.3040618896484375,6.0,2.0,1.5735268592834468
11-19,0.0,1.6283836364746058,-9.742073059082033,4.392192840576167,5.722684860229496,1.432046890258789,4.3040618896484375,4.3040618896484375,6.0,2.0,1.5051698684692378
11-20,0.0,1.6283836364746058,-9.742073059082033,4.392192840576167,5.722684860229496,2.4561767578125,4.3040618896484375,4.3040618896484375,6.0,2.0,1.6331861019134517
11-21,0.0,1.6283836364746058,-9.742073059082033,4.392192840576167,5.722684860229496,1.8833580017089844,4.3040618896484375,4.3040618896484375,6.0,2.0,1.5615837574005125
11-22,0.0,1.6283836364746058,-9.742073059082033,4.392192840576167,5.722684860229496,1.8833580017089844,4.3040618896484375,4.3040618896484375,6.0,2.0,1.5615837574005125
11-23,0.0,1.6283836364746058,-9.742073059082033,4.077417373657223,5.722684860229496,1.8833580017089844,4.3040618896484375,4.3040618896484375,6.0,2.0,1.522236824035644
11-24,0.0,1.6283836364746058,-9.742073059082033,4.077417373657223,5.722684860229496,0.6335735321044922,4.3040618896484375,4.3040618896484375,6.0,2.0,1.3660137653350826
11-25,0.0,1.6283836364746058,-3.3255844116210938,2.86224555969238,3.604600906372074,0.6335735321044922,4.3040618896484375,4.3040618896484375,6.0,2.0,1.7514178752899163
11-26,0.0,1.6283836364746058,-4.1502685546875,2.8915290832519496,4.937070846557622,0.6335735321044922,4.3040618896484375,4.3040618896484375,6.0,2.0,1.818551540374756
11-27,0.0,1.6283836364746058,-4.1502685546875,2.584074020385738,4.937070846557622,1.0414905548095703,-3.027751922607422,-3.027751922607422,4.0,4.0,-0.00184416770935103
11-28,0.0,1.6283836364746058,-4.646427154541024,2.584074020385738,4.937070846557622,0.08679008483886719,-3.027751922607422,-3.027751922607422,4.0,4.0,-0.18320155143737926
11-29,0.0,1.6283836364746058,-4.646427154541024,2.584074020385738,3.843362808227543,0.31244659423828125,-3.027751922607422,-3.027751922607422,4.0,4.0,-0.2917079925537123
11-30,0.0,1.6283836364746058,-4.646427154541024,2.584074020385738,3.7663421630859446,0.9286613464355504,-3.027751922607422,-3.027751922607422,4.0,4.0,-0.22430872917175332
12-01,0.0,1.6283836364746058,-4.190502166748053,2.5181903839111293,5.668769836425788,0.8939456939697266,-3.027751922607422,-3.027751922607422,4.0,4.0,0.05791044235229404
12-02,0.0,1.6283836364746058,-2.8830642700195312,2.5181903839111293,5.499319076538093,1.293182373046875,-3.027751922607422,-3.027751922607422,4.0,4.0,0.250063419342041
12-03,0.0,1.6283836364746058,-2.8830642700195312,2.5181903839111293,5.499319076538093,1.293182373046875,-3.027751922607422,-3.027751922607422,4.0,4.0,0.250063419342041
12-04,0.0,1.6283836364746058,-2.8830642700195312,2.5181903839111293,5.499319076538093,1.293182373046875,-3.027751922607422,-3.027751922607422,4.0,4.0,0.250063419342041
12-05,0.0,0.0,-2.8830642700195312,2.5181903839111293,5.499319076538093,2.6644744873046844,-3.027751922607422,-3.027751922607422,3.0,5.0,0.2179269790649414
12-06,0.0,0.0,-2.8830642700195312,2.5181903839111293,3.9588966369628977,2.6644744873046844,-3.027751922607422,-3.027751922607422,3.0,5.0,0.025374174118041992
12-07,0.0,0.0,-2.8830642700195312,2.5181903839111293,5.699579238891609,1.6316642761230469,-3.027751922607422,-3.027751922607422,3.0,5.0,0.11385822296142625
12-08,0.0,0.0,-2.8830642700195312,2.5181903839111293,8.118043899536136,3.541059494018562,-0.18632125854492188,-0.18632125854492188,3.0,5.0,1.3651983737945566
12-09,0.0,0.0,-2.8830642700195312,3.0818576812744136,8.118043899536136,3.3935146331787145,-0.18632125854492188,-0.18632125854492188,3.0,5.0,1.4172136783599862
12-10,0.0,0.0,-2.8830642700195312,2.2107353210449183,5.268262863159184,3.3935146331787145,-0.18632125854492188,-0.18632125854492188,3.0,5.0,0.95210075378418
12-11,0.0,0.0,-2.8830642700195312,2.2107353210449183,5.268262863159184,3.4369125366210938,-0.18632125854492188,-0.18632125854492188,3.0,5.0,0.9575254917144777
12-12,0.0,0.0,-2.8830642700195312,2.2107353210449183,5.268262863159184,3.0203151702880824,-0.18632125854492188,-0.18632125854492188,3.0,5.0,0.9054508209228512
12-13,0.0,0.0,-2.8830642700195312,2.2107353210449183,5.268262863159184,2.907487869262696,-6.605155944824219,-6.605155944824219,3.0,5.0,-0.7133612632751465
12-14,0.0,0.0,-2.8830642700195312,2.2107353210449183,5.43770790100098,3.3327598571777344,-6.605155944824219,-6.605155944824219,3.0,5.0,-0.639021635055542
12-15,0.0,0.0,-2.8830642700195312,1.2151737213134728,5.43770790100098,3.26333045959473,-6.605155944824219,-6.605155944824219,3.0,5.0,-0.7721455097198482
12-16,0.0,0.0,-2.8830642700195312,1.2151737213134728,3.0192356109619105,3.26333045959473,-6.605155944824219,-6.605155944824219,3.0,5.0,-1.074454545974732
12-17,0.0,0.0,-6.651159286499027,0.8198738098144531,4.9139614105224565,3.26333045959473,-6.605155944824219,-6.605155944824219,3.0,5.0,-1.3580381870269782
12-18,0.0,0.0,-6.651159286499027,0.8198738098144531,4.9139614105224565,4.582548141479497,-6.605155944824219,-6.605155944824219,3.0,5.0,-1.1931359767913825
12-19,0.0,0.0,-5.7325992584228525,0.8198738098144531,4.9139614105224565,4.582548141479497,-6.605155944824219,-6.605155944824219,3.0,5.0,-1.0783159732818604
12-20,0.0,0.0,-5.7325992584228525,-1.4055023193359408,4.944768905639653,6.5613746643066415,-6.605155944824219,-6.605155944824219,2.0,6.0,-1.1052837371826172
12-21,0.0,0.0,-5.7325992584228525,-1.4055023193359408,4.944768905639653,6.057992935180664,-6.605155944824219,-6.605155944824219,2.0,6.0,-1.1682064533233645
12-22,0.0,0.0,-5.772829055786126,-1.4055023193359408,4.729108810424811,6.422512054443359,-6.605155944824219,-6.605155944824219,2.0,6.0,-1.1546277999877916
12-23,0.0,0.0,-4.3983440399169815,-1.0541248321533203,4.729108810424811,6.839105606079103,-6.605155944824219,-6.605155944824219,2.0,6.0,-0.8868207931518532
12-24,0.0,0.0,-4.3983440399169815,-1.3469390869140592,5.483911514282227,6.839105606079103,-2.524677276611328,-2.524677276611328,2.0,6.0,0.19104743003845392
12-26,0.0,0.0,-4.3983440399169815,-1.3469390869140592,5.483911514282227,7.689651489257816,-2.524677276611328,-2.524677276611328,2.0,6.0,0.29736566543579324
12-27,0.0,0.0,-4.3983440399169815,-1.3469390869140592,5.483911514282227,7.533428192138673,-13.294153213500982,-13.294153213500982,2.0,6.0,-2.414531230926513
12-28,0.0,0.0,-4.3983440399169815,-1.8373985290527344,4.790729522705078,8.401338577270508,-14.458675384521484,-14.458675384521484,2.0,6.0,-2.7451281547546373
12-29,0.0,0.0,-4.3983440399169815,-1.8373985290527344,4.659793853759767,8.366621017456056,-14.458675384521484,-14.458675384521484,2.0,6.0,-2.765834808349608
12-30,0.0,0.0,-4.3983440399169815,-2.5474700927734344,4.659793853759767,8.366621017456056,-14.458675384521484,-14.458675384521484,2.0,6.0,-2.854593753814695
12-31,0.0,0.0,-4.3983440399169815,-2.5108680725097656,4.659793853759767,8.366621017456056,-14.458675384521484,-14.458675384521484,2.0,6.0,-2.8500185012817365
