,2009,2010,2012,2013,2014,2015,2016,2017,2018,2019,2020,ups,downs,end_day_sum,avg
01-02,0.0,0.0,0.0,0.0,0.0,-1.0018298625946054,-0.1751500368118286,0.0,0.08406996726989746,0.0,-0.6152399778366089,1.0,7.0,03-17,-0.15528635545210412
01-03,0.0,0.0,0.0,0.0,0.0,-1.0018298625946054,-0.1751500368118286,0.0,0.08406996726989746,0.0,-0.6152399778366089,1.0,7.0,03-18,-0.15528635545210412
01-04,0.0,0.0,0.0,0.0,0.0,-1.0018298625946054,-0.1751500368118286,0.0,0.08406996726989746,0.0,-0.6152399778366089,1.0,7.0,03-19,-0.15528635545210412
01-05,0.0,0.0,0.0,0.0,0.0,-1.0018298625946054,-0.1751500368118286,0.0,0.08406996726989746,0.0,-0.6152399778366089,1.0,7.0,03-20,-0.15528635545210412
01-06,0.0,0.0,0.0,0.0,0.0,-1.0018298625946054,-0.1751500368118286,0.0,0.08406996726989746,0.0,-0.6152399778366089,1.0,7.0,03-21,-0.15528635545210412
01-07,0.0,0.0,0.0,0.0,0.0,-1.0018298625946054,-0.1751500368118286,0.0,0.08406996726989746,0.0,-0.6152399778366089,1.0,7.0,03-22,-0.15528635545210412
01-08,0.0,0.0,0.0,0.0,0.0,-1.0018298625946054,-0.1751500368118286,0.0,0.08406996726989746,0.0,-0.6152399778366089,1.0,7.0,03-23,-0.15528635545210412
01-09,0.0,0.0,0.0,0.0,0.0,-1.0018298625946054,-0.1751500368118286,0.0,0.08406996726989746,0.0,-0.6152399778366089,1.0,7.0,03-24,-0.15528635545210412
01-10,0.0,0.0,0.0,0.0,0.0,-1.0018298625946054,-0.1751500368118286,0.0,0.08406996726989746,0.0,-0.6152399778366089,1.0,7.0,03-25,-0.15528635545210412
01-11,0.0,0.0,0.0,0.0,0.0,-1.0018298625946054,-0.1751500368118286,0.0,0.08406996726989746,0.0,-0.6152399778366089,1.0,7.0,03-26,-0.15528635545210412
01-12,0.0,0.0,0.0,0.0,0.0,-1.0018298625946054,-0.1751500368118286,0.0,0.08406996726989746,0.0,-0.6152399778366089,1.0,7.0,03-27,-0.15528635545210412
01-13,0.0,0.0,0.0,0.0,0.0,-1.0018298625946054,-0.1751500368118286,0.0,0.08406996726989746,0.0,-0.6152399778366089,1.0,7.0,03-28,-0.15528635545210412
01-14,0.0,0.0,0.0,0.0,0.0,-1.0018298625946054,-0.1751500368118286,0.0,0.08406996726989746,0.0,-0.6152399778366089,1.0,7.0,03-29,-0.15528635545210412
01-15,0.0,0.0,0.0,0.0,0.0,-1.0018298625946054,-0.1751500368118286,0.0,0.08406996726989746,0.0,-0.6152399778366089,1.0,7.0,03-30,-0.15528635545210412
01-16,0.0,0.0,0.0,0.0,0.0,-1.0018298625946054,-0.1751500368118286,0.0,0.08406996726989746,0.0,-0.6152399778366089,1.0,7.0,03-31,-0.15528635545210412
01-17,0.0,0.0,0.0,0.0,0.0,-1.0018298625946054,-0.1751500368118286,0.0,0.08406996726989746,0.0,-0.6152399778366089,1.0,7.0,04-01,-0.15528635545210412
01-18,0.0,0.0,0.0,0.0,0.0,-1.0018298625946054,-0.1751500368118286,0.0,0.08406996726989746,0.0,-0.6152399778366089,1.0,7.0,04-02,-0.15528635545210412
01-19,0.0,0.0,0.0,0.0,0.0,-1.0018298625946054,-0.1751500368118286,0.0,0.0,0.0,-0.6152399778366089,0.0,8.0,04-03,-0.16292907974936754
01-20,0.0,0.0,0.0,0.0,0.0,-1.0018298625946054,-0.1751500368118286,0.0,0.0,0.0,-0.6152399778366089,0.0,8.0,04-04,-0.16292907974936754
01-21,0.0,0.0,0.0,0.0,0.0,-1.0018298625946054,-0.1751500368118286,0.0,0.0,0.0,-0.6152399778366089,0.0,8.0,04-05,-0.16292907974936754
01-22,0.0,0.0,0.0,0.0,0.0,-1.0018298625946054,-0.1751500368118286,0.0,0.0,0.0,-0.6152399778366089,0.0,8.0,04-06,-0.16292907974936754
01-23,0.0,0.0,0.0,0.0,0.0,-1.0018298625946054,-0.1751500368118286,0.0,0.0,0.0,-0.6152399778366089,0.0,8.0,04-07,-0.16292907974936754
01-24,0.0,0.0,0.0,0.0,0.0,-1.0018298625946054,-0.1751500368118286,0.0,0.0,0.0,-0.6152399778366089,0.0,8.0,04-08,-0.16292907974936754
01-25,0.0,0.0,0.0,0.0,0.0,-1.0018298625946054,-0.1751500368118286,0.0,0.0,0.0,-0.6152399778366089,0.0,8.0,04-09,-0.16292907974936754
01-26,0.0,0.0,0.0,0.0,0.0,-1.0018298625946054,-0.1751500368118286,0.0,0.0,0.0,-0.6152399778366089,0.0,8.0,04-10,-0.16292907974936754
01-27,0.0,0.0,0.0,0.0,0.0,-1.0018298625946054,-0.1751500368118286,0.0,0.0,0.0,-0.6152399778366089,0.0,8.0,04-11,-0.16292907974936754
01-28,0.0,0.0,0.0,0.0,0.0,-1.0018298625946054,-0.1751500368118286,0.0,0.0,0.0,-0.6152399778366089,0.0,8.0,04-12,-0.16292907974936754
01-29,0.0,0.0,0.0,0.0,0.0,-1.0018298625946054,-0.1751500368118286,0.0,0.0,0.0,-0.6152399778366089,0.0,8.0,04-13,-0.16292907974936754
01-30,0.0,0.0,0.0,0.0,0.0,-1.0018298625946054,-0.1751500368118286,0.0,0.0,0.0,-0.6152399778366089,0.0,8.0,04-14,-0.16292907974936754
01-31,0.0,0.0,0.0,0.0,0.0,-1.0018298625946054,-0.1751500368118286,0.0,0.0,0.0,-0.6152399778366089,0.0,8.0,04-15,-0.16292907974936754
02-01,0.0,0.0,0.0,0.0,0.0,-1.0018298625946054,-0.1751500368118286,0.0,0.0,0.0,-0.6152399778366089,0.0,8.0,04-16,-0.16292907974936754
02-02,0.0,0.0,0.0,0.0,0.0,-1.0018298625946054,-0.1751500368118286,0.0,0.0,0.0,-0.6152399778366089,0.0,8.0,04-17,-0.16292907974936754
02-03,0.0,0.0,0.0,0.0,0.0,0.0,-0.1751500368118286,0.0,0.0,0.0,-0.6152399778366089,0.0,8.0,04-18,-0.0718536376953125
02-04,0.0,0.0,0.0,0.0,0.0,0.0,-0.1751500368118286,0.0,0.0,0.0,-0.6152399778366089,0.0,8.0,04-19,-0.0718536376953125
02-05,0.0,0.0,0.0,0.0,0.0,0.0,-0.1751500368118286,0.0,0.0,0.0,-0.6152399778366089,0.0,8.0,04-20,-0.0718536376953125
02-06,0.0,0.0,0.0,0.0,0.7566301822662367,0.0,-0.1751500368118286,0.0,0.0,0.0,-0.6152399778366089,1.0,7.0,04-21,-0.003069075671109165
02-07,0.0,0.0,0.0,0.0,0.7566301822662367,0.0,-0.1751500368118286,0.0,0.0,0.0,-0.6152399778366089,1.0,7.0,04-22,-0.003069075671109165
02-08,0.0,0.0,0.0,0.0,0.7005798816680913,0.0,-0.1751500368118286,0.0,0.0,0.0,-0.6152399778366089,1.0,7.0,04-23,-0.008164557543667841
02-09,0.0,0.0,0.0,0.0,0.7005798816680913,0.0,-0.1751500368118286,0.0,0.0,0.0,-0.6152399778366089,1.0,7.0,04-24,-0.008164557543667841
02-10,0.0,0.0,0.0,0.0,0.7005798816680913,0.0,-0.1751500368118286,0.0,0.0,0.0,-0.6152399778366089,1.0,7.0,04-25,-0.008164557543667841
02-11,0.0,0.0,0.0,0.0,0.7005798816680913,0.0,-0.1751500368118286,0.0,0.0,0.0,-0.6152399778366089,1.0,7.0,04-26,-0.008164557543667841
02-12,0.0,0.0,0.0,0.0,0.7005798816680913,0.0,-0.1751500368118286,0.0,0.0,0.0,-0.6152399778366089,1.0,7.0,04-27,-0.008164557543667841
02-13,0.0,0.0,0.0,0.0,0.7005798816680913,0.0,-0.1751500368118286,0.0,0.0,0.0,-0.6152399778366089,1.0,7.0,04-28,-0.008164557543667841
02-14,0.0,0.0,0.0,0.0,0.7005798816680913,0.0,-0.1751500368118286,0.0,0.0,0.0,-0.6152399778366089,1.0,7.0,04-29,-0.008164557543667841
02-15,0.0,0.0,0.0,0.0,0.7005798816680913,0.0,-0.1751500368118286,0.0,0.0,0.0,-0.6152399778366089,1.0,7.0,04-30,-0.008164557543667841
02-16,0.0,0.0,0.0,0.0,0.7005798816680913,0.0,-0.1751500368118286,0.0,0.0,0.0,-0.6152399778366089,1.0,7.0,05-01,-0.008164557543667841
02-17,0.0,0.0,0.0,0.0,0.7005798816680913,0.0,-0.1751500368118286,0.0,0.0,0.0,-0.6152399778366089,1.0,7.0,05-02,-0.008164557543667841
02-18,0.0,0.0,0.0,0.0,0.7005798816680913,0.0,-0.1751500368118286,0.0,0.0,0.0,-0.6152399778366089,1.0,7.0,05-03,-0.008164557543667841
02-19,0.0,0.0,0.0,0.0,0.7005798816680913,0.0,-0.1751500368118286,0.0,0.0,0.0,-0.6152399778366089,1.0,7.0,05-04,-0.008164557543667841
02-20,0.0,0.0,0.0,0.0,0.7005798816680913,0.0,-0.1751500368118286,0.0,0.0,0.0,0.0,1.0,7.0,05-05,0.047766349532387516
02-21,0.0,0.0,0.0,0.0,0.7005798816680913,0.0,-0.1751500368118286,0.0,0.0,0.0,0.0,1.0,7.0,05-06,0.047766349532387516
02-22,0.0,0.0,0.0,0.0,0.7005798816680913,0.0,-0.1751500368118286,0.0,0.0,0.0,0.0,1.0,7.0,05-07,0.047766349532387516
02-23,0.0,0.0,0.0,0.0,0.7005798816680913,0.0,-0.1751500368118286,0.0,0.0,0.0,0.0,1.0,7.0,05-08,0.047766349532387516
02-24,0.0,0.0,0.0,0.0,0.7005798816680913,0.0,-0.3503000736236572,0.0,0.0,0.0,0.0,1.0,8.0,05-09,0.03184361891313037
02-25,0.0,0.0,0.0,0.0,0.7005798816680913,0.0,-0.1751500368118286,0.0,0.0,0.0,0.0,1.0,8.0,05-10,0.047766349532387516
02-26,0.0,0.0,0.0,0.0,0.7005798816680913,0.0,-0.1751500368118286,0.0,0.0,0.0,0.0,1.0,8.0,05-11,0.047766349532387516
02-27,0.0,0.0,0.0,0.0,0.7005798816680913,0.0,-0.1751500368118286,0.0,0.0,0.0,0.0,1.0,8.0,05-12,0.047766349532387516
02-28,0.0,0.0,0.0,0.0,0.7005798816680913,0.0,-0.1751500368118286,0.0,0.0,0.0,0.0,1.0,8.0,05-13,0.047766349532387516
02-29,0.0,0.0,0.0,0.0,0.0,0.0,-0.1751500368118286,0.0,0.0,0.0,0.0,0.0,2.0,05-14,-0.015922730619257145
03-01,0.0,0.0,0.0,0.0,0.7005798816680913,0.0,-0.1751500368118286,0.0,0.0,0.0,0.0,1.0,8.0,05-15,0.047766349532387516
03-02,0.0,0.0,0.0,0.0,0.7005798816680913,0.0,-0.1751500368118286,0.0,0.0,0.0,0.0,1.0,8.0,05-16,0.047766349532387516
03-03,0.0,0.0,0.0,0.0,0.7005798816680913,0.0,-0.1751500368118286,0.0,0.0,0.0,0.0,1.0,8.0,05-17,0.047766349532387516
03-04,0.0,0.0,0.0,0.0,0.7005798816680913,0.0,-0.1751500368118286,0.0,0.0,0.0,0.0,1.0,8.0,05-18,0.047766349532387516
03-05,0.0,0.0,0.0,0.0,0.7005798816680913,0.0,-0.1751500368118286,0.0,0.0,0.0,0.0,1.0,8.0,05-19,0.047766349532387516
03-06,0.0,0.0,0.0,0.0,0.7005798816680913,0.0,-0.1751500368118286,0.0,0.0,0.0,0.0,1.0,8.0,05-20,0.047766349532387516
03-07,0.0,0.0,0.0,0.0,0.7005798816680913,0.0,-0.1751500368118286,0.0,0.0,0.0,0.0,1.0,8.0,05-21,0.047766349532387516
03-08,0.0,0.0,0.0,0.0,0.7005798816680913,0.0,-0.1751500368118286,0.0,0.0,0.0,0.0,1.0,8.0,05-22,0.047766349532387516
03-09,0.0,0.0,0.0,0.0,0.7005798816680913,0.0,-0.1751500368118286,0.0,0.0,0.0,0.0,1.0,8.0,05-23,0.047766349532387516
03-10,0.0,0.0,0.0,0.0,0.7005798816680913,0.0,-0.1751500368118286,0.0,0.0,0.0,0.0,1.0,8.0,05-24,0.047766349532387516
03-11,0.0,0.0,0.0,0.0,0.7005798816680913,0.0,-0.1751500368118286,0.0,0.0,0.0,0.0,1.0,8.0,05-25,0.047766349532387516
03-12,0.0,0.0,0.0,0.0,0.7005798816680913,0.0,0.10509002208709717,0.0,0.0,0.0,0.0,2.0,7.0,05-26,0.07324271852319895
03-13,0.0,0.0,0.0,0.0,0.7005798816680913,0.0,0.10509002208709717,0.0,0.0,0.0,0.0,2.0,7.0,05-27,0.07324271852319895
03-14,0.0,0.0,0.0,0.0,0.7005798816680913,0.0,0.10509002208709717,0.0,0.0,0.0,0.0,2.0,7.0,05-28,0.07324271852319895
03-15,0.0,0.0,0.0,0.0,0.7005798816680913,0.0,0.10509002208709717,0.0,0.0,0.0,0.0,2.0,7.0,05-29,0.07324271852319895
03-16,0.0,0.0,0.0,0.0,0.7005798816680913,0.0,0.10509002208709717,0.0,0.0,0.0,0.0,2.0,7.0,05-30,0.07324271852319895
03-17,0.0,0.0,0.0,0.0,0.7005798816680913,0.0,0.10509002208709717,0.0,0.0,0.0,0.0,2.0,7.0,05-31,0.07324271852319895
03-18,0.0,0.0,0.0,0.0,0.7005798816680913,0.0,0.10509002208709717,0.0,0.0,0.0,0.0,2.0,7.0,06-01,0.07324271852319895
03-19,0.0,0.0,0.0,0.0,0.7005798816680913,0.0,0.10509002208709717,0.0,0.0,0.0,0.0,2.0,7.0,06-02,0.07324271852319895
03-20,0.0,0.0,0.0,0.0,0.7005798816680913,0.0,0.10509002208709717,0.0,0.0,0.0,0.0,2.0,7.0,06-03,0.07324271852319895
03-21,0.0,0.0,0.0,0.0,0.7005798816680913,0.0,0.10509002208709717,0.0,0.0,0.0,0.0,2.0,7.0,06-04,0.07324271852319895
03-22,0.0,0.0,0.0,0.0,0.7005798816680913,0.0,0.10509002208709717,1.7514600753784182,0.0,0.0,0.0,3.0,6.0,06-05,0.2324663617394188
03-23,0.0,0.0,0.0,0.0,0.7005798816680913,0.0,0.10509002208709717,1.7514600753784182,0.0,0.0,0.0,3.0,6.0,06-06,0.2324663617394188
03-24,0.0,0.0,0.0,0.0,0.7005798816680913,0.0,0.10509002208709717,1.7514600753784182,0.0,0.0,0.0,3.0,6.0,06-07,0.2324663617394188
03-25,0.0,0.0,0.0,0.0,0.7005798816680913,0.0,0.10509002208709717,1.7514600753784182,0.0,0.0,0.0,3.0,6.0,06-08,0.2324663617394188
03-26,0.0,0.0,0.0,0.0,0.7005798816680913,0.0,-0.3502900600433352,1.7514600753784182,0.0,0.0,0.0,2.0,7.0,06-09,0.191068172454834
03-27,0.0,0.0,0.0,0.0,1.0508801937103276,0.0,-0.3502900600433352,1.7514600753784182,0.0,0.0,0.0,2.0,7.0,06-10,0.2229136553677646
03-28,0.0,0.0,0.0,0.0,1.0508801937103276,0.0,-0.3502900600433352,1.7514600753784182,0.0,0.0,0.0,2.0,7.0,06-11,0.2229136553677646
03-29,0.0,0.0,0.0,0.0,1.0508801937103276,0.0,-0.3502900600433352,1.7514600753784182,0.0,0.0,0.0,2.0,7.0,06-12,0.2229136553677646
03-30,0.0,0.0,0.0,0.0,1.0508801937103276,0.0,-0.3502900600433352,1.7514600753784182,0.0,0.0,0.0,2.0,7.0,06-13,0.2229136553677646
03-31,0.0,0.0,0.0,0.0,1.0508801937103276,0.0,-0.3502900600433352,1.7514600753784182,0.0,0.0,0.0,2.0,7.0,06-14,0.2229136553677646
04-01,0.0,0.0,0.0,0.0,1.0508801937103276,0.0,-0.3502900600433352,1.7514600753784182,0.0,0.0,0.0,2.0,7.0,06-15,0.2229136553677646
04-02,0.0,0.0,0.0,0.0,1.0508801937103276,0.0,-0.3502900600433352,1.7514600753784182,0.0,0.0,0.0,2.0,7.0,06-16,0.2229136553677646
04-03,0.0,0.0,0.0,0.0,1.0508801937103276,0.0,-0.3502900600433352,1.7514600753784182,0.0,0.0,0.0,2.0,7.0,06-17,0.2229136553677646
04-04,0.0,0.0,0.0,0.0,1.0508801937103276,0.0,-0.3502900600433352,1.7514600753784182,0.0,0.0,0.0,2.0,8.0,06-18,0.2229136553677646
04-05,0.0,0.0,0.0,0.0,1.0508801937103276,0.0,-0.3502900600433352,1.7514600753784182,0.0,0.0,0.0,2.0,8.0,06-19,0.2229136553677646
04-06,0.0,0.0,0.0,0.0,1.0508801937103276,0.0,-0.3502900600433352,1.7514600753784182,0.0,0.0,0.0,2.0,8.0,06-20,0.2229136553677646
04-07,0.0,0.0,0.0,0.0,1.0508801937103276,0.0,-0.3502900600433352,1.7514600753784182,0.0,0.0,0.0,2.0,8.0,06-21,0.2229136553677646
04-08,0.0,0.0,0.0,0.0,1.0508801937103276,0.0,-0.3502900600433352,1.7514600753784182,0.0,0.0,0.0,2.0,8.0,06-22,0.2229136553677646
04-09,0.0,0.0,0.0,0.0,1.0508801937103276,0.0,-0.3502900600433352,1.7514600753784182,0.0,0.0,0.0,2.0,8.0,06-23,0.2229136553677646
04-10,0.0,0.0,0.0,0.0,1.0508801937103276,0.0,-0.3502900600433352,1.7514600753784182,0.0,0.0,0.0,2.0,8.0,06-24,0.2229136553677646
04-11,0.0,0.0,0.0,0.0,1.0508801937103276,0.0,-0.3502900600433352,1.7514600753784182,0.0,0.0,0.0,2.0,8.0,06-25,0.2229136553677646
04-12,0.0,0.0,0.0,0.0,1.0508801937103276,0.0,-0.3502900600433352,1.7514600753784182,0.0,0.0,0.0,2.0,8.0,06-26,0.2229136553677646
04-13,0.0,0.0,0.0,0.0,1.0508801937103276,0.0,-0.3502900600433352,1.7514600753784182,0.0,0.0,0.0,2.0,8.0,06-27,0.2229136553677646
04-14,0.0,0.0,0.0,0.0,1.0508801937103276,0.0,-0.3502900600433352,1.7514600753784182,0.0,0.0,0.0,2.0,8.0,06-28,0.2229136553677646
04-15,0.0,0.0,0.0,0.0,1.0508801937103276,0.0,-0.3502900600433352,1.7514600753784182,0.0,0.0,0.0,2.0,8.0,06-29,0.2229136553677646
04-16,0.0,0.0,0.0,0.0,1.0508801937103276,0.0,-0.3502900600433352,1.7514600753784182,0.0,0.0,0.0,2.0,8.0,06-30,0.2229136553677646
04-17,0.0,0.0,0.0,0.0,0.2942500114440909,0.0,-0.3502900600433352,1.7514600753784182,0.0,0.0,0.0,2.0,8.0,07-01,0.15412909334356126
04-18,0.0,0.0,0.0,0.0,0.2942500114440909,0.0,-0.3502900600433352,1.7514600753784182,0.0,0.0,0.0,2.0,8.0,07-02,0.15412909334356126
04-19,0.0,0.0,0.0,0.0,0.2942500114440909,0.0,-0.3502900600433352,1.7514600753784182,0.0,0.0,0.0,2.0,8.0,07-03,0.15412909334356126
04-20,0.0,0.0,0.0,0.0,0.2942500114440909,0.0,-0.3502900600433352,1.7514600753784182,0.0,0.0,0.0,2.0,8.0,07-04,0.15412909334356126
04-21,0.0,0.0,0.0,0.0,0.2942500114440909,0.0,-0.3502900600433352,1.7514600753784182,0.0,0.0,0.0,2.0,8.0,07-05,0.15412909334356126
04-22,0.0,0.0,0.0,0.0,0.35030031204223633,0.0,-0.3502900600433352,1.7514600753784182,0.0,0.0,0.0,2.0,8.0,07-06,0.15922457521611993
04-23,0.0,0.0,0.0,0.0,0.35030031204223633,0.0,-0.3502900600433352,1.7514600753784182,0.0,0.0,0.0,2.0,8.0,07-07,0.15922457521611993
04-24,0.0,0.0,0.0,0.0,0.35030031204223633,0.0,-0.3502900600433352,1.7514600753784182,0.0,0.0,0.0,2.0,8.0,07-08,0.15922457521611993
04-25,0.0,0.0,0.0,0.0,0.35030031204223633,0.0,-0.3502900600433352,1.7514600753784182,0.0,0.0,0.0,2.0,8.0,07-09,0.15922457521611993
04-26,0.0,0.0,0.0,0.0,0.35030031204223633,0.0,-0.3502900600433352,1.7514600753784182,0.0,0.0,0.0,2.0,8.0,07-10,0.15922457521611993
04-27,0.0,0.0,0.0,0.0,0.35030031204223633,0.0,-0.3502900600433352,1.7514600753784182,0.0,0.0,0.0,2.0,8.0,07-11,0.15922457521611993
04-28,0.0,0.0,0.0,0.0,0.35030031204223633,0.0,-0.3502900600433352,1.7514600753784182,0.0,0.0,0.0,2.0,8.0,07-12,0.15922457521611993
04-29,0.0,0.0,0.0,0.0,0.35030031204223633,0.0,-0.3502900600433352,1.7514600753784182,0.0,0.0,0.0,2.0,9.0,07-13,0.15922457521611993
04-30,0.0,0.0,0.0,0.0,0.35030031204223633,0.0,-0.3502900600433352,1.7514600753784182,0.0,0.0,0.0,2.0,9.0,07-14,0.15922457521611993
05-01,0.0,0.0,0.0,0.0,0.35030031204223633,0.0,-0.3502900600433352,1.7514600753784182,0.0,0.0,0.0,2.0,9.0,07-15,0.15922457521611993
05-02,0.0,-0.5254297256469731,0.0,0.0,0.35030031204223633,0.0,-0.3502900600433352,1.7514600753784182,0.0,0.0,0.0,2.0,9.0,07-16,0.11145823652094056
05-03,0.0,-0.5254297256469731,0.0,0.0,0.35030031204223633,0.0,-0.3502900600433352,1.7514600753784182,0.0,0.0,0.0,2.0,9.0,07-17,0.11145823652094056
05-04,0.0,-0.5254297256469731,0.0,0.0,0.35030031204223633,0.0,-0.3502900600433352,1.7514600753784182,0.0,0.0,0.0,2.0,9.0,07-18,0.11145823652094056
05-05,0.0,-0.5254297256469731,0.0,0.0,0.35030031204223633,0.0,-0.17514002323150654,1.7514600753784182,0.0,0.0,0.0,2.0,9.0,07-19,0.12738096714019773
05-06,0.0,-0.5254297256469731,0.0,0.0,0.35030031204223633,0.0,-0.17514002323150654,1.7514600753784182,0.0,0.0,0.0,2.0,9.0,07-20,0.12738096714019773
05-07,0.0,-0.5254297256469731,0.0,0.0,0.35030031204223633,0.0,-0.17514002323150654,1.7514600753784182,0.0,0.0,0.0,2.0,9.0,07-21,0.12738096714019773
05-08,0.0,-0.5254297256469731,0.0,0.0,0.35030031204223633,0.0,-0.17514002323150654,1.7514600753784182,0.0,0.0,-0.8699000047708978,2.0,9.0,07-22,0.04829914852466155
05-09,0.0,-0.5254297256469731,0.0,0.0,0.35030031204223633,0.0,-0.17514002323150654,1.7514600753784182,0.0,0.0,-0.8699000047708978,2.0,9.0,07-23,0.04829914852466155
05-10,0.0,-0.5254297256469731,0.0,0.0,0.35030031204223633,0.0,-0.17514002323150654,1.7514600753784182,0.0,0.0,-0.8699000047708978,2.0,9.0,07-24,0.04829914852466155
05-11,0.0,0.0,0.0,0.0,0.35030031204223633,0.0,-0.17514002323150654,1.7514600753784182,0.0,0.0,-0.8699000047708978,2.0,9.0,07-25,0.09606548721984093
05-12,0.0,0.0,0.0,0.0,0.35030031204223633,0.0,-0.17514002323150654,1.7514600753784182,0.0,0.0,-0.8699000047708978,2.0,9.0,07-26,0.09606548721984093
05-13,0.0,0.0,0.0,0.0,0.35030031204223633,0.0,-0.17514002323150654,1.7514600753784182,0.0,0.0,-0.8699000047708978,2.0,9.0,07-27,0.09606548721984093
05-14,0.0,0.0,0.0,0.0,0.35030031204223633,0.0,-0.17514002323150654,1.7514600753784182,0.0,0.0,-0.8699000047708978,2.0,9.0,07-28,0.09606548721984093
05-15,0.0,0.0,0.0,0.0,0.35030031204223633,0.0,-0.17514002323150654,1.7514600753784182,0.0,0.0,-0.8699000047708978,2.0,9.0,07-29,0.09606548721984093
05-16,0.0,0.0,0.0,0.0,0.35030031204223633,0.0,-0.17514002323150654,1.7514600753784182,0.0,0.0,-0.8699000047708978,2.0,9.0,07-30,0.09606548721984093
05-17,0.0,0.0,0.0,0.0,0.35030031204223633,-0.4203600883483887,-0.17514002323150654,1.7514600753784182,0.0,0.0,-0.8699000047708978,2.0,9.0,07-31,0.05785093373362377
05-18,0.0,0.0,0.0,0.0,0.35030031204223633,-0.4203600883483887,-0.17514002323150654,1.7514600753784182,0.0,0.0,-0.8699000047708978,2.0,9.0,08-01,0.05785093373362377
05-19,0.0,0.0,0.0,0.0,0.35030031204223633,-0.4203600883483887,-0.17514002323150654,1.7514600753784182,0.0,0.0,-0.8699000047708978,2.0,9.0,08-02,0.05785093373362377
05-20,0.0,0.0,0.0,0.0,0.35030031204223633,-0.4203600883483887,-0.17514002323150654,1.7514600753784182,0.0,0.0,-0.8699000047708978,2.0,9.0,08-03,0.05785093373362377
05-21,0.0,0.0,0.0,0.0,0.35030031204223633,-0.4203600883483887,-0.17514002323150654,1.7514600753784182,0.0,0.0,-0.8699000047708978,2.0,9.0,08-04,0.05785093373362377
05-22,0.0,0.0,0.0,0.0,0.35030031204223633,-0.4203600883483887,-0.17514002323150654,1.7514600753784182,0.0,0.0,-0.8699000047708978,2.0,9.0,08-05,0.05785093373362377
05-23,0.0,0.0,0.0,0.0,0.35030031204223633,-0.4203600883483887,-0.17514002323150654,1.7514600753784182,0.0,0.0,-0.8699000047708978,2.0,9.0,08-06,0.05785093373362377
05-24,0.0,0.0,0.0,0.0,0.35030031204223633,-0.4203600883483887,-0.4553800821304324,1.7514600753784182,0.0,0.0,-0.8699000047708978,2.0,9.0,08-07,0.032374564742812334
05-25,0.0,0.0,0.0,0.0,0.35030031204223633,-0.4203600883483887,-0.4553800821304324,1.7514600753784182,0.0,0.0,-0.8699000047708978,2.0,9.0,08-08,0.032374564742812334
05-26,0.0,0.0,0.0,0.0,0.35030031204223633,-0.4203600883483887,-0.4553800821304324,1.7514600753784182,0.0,0.0,-0.8699000047708978,2.0,9.0,08-09,0.032374564742812334
05-27,0.0,0.0,0.0,0.0,0.35030031204223633,-0.4203600883483887,-0.4553800821304324,1.7514600753784182,0.0,0.0,-0.8699000047708978,2.0,9.0,08-10,0.032374564742812334
05-28,0.0,0.0,0.0,0.0,0.35030031204223633,-0.4203600883483887,-0.4553800821304324,1.7514600753784182,0.0,0.0,-0.8699000047708978,2.0,9.0,08-11,0.032374564742812334
05-29,0.0,0.0,0.0,0.0,0.35030031204223633,-0.4203600883483887,-0.4553800821304324,1.7514600753784182,0.0,0.0,-0.8699000047708978,2.0,9.0,08-12,0.032374564742812334
05-30,0.0,0.0,0.0,0.0,0.35030031204223633,-0.4203600883483887,-0.4553800821304324,1.7514600753784182,0.0,0.0,-0.8699000047708978,2.0,9.0,08-13,0.032374564742812334
05-31,0.0,0.0,0.0,0.0,0.35030031204223633,-0.4203600883483887,-0.4553800821304324,1.7514600753784182,0.0,0.0,-0.8699000047708978,2.0,9.0,08-14,0.032374564742812334
06-01,0.0,0.0,0.0,0.0,0.35030031204223633,-0.4203600883483887,-0.4553800821304324,0.0,0.0,0.0,-0.8699000047708978,1.0,10.0,08-15,-0.1268490784734075
06-02,0.0,0.0,0.0,0.0,0.35030031204223633,-0.4203600883483887,-0.4553800821304324,0.0,0.0,0.0,-0.8699000047708978,1.0,10.0,08-16,-0.1268490784734075
06-03,0.0,0.0,0.0,0.0,0.35030031204223633,-0.4203600883483887,-0.4553800821304324,0.0,0.0,0.0,-0.8699000047708978,1.0,10.0,08-17,-0.1268490784734075
06-04,0.0,0.0,0.0,0.0,0.35030031204223633,-0.4203600883483887,-0.4553800821304324,0.0,0.0,0.0,-0.8699000047708978,1.0,10.0,08-18,-0.1268490784734075
06-05,0.0,0.0,0.0,0.0,0.35030031204223633,-0.4203600883483887,-0.4553800821304324,0.0,0.0,0.0,-0.8699000047708978,1.0,10.0,08-19,-0.1268490784734075
06-06,0.0,0.0,0.0,0.0,0.0,-0.4203600883483887,-0.4553800821304324,0.0,0.0,0.0,-0.8699000047708978,0.0,11.0,08-20,-0.15869456138633808
06-07,0.0,0.0,0.0,0.0,0.0,-0.4203600883483887,0.0,0.0,0.0,0.0,-0.8699000047708978,0.0,11.0,08-21,-0.11729637210175332
06-08,0.0,0.0,0.0,0.0,0.0,-0.4203600883483887,0.0,0.0,0.0,0.0,-0.8699000047708978,0.0,11.0,08-22,-0.11729637210175332
06-09,0.0,0.0,0.0,0.0,0.0,-0.4203600883483887,0.0,0.0,0.0,0.0,-0.8699000047708978,0.0,11.0,08-23,-0.11729637210175332
06-10,0.0,0.0,0.0,0.0,0.0,-0.4203600883483887,0.0,0.0,0.0,0.0,-0.8699000047708978,0.0,11.0,08-24,-0.11729637210175332
06-11,0.0,0.0,0.0,0.0,0.0,-0.4203600883483887,0.0,0.0,0.0,0.0,-0.8699000047708978,0.0,11.0,08-25,-0.11729637210175332
06-12,0.0,0.0,0.0,0.0,0.0,-0.4203600883483887,0.0,0.0,0.0,0.0,-0.8699000047708978,0.0,11.0,08-26,-0.11729637210175332
06-13,0.0,0.0,0.0,0.0,0.0,-0.4203600883483887,0.0,0.0,0.0,0.0,-0.8699000047708978,0.0,11.0,08-27,-0.11729637210175332
06-14,0.0,0.0,0.0,0.0,0.0,-0.4203600883483887,0.0,0.0,0.0,0.0,-0.8699000047708978,0.0,11.0,08-28,-0.11729637210175332
06-15,0.0,0.0,0.0,0.0,0.0,-0.4203600883483887,0.0,0.0,0.0,0.0,-0.8699000047708978,0.0,11.0,08-29,-0.11729637210175332
06-16,0.0,0.0,0.0,0.0,0.0,-0.4203600883483887,0.0,0.0,0.0,0.0,-0.8699000047708978,0.0,11.0,08-30,-0.11729637210175332
06-17,0.0,0.0,0.0,0.0,0.0,-0.4203600883483887,0.0,0.0,0.0,0.0,-0.8699000047708978,0.0,11.0,08-31,-0.11729637210175332
06-18,0.0,0.0,0.0,0.0,0.0,-0.4203600883483887,0.0,0.0,0.0,0.0,-0.8699000047708978,0.0,11.0,09-01,-0.11729637210175332
06-19,0.0,0.0,0.0,0.0,0.0,-0.4203600883483887,0.0,0.0,0.0,0.0,-0.8699000047708978,0.0,11.0,09-02,-0.11729637210175332
06-20,0.0,0.0,0.0,0.0,0.0,-0.4203600883483887,0.0,0.0,0.0,0.0,-0.8699000047708978,0.0,11.0,09-03,-0.11729637210175332
06-21,0.0,0.0,0.0,0.0,0.0,-0.4203600883483887,0.0,0.0,0.0,0.0,-0.8699000047708978,0.0,11.0,09-04,-0.11729637210175332
06-22,0.0,0.0,0.0,0.0,0.0,-0.4203600883483887,0.0,0.0,0.0,0.0,-0.8699000047708978,0.0,11.0,09-05,-0.11729637210175332
06-23,0.0,0.0,0.0,0.0,0.0,-0.4203600883483887,0.0,0.0,0.0,0.0,-0.8699000047708978,0.0,11.0,09-06,-0.11729637210175332
06-24,0.0,0.0,0.0,0.0,0.0,-0.4203600883483887,0.0,0.0,0.0,0.0,-0.8699000047708978,0.0,11.0,09-07,-0.11729637210175332
06-25,0.0,0.0,0.0,0.0,0.0,-0.4203600883483887,0.0,0.0,0.0,0.0,-0.8699000047708978,0.0,11.0,09-08,-0.11729637210175332
06-26,0.0,0.0,0.0,0.0,0.0,-0.4203600883483887,0.0,0.0,0.0,0.0,-0.8699000047708978,0.0,11.0,09-09,-0.11729637210175332
06-27,0.0,0.0,0.0,0.0,0.0,-0.4203600883483887,0.0,0.0,0.0,0.0,-0.8699000047708978,0.0,11.0,09-10,-0.11729637210175332
06-28,0.0,0.0,0.0,0.0,0.0,-0.4203600883483887,0.0,0.0,0.0,0.0,-0.8699000047708978,0.0,11.0,09-11,-0.11729637210175332
06-29,0.0,0.0,0.0,0.0,0.0,-0.4203600883483887,0.0,0.0,0.0,0.0,-0.8699000047708978,0.0,11.0,09-12,-0.11729637210175332
06-30,0.0,0.0,0.0,0.0,0.0,-0.4203600883483887,0.0,0.0,0.0,0.0,-0.8699000047708978,0.0,11.0,09-13,-0.11729637210175332
07-01,0.0,0.0,0.0,0.0,0.0,-0.4203600883483887,0.0,0.0,0.0,0.0,-0.8699000047708978,0.0,11.0,09-14,-0.11729637210175332
07-02,0.0,0.0,0.0,0.0,0.0,-0.4203600883483887,0.0,0.0,0.0,0.0,-0.8699000047708978,0.0,11.0,09-15,-0.11729637210175332
07-03,0.0,0.0,0.0,0.0,0.0,-0.4203600883483887,0.0,0.0,0.0,0.0,-0.8699000047708978,0.0,11.0,09-16,-0.11729637210175332
07-05,0.0,0.0,0.0,0.0,0.0,-0.4203600883483887,0.0,0.0,0.0,0.0,-0.8699000047708978,0.0,11.0,09-18,-0.11729637210175332
07-06,0.0,0.0,0.0,0.0,0.0,-0.4203600883483887,0.0,0.0,0.0,0.0,-0.8699000047708978,0.0,11.0,09-19,-0.11729637210175332
07-07,0.0,0.0,0.0,0.0,0.0,-0.4203600883483887,0.0,0.0,0.0,0.0,-0.8699000047708978,0.0,11.0,09-20,-0.11729637210175332
07-08,0.0,0.0,0.0,0.0,0.0,-0.4203600883483887,0.0,0.0,0.0,0.0,-0.8699000047708978,0.0,11.0,09-21,-0.11729637210175332
07-09,0.0,0.0,0.0,0.0,0.0,-0.4203600883483887,0.0,0.0,0.0,0.0,-0.8699000047708978,0.0,11.0,09-22,-0.11729637210175332
07-10,0.0,0.0,0.0,0.0,0.0,-0.4203600883483887,0.0,0.0,0.0,0.0,-0.8699000047708978,0.0,11.0,09-23,-0.11729637210175332
07-11,0.0,0.0,0.0,0.0,0.0,-0.4203600883483887,0.0,0.0,0.0,0.0,-0.8699000047708978,0.0,11.0,09-24,-0.11729637210175332
07-12,0.0,0.0,0.0,0.0,0.0,-0.4203600883483887,0.0,0.0,0.0,0.0,-0.8699000047708978,0.0,11.0,09-25,-0.11729637210175332
07-13,0.0,0.0,0.0,0.0,0.0,-0.4203600883483887,0.0,0.0,0.0,0.0,-0.8699000047708978,0.0,11.0,09-26,-0.11729637210175332
07-14,0.0,0.0,0.0,0.0,0.0,-0.4203600883483887,0.0,0.0,0.0,0.0,-0.8699000047708978,0.0,11.0,09-27,-0.11729637210175332
07-15,0.0,0.0,0.0,0.0,0.0,-0.4203600883483887,0.0,0.0,0.0,0.0,-0.8699000047708978,0.0,11.0,09-28,-0.11729637210175332
07-16,0.0,0.0,0.0,0.0,0.0,-0.4203600883483887,0.0,0.0,0.0,0.0,0.6299999952316284,1.0,10.0,09-29,0.0190581733530218
07-17,0.0,0.0,0.0,0.0,0.0,-0.4203600883483887,0.0,0.0,0.0,0.0,0.6299999952316284,1.0,10.0,09-30,0.0190581733530218
07-18,0.0,0.0,0.0,0.0,0.0,-0.4203600883483887,0.0,0.0,0.0,0.0,1.4999000000025262,1.0,10.0,10-01,0.09813999196855797
07-19,0.0,0.0,0.0,0.0,0.0,-0.4203600883483887,0.0,0.0,0.0,0.0,1.4999000000025262,1.0,10.0,10-02,0.09813999196855797
07-20,0.0,0.0,0.0,0.0,0.0,-0.4203600883483887,0.0,0.0,0.0,0.0,1.4999000000025262,1.0,10.0,10-03,0.09813999196855797
07-21,0.0,0.0,0.0,0.0,0.0,-0.4203600883483887,0.0,0.0,0.0,0.0,1.4999000000025262,1.0,10.0,10-04,0.09813999196855797
07-22,0.0,0.0,0.0,0.0,0.0,-0.4203600883483887,0.0,0.0,0.0,0.0,1.4999000000025262,1.0,10.0,10-05,0.09813999196855797
07-23,0.0,0.0,0.0,0.0,0.0,-0.4203600883483887,0.0,0.0,0.0,0.0,1.4999000000025262,1.0,10.0,10-06,0.09813999196855797
07-24,0.0,0.0,0.0,0.0,0.0,-0.4203600883483887,0.0,0.0,0.0,0.0,1.4999000000025262,1.0,10.0,10-07,0.09813999196855797
07-25,0.0,0.0,0.0,0.0,0.0,-0.4203600883483887,0.0,0.0,0.0,0.0,1.4999000000025262,1.0,10.0,10-08,0.09813999196855797
07-26,0.0,0.0,0.0,0.0,0.0,-0.4203600883483887,0.0,0.0,0.0,0.0,1.4999000000025262,1.0,10.0,10-09,0.09813999196855797
07-27,0.0,0.0,0.0,0.0,0.0,-0.4203600883483887,0.0,0.0,0.0,0.0,1.4999000000025262,1.0,10.0,10-10,0.09813999196855797
07-28,0.0,0.0,0.0,0.0,0.0,-0.4203600883483887,0.0,0.0,0.0,0.0,1.4999000000025262,1.0,10.0,10-11,0.09813999196855797
07-29,0.0,0.0,0.0,0.0,0.0,0.0,0.0,0.0,0.0,0.0,1.4999000000025262,1.0,10.0,10-12,0.1363545454547751
07-30,0.0,0.0,0.0,0.0,0.0,0.0,0.0,0.0,0.0,0.0,1.4999000000025262,1.0,10.0,10-13,0.1363545454547751
07-31,0.0,0.0,0.0,0.0,0.0,0.0,0.0,0.0,0.0,0.0,1.4999000000025262,1.0,10.0,10-14,0.1363545454547751
08-01,0.0,0.0,0.0,0.0,0.0,0.0,0.0,0.0,0.0,0.0,1.4999000000025262,1.0,10.0,10-15,0.1363545454547751
08-02,0.0,0.0,0.0,0.0,0.0,0.0,0.0,0.0,0.0,0.0,1.4999000000025262,1.0,10.0,10-16,0.1363545454547751
08-03,0.0,0.0,0.0,0.0,0.0,0.0,0.0,0.0,0.0,0.0,1.4999000000025262,1.0,10.0,10-17,0.1363545454547751
08-04,0.0,0.0,0.0,0.0,0.0,0.0,0.0,0.0,0.0,0.0,1.4999000000025262,1.0,10.0,10-18,0.1363545454547751
08-05,0.0,0.0,0.0,0.0,0.0,0.0,0.0,0.0,0.0,0.0,1.4999000000025262,1.0,10.0,10-19,0.1363545454547751
08-06,0.0,0.0,0.0,0.0,0.0,0.0,0.0,0.0,0.0,0.0,1.4999000000025262,1.0,10.0,10-20,0.1363545454547751
08-07,0.0,0.0,0.0,0.0,0.0,0.0,0.0,0.0,0.0,0.0,1.4999000000025262,1.0,10.0,10-21,0.1363545454547751
08-08,0.0,0.0,0.0,0.0,0.0,0.0,0.0,0.0,0.0,0.0,1.4999000000025262,1.0,10.0,10-22,0.1363545454547751
08-09,0.0,0.0,0.0,0.0,0.0,0.0,0.0,0.0,0.0,0.0,1.4999000000025262,1.0,10.0,10-23,0.1363545454547751
08-10,0.0,0.0,0.0,0.0,0.0,0.0,0.0,0.0,0.0,0.0,1.4999000000025262,1.0,10.0,10-24,0.1363545454547751
08-11,0.0,0.0,0.0,0.0,0.0,0.0,0.0,0.0,0.0,0.0,1.4999000000025262,1.0,10.0,10-25,0.1363545454547751
08-12,0.0,0.0,0.0,0.0,0.0,0.0,0.0,0.0,0.0,0.0,1.4999000000025262,1.0,10.0,10-26,0.1363545454547751
08-13,0.0,0.0,0.0,0.0,0.0,0.0,0.0,0.0,0.0,0.0,1.4999000000025262,1.0,10.0,10-27,0.1363545454547751
08-14,0.0,0.0,0.0,0.0,0.0,0.0,0.0,0.0,0.0,0.0,1.4999000000025262,1.0,10.0,10-28,0.1363545454547751
08-15,0.0,0.0,0.0,0.0,0.0,0.0,0.0,0.0,0.0,0.0,1.4999000000025262,1.0,10.0,10-29,0.1363545454547751
08-16,0.0,0.0,0.0,0.0,0.0,0.0,0.0,0.0,0.0,0.0,1.4999000000025262,1.0,10.0,10-30,0.1363545454547751
08-17,0.0,0.0,0.0,0.0,0.0,0.0,0.0,0.0,0.0,0.0,1.4999000000025262,1.0,10.0,10-31,0.1363545454547751
08-18,0.0,0.0,0.0,0.0,0.0,0.0,0.0,0.0,0.0,0.0,1.4999000000025262,1.0,10.0,11-01,0.1363545454547751
08-19,0.0,0.0,0.0,0.0,0.0,0.0,0.0,0.0,0.0,0.0,1.4999000000025262,1.0,10.0,11-02,0.1363545454547751
08-20,0.0,0.0,0.0,0.0,0.0,0.0,0.0,0.0,0.0,0.0,1.4999000000025262,1.0,10.0,11-03,0.1363545454547751
08-21,0.0,0.0,0.0,0.0,0.0,0.0,0.0,0.0,0.0,0.0,1.4999000000025262,1.0,10.0,11-04,0.1363545454547751
08-22,0.0,0.0,0.0,0.0,0.0,0.0,0.0,0.0,0.0,0.0,1.4999000000025262,1.0,10.0,11-05,0.1363545454547751
08-23,0.0,0.0,0.0,0.0,-0.3993401527404776,0.0,0.0,0.0,0.0,0.0,1.4999000000025262,1.0,10.0,11-06,0.10005089520564077
08-24,0.0,0.0,0.0,0.0,-0.3993401527404776,0.0,0.0,0.0,0.0,0.0,1.4999000000025262,1.0,10.0,11-07,0.10005089520564077
08-25,0.0,0.0,0.0,0.0,-0.3993401527404776,0.0,0.0,0.0,0.0,0.0,1.4999000000025262,1.0,10.0,11-08,0.10005089520564077
08-26,0.0,0.0,0.0,0.0,-0.3993401527404776,0.0,0.0,0.0,0.0,0.0,1.4999000000025262,1.0,10.0,11-09,0.10005089520564077
08-27,0.0,0.0,0.0,0.0,-0.3993401527404776,0.0,0.0,0.0,0.0,0.0,1.4999000000025262,1.0,10.0,11-10,0.10005089520564077
08-28,0.0,0.0,0.0,0.0,-0.3993401527404776,0.0,0.0,0.0,0.0,0.0,1.4999000000025262,1.0,10.0,11-11,0.10005089520564077
08-29,0.0,0.0,0.0,0.0,-0.3993401527404776,0.0,0.0,0.0,0.0,0.0,1.4999000000025262,1.0,10.0,11-12,0.10005089520564077
08-30,0.0,0.0,0.0,0.0,-0.3993401527404776,0.0,0.0,0.0,0.0,0.0,1.4999000000025262,1.0,10.0,11-13,0.10005089520564077
08-31,0.0,0.0,0.0,0.0,-0.3993401527404776,0.0,0.0,0.0,0.0,0.0,1.4999000000025262,1.0,10.0,11-14,0.10005089520564077
09-01,0.0,0.0,0.0,0.0,-0.3993401527404776,0.0,0.0,0.0,0.0,0.0,1.4999000000025262,1.0,10.0,11-15,0.10005089520564077
09-02,0.0,0.0,0.0,0.0,-0.3993401527404776,0.0,0.0,0.0,0.0,0.0,1.4999000000025262,1.0,10.0,11-16,0.10005089520564077
09-03,0.0,0.0,0.0,0.0,-0.3993401527404776,0.0,0.0,0.0,0.0,0.0,1.4999000000025262,1.0,10.0,11-17,0.10005089520564077
09-04,0.0,0.0,0.0,0.0,-0.3993401527404776,0.0,0.0,0.0,0.0,0.0,1.4999000000025262,1.0,10.0,11-18,0.10005089520564077
09-05,0.0,0.0,0.0,0.0,-0.3993401527404776,0.0,0.0,0.0,0.0,0.0,1.4999000000025262,1.0,9.0,11-19,0.10005089520564077
09-06,0.0,0.0,0.0,0.0,-0.3993401527404776,0.0,0.0,0.0,0.0,0.0,1.4999000000025262,1.0,9.0,11-20,0.10005089520564077
09-07,0.0,0.0,0.0,0.0,-0.3993401527404776,0.0,0.0,0.0,0.0,0.0,1.4999000000025262,1.0,9.0,11-21,0.10005089520564077
09-08,0.0,0.0,0.0,0.0,-0.3993401527404776,0.0,0.0,-1.401170015335083,0.0,0.0,1.4999000000025262,1.0,9.0,11-22,-0.027328197097548586
09-09,0.0,0.0,0.0,0.0,-0.3993401527404776,0.0,0.0,-1.401170015335083,0.0,0.0,1.4999000000025262,1.0,9.0,11-23,-0.027328197097548586
09-10,0.0,0.0,0.0,0.0,-0.3993401527404776,0.0,0.0,-1.401170015335083,0.0,0.0,1.4999000000025262,1.0,9.0,11-24,-0.027328197097548586
09-11,0.0,0.0,0.0,0.0,-0.3993401527404776,0.0,0.0,-1.401170015335083,0.0,0.0,1.4999000000025262,1.0,9.0,11-25,-0.027328197097548586
09-12,0.0,0.0,0.0,0.0,-0.3993401527404776,0.0,0.0,-1.401170015335083,0.0,0.0,1.4999000000025262,1.0,9.0,11-26,-0.027328197097548586
09-13,0.0,0.0,0.0,0.0,-0.3993401527404776,0.0,0.0,-1.401170015335083,0.0,0.0,1.4999000000025262,1.0,9.0,11-27,-0.027328197097548586
09-14,0.0,0.0,0.0,0.0,-0.3993401527404776,0.0,0.0,-1.401170015335083,0.0,0.0,1.4999000000025262,1.0,9.0,11-28,-0.027328197097548586
09-15,0.0,0.0,0.0,0.0,-0.3993401527404776,0.0,0.0,-1.401170015335083,0.0,0.0,1.4999000000025262,1.0,9.0,11-29,-0.027328197097548586
09-16,0.0,0.0,0.0,0.0,-0.3993401527404776,0.0,0.0,-1.401170015335083,0.0,0.0,1.4999000000025262,1.0,9.0,11-30,-0.027328197097548586
09-17,0.0,0.0,0.0,0.0,-0.3993401527404776,0.0,0.0,-1.401170015335083,0.0,0.0,1.4999000000025262,1.0,8.0,12-01,-0.027328197097548586
09-18,0.0,0.0,0.0,0.0,-0.3993401527404776,0.0,0.0,-1.401170015335083,0.0,0.0,1.4999000000025262,1.0,8.0,12-02,-0.027328197097548586
09-19,0.0,0.0,0.0,0.0,-0.3993401527404776,0.0,0.0,-1.401170015335083,0.0,0.0,1.4999000000025262,1.0,8.0,12-03,-0.027328197097548586
09-20,0.0,0.0,0.0,0.0,-0.3993401527404776,0.0,0.0,-1.401170015335083,0.0,0.0,1.4999000000025262,1.0,8.0,12-04,-0.027328197097548586
09-21,0.0,0.0,0.0,0.0,-0.3993401527404776,0.0,0.0,-1.401170015335083,0.0,0.0,1.4999000000025262,1.0,8.0,12-05,-0.027328197097548586
09-22,0.0,0.0,0.0,0.0,-0.3993401527404776,0.0,0.0,-1.401170015335083,0.0,0.0,1.4999000000025262,1.0,8.0,12-06,-0.027328197097548586
09-23,0.0,0.0,0.0,0.0,-0.3993401527404776,0.0,0.0,-1.401170015335083,0.0,0.0,1.4999000000025262,1.0,8.0,12-07,-0.027328197097548586
09-24,0.0,0.0,0.0,0.0,-0.3993401527404776,0.0,0.0,-1.401170015335083,0.0,0.0,1.4999000000025262,1.0,8.0,12-08,-0.027328197097548586
09-25,0.0,0.0,0.0,0.0,-0.3993401527404776,0.0,0.0,-1.401170015335083,0.0,0.0,0.0,0.0,9.0,12-09,-0.1636827425523237
09-26,0.0,0.0,0.0,0.0,-0.3993401527404776,0.0,0.0,-1.401170015335083,0.0,0.0,0.0,0.0,9.0,12-10,-0.1636827425523237
09-27,0.0,0.0,0.0,0.0,-0.3993401527404776,0.0,0.0,-1.401170015335083,0.0,0.0,0.0,0.0,9.0,12-11,-0.1636827425523237
09-28,0.0,0.0,0.0,0.0,-0.3993401527404776,0.0,0.0,-1.401170015335083,0.0,0.0,0.0,0.0,9.0,12-12,-0.1636827425523237
09-29,0.0,0.0,0.0,0.0,-0.3993401527404776,0.0,0.0,-1.401170015335083,0.0,0.0,0.0,0.0,9.0,12-13,-0.1636827425523237
09-30,0.0,0.0,0.0,0.0,-0.3993401527404776,0.0,0.0,-1.401170015335083,0.0,0.0,0.0,0.0,9.0,12-14,-0.1636827425523237
10-01,0.0,0.0,0.0,0.0,-0.3993401527404776,0.0,0.0,-1.401170015335083,0.0,0.0,0.0,0.0,9.0,12-15,-0.1636827425523237
10-02,0.0,0.0,0.0,0.0,-0.3993401527404776,0.0,0.0,-1.401170015335083,0.0,0.0,0.0,0.0,9.0,12-16,-0.1636827425523237
10-03,0.0,0.0,0.0,0.0,-0.3993401527404776,0.0,0.0,-1.401170015335083,0.0,0.0,0.0,0.0,9.0,12-17,-0.1636827425523237
10-04,0.0,0.0,0.0,0.0,-0.3993401527404776,0.0,0.0,-1.401170015335083,0.0,0.0,0.0,0.0,9.0,12-18,-0.1636827425523237
10-05,0.0,0.0,0.0,0.0,-0.3993401527404776,0.0,0.0,-1.401170015335083,0.0,0.0,0.0,0.0,9.0,12-19,-0.1636827425523237
10-06,0.0,0.0,0.0,0.0,-0.3993401527404776,0.0,0.0,-1.401170015335083,0.0,0.0,0.0,0.0,9.0,12-20,-0.1636827425523237
10-07,0.0,0.0,0.0,0.0,-0.3993401527404776,0.0,0.0,-1.401170015335083,0.0,0.0,0.0,0.0,9.0,12-21,-0.1636827425523237
10-08,0.0,0.0,0.0,0.0,-0.3993401527404776,-1.155959963798523,0.0,-1.401170015335083,0.0,0.0,0.0,0.0,9.0,12-22,-0.26877001198855305
10-09,0.0,0.0,0.0,0.0,-0.3993401527404776,-1.155959963798523,0.0,-1.401170015335083,0.0,0.0,0.0,0.0,9.0,12-23,-0.26877001198855305
10-10,0.0,0.0,0.0,0.0,-0.3993401527404776,-1.155959963798523,0.0,-1.401170015335083,0.0,0.0,0.0,0.0,9.0,12-24,-0.26877001198855305
10-11,0.0,0.0,0.0,0.0,-0.3993401527404776,-1.155959963798523,0.0,-1.401170015335083,0.0,0.0,0.0,0.0,9.0,12-25,-0.26877001198855305
10-12,0.0,0.0,0.0,0.0,-0.3993401527404776,-1.155959963798523,0.0,-1.401170015335083,0.0,0.0,0.0,0.0,9.0,12-26,-0.26877001198855305
10-13,0.0,0.0,0.0,0.0,-0.3993401527404776,-1.155959963798523,0.0,-1.401170015335083,0.0,0.0,0.0,0.0,9.0,12-27,-0.26877001198855305
10-14,0.0,0.0,0.0,0.0,-0.3993401527404776,-1.155959963798523,0.0,-1.401170015335083,0.0,0.0,0.0,0.0,9.0,12-28,-0.26877001198855305
10-15,0.0,0.0,0.0,0.0,-0.3993401527404776,-1.155959963798523,0.0,-1.401170015335083,0.0,0.0,0.0,0.0,9.0,12-29,-0.26877001198855305
10-16,0.0,0.0,0.0,0.0,-0.3993401527404776,-1.155959963798523,0.0,-1.401170015335083,0.0,0.0,0.0,0.0,9.0,12-30,-0.26877001198855305
10-17,0.0,0.0,0.0,0.0,-0.3993401527404776,-1.155959963798523,0.0,-1.401170015335083,0.0,0.0,0.0,0.0,9.0,12-31,-0.26877001198855305
10-18,0.0,0.0,0.0,0.0,-0.3993401527404776,-1.155959963798523,0.0,-1.401170015335083,0.0,0.0,0.0,0.0,9.0,01-01,-0.26877001198855305
10-19,0.0,0.0,0.0,0.0,-0.3993401527404776,-1.155959963798523,0.0,-1.401170015335083,0.0,0.0,0.0,0.0,9.0,01-02,-0.26877001198855305
10-20,0.0,0.0,0.0,0.0,-0.3993401527404776,-1.155959963798523,0.0,-1.401170015335083,0.0,0.0,0.0,0.0,9.0,01-03,-0.26877001198855305
10-21,0.0,0.0,0.0,0.0,-0.3993401527404776,-1.155959963798523,0.0,-1.401170015335083,0.0,0.0,0.0,0.0,9.0,01-04,-0.26877001198855305
10-22,0.0,0.0,0.0,0.0,-0.3993401527404776,-1.155959963798523,0.0,-1.401170015335083,0.0,0.0,0.0,0.0,9.0,01-05,-0.26877001198855305
10-23,0.0,0.0,0.0,0.0,-0.3993401527404776,-1.155959963798523,0.0,-1.401170015335083,0.0,0.0,0.0,0.0,9.0,01-06,-0.26877001198855305
10-24,0.0,0.0,0.0,0.0,-0.3993401527404776,-1.155959963798523,0.0,-1.401170015335083,0.0,0.0,0.0,0.0,9.0,01-07,-0.26877001198855305
10-25,0.0,0.0,0.0,0.0,-0.3993401527404776,-1.155959963798523,0.0,-1.401170015335083,0.0,0.0,0.0,0.0,9.0,01-08,-0.26877001198855305
10-26,0.0,0.0,0.0,0.0,-0.3993401527404776,-1.155959963798523,0.0,-1.401170015335083,0.0,0.0,0.0,0.0,9.0,01-09,-0.26877001198855305
10-27,0.0,0.0,0.0,0.0,-0.3993401527404776,-1.155959963798523,0.0,-1.401170015335083,0.0,0.0,0.0,0.0,9.0,01-10,-0.26877001198855305
10-28,0.0,0.0,0.0,0.0,-0.3993401527404776,-1.155959963798523,0.0,-1.401170015335083,0.0,0.0,0.0,0.0,9.0,01-11,-0.26877001198855305
10-29,0.0,0.0,0.0,0.0,-0.3993401527404776,-1.155959963798523,0.0,-1.401170015335083,0.0,0.0,0.0,0.0,9.0,01-12,-0.26877001198855305
10-30,0.0,0.0,0.0,0.0,-0.3993401527404776,-1.155959963798523,0.0,-1.401170015335083,0.0,0.0,0.0,0.0,9.0,01-13,-0.26877001198855305
10-31,0.0,0.0,0.0,0.0,-0.3993401527404776,-1.155959963798523,0.0,-1.401170015335083,0.0,0.0,0.0,0.0,9.0,01-14,-0.26877001198855305
11-01,0.0,0.0,0.0,0.0,-0.3993401527404776,-1.155959963798523,0.0,-1.401170015335083,0.0,0.0,0.0,0.0,9.0,01-15,-0.26877001198855305
11-02,0.0,0.0,0.0,0.0,-0.3993401527404776,-1.155959963798523,0.0,-1.401170015335083,0.0,0.0,0.0,0.0,9.0,01-16,-0.26877001198855305
11-03,0.0,0.0,0.0,0.0,-0.3993401527404776,-1.155959963798523,0.0,-1.401170015335083,0.0,0.0,0.0,0.0,9.0,01-17,-0.26877001198855305
11-04,0.0,0.0,0.0,0.0,0.0,-1.155959963798523,0.0,-1.401170015335083,0.0,0.0,0.0,0.0,9.0,01-18,-0.2324663617394188
11-05,0.0,0.0,0.0,0.0,0.0,-1.155959963798523,0.0,-1.401170015335083,0.0,0.0,0.0,0.0,9.0,01-19,-0.2324663617394188
11-06,0.0,0.0,0.0,0.0,0.0,-1.155959963798523,0.0,-1.401170015335083,0.0,0.0,0.0,0.0,9.0,01-20,-0.2324663617394188
11-07,0.0,0.0,0.0,0.0,0.0,-1.155959963798523,0.0,-1.401170015335083,0.0,0.0,0.0,0.0,9.0,01-21,-0.2324663617394188
11-08,0.0,0.0,0.0,0.0,0.0,-1.155959963798523,0.0,-1.401170015335083,0.0,0.0,0.0,0.0,9.0,01-22,-0.2324663617394188
11-09,0.0,0.0,0.0,0.0,0.0,-1.155959963798523,0.0,-1.3171000480651855,0.0,0.0,0.0,0.0,9.0,01-23,-0.2248236374421553
11-10,0.0,0.0,0.0,0.0,0.0,-1.155959963798523,0.0,-1.3171000480651855,0.0,0.0,0.0,0.0,9.0,01-24,-0.2248236374421553
11-11,0.0,0.0,0.0,0.0,0.0,-1.155959963798523,0.0,-1.3171000480651855,0.0,0.0,0.0,0.0,9.0,01-25,-0.2248236374421553
11-12,0.0,0.0,0.0,0.0,0.0,-1.155959963798523,0.0,-1.3171000480651855,0.0,0.0,0.0,0.0,9.0,01-26,-0.2248236374421553
11-13,0.0,0.0,0.0,0.0,0.0,-1.155959963798523,0.0,-1.3171000480651855,0.0,0.0,0.0,0.0,8.0,01-27,-0.2248236374421553
11-14,0.0,0.0,0.0,0.0,0.0,-1.155959963798523,0.0,-1.3171000480651855,0.0,0.0,0.0,0.0,8.0,01-28,-0.2248236374421553
11-15,0.0,0.0,0.0,0.0,0.0,-1.155959963798523,0.0,-1.3171000480651855,0.0,0.0,0.0,0.0,8.0,01-29,-0.2248236374421553
11-16,0.0,0.0,0.0,0.0,0.0,-1.155959963798523,0.0,-1.3171000480651855,0.0,0.0,0.0,0.0,8.0,01-30,-0.2248236374421553
11-17,0.0,0.0,0.0,0.0,0.0,-1.155959963798523,0.0,-1.3171000480651855,0.0,0.0,0.0,0.0,8.0,01-31,-0.2248236374421553
11-18,0.0,0.0,0.0,0.0,0.0,-1.155959963798523,0.0,0.08406996726989746,0.0,0.0,0.0,1.0,7.0,02-01,-0.09744454513896596
11-19,0.0,0.0,0.0,0.0,0.0,-1.155959963798523,0.0,0.08406996726989746,0.0,0.0,0.0,1.0,7.0,02-02,-0.09744454513896596
11-20,0.0,0.0,0.0,0.0,0.0,-1.155959963798523,0.0,0.08406996726989746,0.0,0.0,0.0,1.0,7.0,02-03,-0.09744454513896596
11-21,0.0,0.0,0.0,0.0,0.0,-1.155959963798523,0.0,0.08406996726989746,0.0,0.0,0.0,1.0,7.0,02-04,-0.09744454513896596
11-22,0.0,0.0,0.0,0.0,-1.0018298625946054,-1.155959963798523,0.0,0.08406996726989746,0.0,0.0,0.0,1.0,7.0,02-05,-0.18851998719302104
11-23,0.0,0.0,0.0,0.0,-1.0018298625946054,-1.155959963798523,0.0,0.08406996726989746,0.0,0.0,0.0,1.0,7.0,02-06,-0.18851998719302104
11-24,0.0,0.0,0.0,0.0,-1.0018298625946054,-1.155959963798523,0.0,0.08406996726989746,0.0,0.0,0.0,1.0,7.0,02-07,-0.18851998719302104
11-25,0.0,0.0,0.0,0.0,-1.0018298625946054,-1.155959963798523,0.0,0.08406996726989746,0.0,0.0,0.0,1.0,7.0,02-08,-0.18851998719302104
11-26,0.0,0.0,0.0,0.0,-1.0018298625946054,-1.155959963798523,0.0,0.08406996726989746,0.0,0.0,0.0,1.0,7.0,02-09,-0.18851998719302104
11-27,0.0,0.0,0.0,0.0,-1.0018298625946054,-1.155959963798523,0.0,0.08406996726989746,0.0,0.0,0.0,1.0,7.0,02-10,-0.18851998719302104
11-28,0.0,0.0,0.0,0.0,-1.0018298625946054,-1.155959963798523,0.0,0.08406996726989746,0.0,0.0,0.0,1.0,7.0,02-11,-0.18851998719302104
11-29,0.0,0.0,0.0,0.0,-1.0018298625946054,-1.155959963798523,0.0,0.08406996726989746,0.0,0.0,0.0,1.0,7.0,02-12,-0.18851998719302104
11-30,0.0,0.0,0.0,0.0,-1.0018298625946054,-1.155959963798523,0.0,0.08406996726989746,0.0,0.0,0.0,1.0,7.0,02-13,-0.18851998719302104
12-01,0.0,0.0,0.0,0.0,-1.0018298625946054,-1.155959963798523,0.0,0.08406996726989746,0.0,0.0,0.0,1.0,7.0,02-14,-0.18851998719302104
12-02,0.0,0.0,0.0,0.0,-1.0018298625946054,-1.155959963798523,0.0,0.08406996726989746,0.0,0.0,0.0,1.0,7.0,02-15,-0.18851998719302104
12-03,0.0,0.0,0.0,0.0,-1.0018298625946054,-1.155959963798523,0.0,0.08406996726989746,0.0,0.0,0.0,1.0,7.0,02-16,-0.18851998719302104
12-04,0.0,0.0,0.0,0.0,-1.0018298625946054,-1.155959963798523,0.0,0.08406996726989746,0.0,0.0,0.0,1.0,7.0,02-17,-0.18851998719302104
12-05,0.0,0.0,0.0,0.0,-1.0018298625946054,-1.155959963798523,0.0,0.08406996726989746,0.0,0.0,0.0,1.0,7.0,02-18,-0.18851998719302104
12-06,0.0,0.0,0.0,0.0,-1.0018298625946054,-1.155959963798523,0.0,0.08406996726989746,0.0,0.0,0.0,1.0,7.0,02-19,-0.18851998719302104
12-07,0.0,0.0,0.0,0.0,-1.0018298625946054,-1.155959963798523,0.0,0.08406996726989746,0.0,0.0,0.0,1.0,7.0,02-20,-0.18851998719302104
12-08,0.0,0.0,0.0,0.0,-1.0018298625946054,-1.155959963798523,0.0,0.08406996726989746,0.0,0.0,0.0,1.0,7.0,02-21,-0.18851998719302104
12-09,0.0,0.0,0.0,0.0,-1.0018298625946054,-1.155959963798523,0.0,0.08406996726989746,0.0,0.0,0.0,1.0,7.0,02-22,-0.18851998719302104
12-10,0.0,0.0,0.0,0.0,-1.0018298625946054,-1.155959963798523,0.0,0.08406996726989746,0.0,0.0,0.0,1.0,7.0,02-23,-0.18851998719302104
12-11,0.0,0.0,0.0,0.0,-1.0018298625946054,-1.155959963798523,0.0,0.08406996726989746,0.0,-0.6152399778366089,0.0,1.0,7.0,02-24,-0.24445089426907635
12-12,0.0,0.0,0.0,0.0,-1.0018298625946054,-1.155959963798523,0.0,0.08406996726989746,0.0,-0.6152399778366089,0.0,1.0,7.0,02-25,-0.24445089426907635
12-13,0.0,0.0,0.0,0.0,-1.0018298625946054,-1.155959963798523,0.0,0.08406996726989746,0.0,-0.6152399778366089,0.0,1.0,7.0,02-26,-0.24445089426907635
12-14,0.0,0.0,0.0,0.0,-1.0018298625946054,-1.155959963798523,0.0,0.08406996726989746,0.0,-0.6152399778366089,0.0,1.0,7.0,02-27,-0.24445089426907635
12-15,0.0,0.0,0.0,0.0,-1.0018298625946054,-1.155959963798523,0.0,0.08406996726989746,0.0,-0.6152399778366089,0.0,1.0,7.0,02-28,-0.24445089426907635
12-16,0.0,0.0,0.0,0.0,-1.0018298625946054,-1.3311100006103516,0.0,0.08406996726989746,0.0,-0.6152399778366089,0.0,1.0,7.0,03-01,-0.2603736248883335
12-17,0.0,0.0,0.0,0.0,-1.0018298625946054,-1.3311100006103516,0.0,0.08406996726989746,0.0,-0.6152399778366089,0.0,1.0,7.0,03-02,-0.2603736248883335
12-18,0.0,0.0,0.0,0.0,-1.0018298625946054,-0.1751500368118286,0.0,0.08406996726989746,0.0,-0.6152399778366089,0.0,1.0,7.0,03-03,-0.15528635545210412
12-19,0.0,0.0,0.0,0.0,-1.0018298625946054,-0.1751500368118286,0.0,0.08406996726989746,0.0,-0.6152399778366089,0.0,1.0,7.0,03-04,-0.15528635545210412
12-20,0.0,0.0,0.0,0.0,-1.0018298625946054,-0.1751500368118286,0.0,0.08406996726989746,0.0,-0.6152399778366089,0.0,1.0,7.0,03-05,-0.15528635545210412
12-21,0.0,0.0,0.0,0.0,-1.0018298625946054,-0.1751500368118286,0.0,0.08406996726989746,0.0,-0.6152399778366089,0.0,1.0,7.0,03-06,-0.15528635545210412
12-22,0.0,0.0,0.0,0.0,-1.0018298625946054,-0.1751500368118286,0.0,0.08406996726989746,0.0,-0.6152399778366089,0.0,1.0,7.0,03-07,-0.15528635545210412
12-23,0.0,0.0,0.0,0.0,-1.0018298625946054,-0.1751500368118286,0.0,0.08406996726989746,0.0,-0.6152399778366089,0.0,1.0,7.0,03-08,-0.15528635545210412
12-24,0.0,0.0,0.0,0.0,-1.0018298625946054,-0.1751500368118286,0.0,0.08406996726989746,0.0,-0.6152399778366089,0.0,1.0,7.0,03-09,-0.15528635545210412
12-26,0.0,0.0,0.0,0.0,-1.0018298625946054,-0.1751500368118286,0.0,0.08406996726989746,0.0,-0.6152399778366089,0.0,1.0,7.0,03-11,-0.15528635545210412
12-27,0.0,0.0,0.0,0.0,-1.0018298625946054,-0.1751500368118286,0.0,0.08406996726989746,0.0,-0.6152399778366089,0.0,1.0,7.0,03-12,-0.15528635545210412
12-28,0.0,0.0,0.0,0.0,-1.0018298625946054,-0.1751500368118286,0.0,0.08406996726989746,0.0,-0.6152399778366089,0.0,1.0,7.0,03-13,-0.15528635545210412
12-29,0.0,0.0,0.0,0.0,-1.0018298625946054,-0.1751500368118286,0.0,0.08406996726989746,0.0,-0.6152399778366089,0.0,1.0,7.0,03-14,-0.15528635545210412
12-30,0.0,0.0,0.0,0.0,-1.0018298625946054,-0.1751500368118286,0.0,0.08406996726989746,0.0,-0.6152399778366089,0.0,1.0,7.0,03-15,-0.15528635545210412
12-31,0.0,0.0,0.0,0.0,-1.0018298625946054,-0.1751500368118286,0.0,0.08406996726989746,0.0,-0.6152399778366089,0.0,1.0,7.0,03-16,-0.15528635545210412
