,2009,2010,2011,2012,2013,2014,2015,2016,2017,2020,ups,downs,end_day_sum,avg
01-02,-3.119999885559082,3.374999046325684,-4.495000839233394,0.0,-19.680000752210614,-0.05000001192092896,8.544998168945321,-0.005000000819563869,50.99999877996744,0.0,3.0,6.0,03-17,3.5569994505494846
01-03,-3.5600004196166988,3.7750005722045854,-4.495000839233394,0.0,-19.78500053286552,-0.05000001192092896,-34.641001891344786,-0.005000000819563869,50.99999877996744,0.0,2.0,7.0,03-18,-0.7761004343628877
01-04,-3.4600000381469713,3.7750005722045854,-4.495000839233394,0.0,-20.120000243186954,-0.04499998688697815,7.964996337890625,-0.005000000819563869,6.444999694824227,0.0,3.0,6.0,03-19,-0.9940004503354424
01-05,-3.4600000381469713,3.444999694824212,-4.815000534057617,0.0,-19.93499907851219,-0.06999999284744263,7.964996337890625,0.0,-44.5100009161979,0.0,2.0,8.0,03-20,-6.138000452704729
01-06,-3.1199998855590803,3.354999542236328,-5.3400001525878915,0.0,-19.93499907851219,-0.06999999284744263,7.937999725341798,0.0,-45.28999969549478,0.0,2.0,8.0,03-21,-6.246199953742325
01-07,-2.3499994277954084,3.704999923706055,-5.470001220703125,0.0,-19.93499907851219,-0.06999999284744263,-34.039000701159246,0.0,-0.005000000819563869,0.0,1.0,9.0,03-22,-5.816400049813093
01-08,-2.2399997711181663,3.6350002288818364,-4.2849998474121085,0.0,-19.954999536275864,-0.04999998211860657,-35.15500183030963,44.354999389499426,-0.005000000819563869,0.0,2.0,8.0,03-23,-1.3700001349672677
01-09,-4.190000534057615,3.5349998474121134,-4.625,0.0,-19.975000619888306,-0.04999998211860657,7.055000305175796,44.354999389499426,-0.005000000819563869,0.0,3.0,7.0,03-24,2.6099998405203246
01-10,-1.489999771118164,3.5550003051757777,-4.625,0.0,-19.705000847578052,-0.05499997735023493,6.919998168945327,44.354999389499426,-45.94999954290689,-0.01999998092651356,3.0,7.0,03-25,-1.701500225625931
01-11,-1.420000076293945,3.5550003051757777,-4.520000457763672,0.0,-20.065000146627426,-0.05499997735023493,6.919998168945327,44.354999389499426,-46.03999969549478,0.0,3.0,7.0,03-26,-1.7270002489909517
01-12,-1.420000076293945,3.6450004577636648,-4.489999771118164,0.0,-19.989999383687977,-0.05499997735023493,6.919998168945327,44.354999389499426,0.004999998956918713,-0.00999999046325678,4.0,6.0,03-27,2.895999881625176
01-13,-1.4800004959106443,3.1800003051757852,17.434690117836002,0.0,-19.989999383687977,-0.05499997735023493,7.88499832153321,44.354999389499426,0.004999998956918713,-0.00999999046325678,5.0,5.0,03-28,5.132468828558922
01-14,-1.2800006866455058,3.805000305175781,-5.7450008392333975,0.0,-19.989999383687977,-0.05499997735023493,-33.49499816820025,44.354999389499426,0.0,-0.00999999046325678,2.0,8.0,03-29,-1.2414999350905414
01-15,-1.119999885559082,4.919999122619633,-5.300001144409184,0.0,-20.49999961256981,-0.05499997735023493,-33.450999449938536,43.498999329283826,0.0,-0.03999999165534968,2.0,8.0,03-30,-1.2047001609578727
01-16,-0.989999771118164,3.7449989318847656,-5.300001144409184,0.0,-19.994999766349792,-0.060000002384185736,-0.05000000074505806,43.498999329283826,0.0,-0.059999987483024514,2.0,8.0,03-31,2.078899758867919
01-17,-1.7100000381469729,3.7449989318847656,-5.300001144409184,0.0,-19.050000071525574,-0.04999998211860657,-35.21499938890339,43.498999329283826,0.0,-0.0799999982118606,2.0,8.0,04-01,-1.4161002362146975
01-18,-1.329999923706055,3.7449989318847656,-5.300001144409184,0.0,-20.22500076889992,-0.04999998211860657,-35.21499938890339,43.498999329283826,0.0,-0.10999998450279233,2.0,8.0,04-02,-1.4986002931371334
01-19,-1.329999923706055,3.7449989318847656,-5.520000457763672,0.0,-19.97000077366829,-0.04999998211860657,-35.21499938890339,43.498999329283826,0.0,-0.11999998986721032,2.0,8.0,04-03,-1.4961002254858613
01-20,-1.329999923706055,2.7849998474121094,-5.835000991821289,0.0,-19.955000758171078,-0.04999998211860657,-35.21499938890339,43.840001678094275,0.0,-0.11999998986721032,2.0,8.0,04-04,-1.5879999509081244
01-21,-0.6100006103515625,1.979999542236328,-4.930000305175781,0.0,-19.955000758171078,-0.04999998211860657,-35.0600006096065,0.005000000819563869,-43.155001373961575,-0.11999998986721032,2.0,8.0,04-05,-10.189500408619642
01-22,-0.8599996566772461,2.4249992370605438,-4.35000038146973,0.0,-19.955000758171078,-0.03000000119209295,-34.678000640124075,42.970000000670545,-43.14500137418509,-0.06999999284744257,2.0,8.0,04-06,-5.7693003566935674
01-23,-0.9400005340576172,3.375000000000004,-4.735000610351567,0.0,-19.490000605583187,-0.019999980926513672,-35.04999847337603,41.640000915154815,-43.14500137418509,-0.059999987483024514,2.0,8.0,04-07,-5.84250006508082
01-24,-0.7399997711181641,3.1999988555908203,-4.735000610351567,0.0,-19.490000605583187,0.0,-35.37800033390522,0.009999999776482582,0.009999999776482586,-0.0799999982118606,3.0,7.0,04-08,-5.720300246402621
01-25,-0.7399997711181641,3.1999988555908203,-5.194999694824214,0.0,-19.959999680519108,0.0,-35.37800033390522,0.009999999776482582,-43.019999847747386,-0.0799999982118606,2.0,8.0,04-09,-10.116300047095867
01-26,-0.7399997711181641,3.4099998474121094,-5.084999084472654,0.0,-19.959999680519108,0.0,-35.37800033390522,0.005000000819563869,-43.56500076316296,-0.0799999982118606,2.0,8.0,04-10,-10.13929997831583
01-27,-0.6800003051757812,3.5,-4.870000839233398,0.0,-19.94499969482422,0.0,-0.04500000178813935,41.690001221373684,-0.014999999664723871,-0.0799999982118606,2.0,8.0,04-11,1.955500038247556
01-28,-1.119999885559082,3.55000114440918,-4.850000381469727,0.0,-19.94499969482422,0.0,-0.04500000178813935,0.005000000819563869,-42.654998169280596,-0.0799999982118606,2.0,8.0,04-12,-6.513999698590487
01-29,-0.7600002288818342,4.5749988555908265,-4.909999847412114,0.0,-19.94499969482422,0.03000000119209295,-0.04500000178813935,42.530001373961575,-42.654998169280596,-0.0799999982118606,3.0,7.0,04-13,-2.1259997709654264
01-30,-0.5700006484985352,4.779998779296875,-4.724998474121094,0.0,-20.25499960780144,0.0,-0.04500000178813935,42.61799881048501,-42.654998169280596,-0.06999999284744257,2.0,8.0,04-14,-2.092199930455536
01-31,0.4899997711181623,4.9149990081787145,-4.724998474121094,0.0,-20.259999632835385,-0.015000015497207697,-0.025000002235174183,44.004999848082655,-0.010000000707805158,-0.0799999982118606,3.0,7.0,04-15,2.4295000503771007
02-01,0.3599996566772443,4.9149990081787145,-4.724998474121094,0.0,-20.274999618530273,-0.004999995231628418,44.59999923408032,44.004999848082655,-42.005000458098955,-0.08999998867511744,4.0,6.0,04-16,2.677999921236187
02-02,0.3599996566772443,5.254999160766608,-4.724998474121094,0.0,-20.299999624490734,-0.004999995231628418,44.59999923408032,44.004999848082655,-42.470000610686846,-0.10999998450279233,4.0,6.0,04-17,2.6609999210573734
02-03,0.8599996566772443,5.2649993896484375,-5.259998321533203,0.0,-20.299999624490734,-0.004999995231628418,44.60499923676253,46.17500183172525,-41.825000152923174,-0.10999998450279233,4.0,6.0,04-18,2.940500203613192
02-04,1.0399999618530291,4.8749999999999964,-5.440000534057614,0.0,-20.299999624490734,-0.004999995231628418,44.59999923408032,-0.5200004577636648,-42.20999847445637,-0.10999998450279233,3.0,7.0,04-19,-1.8069999874569467
02-05,0.9700002670288068,4.340000152587886,-5.440000534057614,0.0,-19.910000234842304,-0.01000002026557928,44.59999923408032,-1.9710006713867256,-42.20999847445637,-0.10999998450279233,3.0,7.0,04-20,-1.9741000265814381
02-06,1.1600008010864276,4.510000228881836,-5.440000534057614,0.0,-20.410000234842304,0.0,44.59999923408032,-0.2389984130859446,-42.20999847445637,-0.10999998450279233,3.0,7.0,04-21,-1.8138997376896449
02-07,1.2799997329711914,4.3450012207031286,-5.440000534057614,0.0,-20.410000234842304,0.005000025033950861,44.594999238848686,-0.2849998474121094,-42.825000152923174,-0.11999998986721032,4.0,6.0,04-22,-1.8855000541545448
02-08,1.239999771118164,4.3450012207031286,-5.594999313354489,0.0,-20.589999914169308,0.005000025033950861,44.594999238848686,-0.2849998474121094,-43.554999695159495,-0.10999998450279233,4.0,6.0,04-23,-1.9949998498894264
02-09,1.239999771118164,4.579999923706055,-5.770000457763673,0.0,-20.609999924898144,-0.004999995231628418,44.594999238848686,2.2649993896484446,-42.81500183138997,-0.0799999982118606,4.0,6.0,04-24,-1.6600003884173917
02-10,1.550000190734865,4.954999923706055,-5.524999618530273,0.0,-20.609999924898144,-0.004999995231628418,44.59999923408032,5.895000457763673,-43.36000000033528,-0.0799999982118606,4.0,6.0,04-25,-1.2579999730922276
02-11,1.170000076293945,4.424999237060542,-5.524999618530273,0.0,-20.609999924898144,-0.004999995231628418,44.58999923616648,48.090001678094275,-0.020000000484287742,-0.0799999982118606,4.0,6.0,04-26,7.203500069025902
02-12,1.3999996185302734,4.170000076293944,-5.510000228881836,0.0,-21.91999939084053,-0.004999995231628418,44.59999923408032,47.0269981380552,-0.020000000484287742,0.020000010728836115,5.0,5.0,04-27,6.9761997462250305
02-13,2.0500001907348637,4.190000534057614,-5.7849998474121085,0.0,-21.91999939084053,-0.01999998092651356,44.594999238848686,0.009999999776482582,-0.020000000484287742,0.05000001192092901,5.0,5.0,04-28,2.315000075567513
02-14,1.7899999618530238,3.5799999237060547,-5.7849998474121085,0.0,-21.91999939084053,0.005000025033950861,8.979999542236328,0.0149999987334013,-0.020000000484287742,0.0,5.0,5.0,04-29,-1.335499978717417
02-15,1.7899999618530238,3.5799999237060547,-5.75,0.0,-21.91999939084053,0.00999999046325678,8.979999542236328,0.0149999987334013,-0.020000000484287742,0.0,5.0,5.0,04-30,-1.3314999974332755
02-16,1.7899999618530238,3.5799999237060547,-5.590000152587887,0.0,-22.220000535249707,0.01999998092651356,8.979999542236328,0.0149999987334013,-0.020000000484287742,0.05000001192092901,6.0,4.0,05-01,-1.339500126894563
02-17,1.7899999618530238,3.60000038146973,-5.664999008178707,0.0,-22.220000535249707,0.01999998092651356,8.979999542236328,0.020000001415610303,-0.02500000037252903,0.05000001192092901,6.0,4.0,05-02,-1.3449999663978809
02-18,1.3100004196166992,3.3850002288818364,-5.444999694824219,0.0,-22.220000535249707,0.01999998092651356,8.170001983642585,0.0149999987334013,-0.02500000037252903,0.05000001192092901,6.0,4.0,05-03,-1.4739997606724489
02-19,2.1099996566772456,3.334999084472656,-5.009998321533203,0.0,-22.220000535249707,0.030000001192092837,-36.009998627007,0.009999999776482586,-0.02500000037252903,0.07000002264976507,5.0,5.0,05-04,-5.770999871939419
02-20,2.0999994277954084,3.8600006103515625,-5.009998321533203,0.0,-22.220000535249707,0.030000001192092837,-36.66999847441912,0.009999999776482586,-0.02500000037252903,0.01000002026557928,5.0,5.0,05-05,-5.791499727219343
02-21,2.3000001907348655,3.8150005340576167,-5.009998321533203,0.0,-22.155000001192093,0.00999999046325678,-36.88000137358904,0.009999999776482586,-0.02500000037252903,0.040000021457672175,5.0,5.0,05-06,-5.789499896019697
02-22,2.390000343322754,3.8150005340576167,-5.009998321533203,0.0,-22.155000001192093,0.04499998688697815,-36.88000137358904,0.009999999776482586,-0.02500000037252903,0.03000000119209295,5.0,5.0,05-07,-5.777999883145094
02-23,2.390000343322754,20.12725067138672,-4.315000534057616,0.0,-23.109999924898144,28.440000146627426,-36.88000137358904,0.0149999987334013,-0.02500000037252903,0.01000002026557928,5.0,5.0,05-08,-1.334775065258145
02-24,3.090000152587889,4.405000686645508,-3.575000762939453,0.0,-23.109999924898144,28.440000146627426,-0.02499999850988388,0.02500000037252903,-0.02500000037252903,0.01000002026557928,5.0,5.0,05-09,0.923500031977892
02-25,2.7699995040893555,3.195001602172855,-3.9400005340576136,0.0,-23.109999924898144,28.420000165700912,-36.74599868804216,0.02500000037252903,-0.02500000037252903,0.01000002026557928,5.0,5.0,05-10,-2.9400997854769217
02-26,3.130000114440918,3.3400001525878937,-4.084999084472656,0.0,-23.675000458955765,0.04999999701976768,-37.73299819976091,0.009999999776482582,-0.02500000037252903,-0.00999999046325678,4.0,6.0,05-11,-5.899799747020007
02-27,3.0600004196166988,3.6849994659423793,-4.084999084472656,0.0,-23.07000091671944,28.340000391006473,-0.015000000596046446,0.0149999987334013,-0.02500000037252903,0.01000002026557928,5.0,5.0,05-12,0.7915000293403864
02-28,2.3500003814697266,3.6849994659423793,-4.084999084472656,0.0,-23.10999909043312,28.68000054359436,2.2269973754882955,0.0149999987334013,-0.02500000037252903,-0.01999998092651356,5.0,5.0,05-13,0.9716999609023341
02-29,0.0,0.0,0.0,0.0,0.0,0.0,0.0,0.0149999987334013,0.0,-0.01999998092651356,1.0,2.0,05-14,-0.0004999982193112263
03-01,2.510000228881836,3.6849994659423793,-5.44999885559082,0.0,-23.69000092148781,28.40000006556511,-39.57500106841325,0.0149999987334013,-0.01999999955296516,-0.01999998092651356,4.0,6.0,05-15,-3.4145001066848635
03-02,2.510000228881836,3.5400009155273398,-5.055000305175786,0.0,-23.879999548196796,0.004999995231628362,-39.57500106841325,0.0149999987334013,-0.01999999955296516,-0.01999998092651356,4.0,6.0,05-16,-6.24799997638911
03-03,2.770000457763672,3.3800010681152344,-4.6449985504150435,0.0,-23.86999952793121,0.004999995231628362,-38.99499923735857,-43.75999923795462,-0.01999999955296516,-0.01999998092651356,3.0,7.0,05-17,-10.515499501302838
03-04,2.8699998855590856,3.9099998474121134,-4.989999771118164,0.0,-23.86999952793121,0.010000020265579224,-0.015000000596046446,-44.36999877914786,-0.01999999955296516,-0.01999998092651356,3.0,7.0,05-18,-6.6494998306036
03-05,3.109999656677248,3.46500015258789,-4.1750011444091735,0.0,-23.86999952793121,26.99999961256981,-0.0049999989569187225,0.009999999776482582,-0.01999999955296516,-0.01999998092651356,4.0,6.0,05-19,0.5494998769834647
03-06,3.0,2.8150005340576136,-4.215000152587886,0.0,-23.92499953508377,0.02500000596046448,-0.0049999989569187225,0.009999999776482582,-0.01999999955296516,-0.01999998092651356,4.0,6.0,05-20,-2.2334999127313493
03-07,3.5100002288818364,2.424999237060547,-4.215000152587886,0.0,-23.904999554157254,27.1300000846386,-39.37500030547381,0.009999999776482582,-0.01999999955296516,-0.01999998092651356,4.0,6.0,05-21,-3.4460000442340966
03-08,3.7200002670288086,2.424999237060547,-4.215000152587886,0.0,-0.0350000262260437,27.68999955058098,-39.37500030547381,-42.698001708835356,-0.01999999955296516,-0.01999998092651356,3.0,7.0,05-22,-5.252800311893225
03-09,3.7200002670288086,2.5799999237060582,-4.185001373291011,0.0,-0.06999999284744263,28.230000466108322,-39.37500030547381,0.005000000819563869,-51.0199987795204,-0.01999998092651356,4.0,6.0,05-23,-6.013499977439643
03-10,3.730000495910645,2.1949996948242223,-4.185001373291011,0.0,-0.06999999284744263,28.230000466108322,-38.77500183135271,-44.354999389499426,-51.01499877963216,-0.01999998092651356,3.0,7.0,05-24,-10.426500069070608
03-11,3.260000228881834,1.4699993133544922,-3.795000076293949,0.0,-0.06999999284744263,28.230000466108322,-0.00499999895691871,-43.49399932846427,-0.014999999664723871,-0.01999998092651356,3.0,7.0,05-25,-1.443899936880917
03-12,3.130000114440918,1.2000007629394496,-2.25,0.0,-0.07499998807907103,28.220000445842746,-0.009999997913837426,-43.830001678317785,-0.014999999664723871,-0.01999998092651356,3.0,7.0,05-26,-1.365000032167882
03-13,2.0,1.1399993896484375,-2.5600013732910187,0.0,-0.14499998092651367,28.99000090360641,-42.08499832078815,-43.830001678317785,-0.014999999664723871,-0.01999998092651356,3.0,7.0,05-27,-5.652500104065983
03-14,1.9600000381469709,1.1399993896484375,-2.5600013732910187,0.0,-0.05500000715255743,29.20999976992607,-44.229998778551824,-43.830001678317785,-0.014999999664723871,-0.01999998092651356,3.0,7.0,05-28,-5.840000262018294
03-15,2.479999542236328,1.1399993896484375,0.4949989318847621,0.0,-0.04499998688697815,28.605000227689747,-44.229998778551824,-43.830001678317785,-0.014999999664723871,-0.01999998092651356,4.0,6.0,05-29,-5.542000233288856
03-16,2.479999542236328,1.295000076293945,-0.9650001525878976,0.0,-0.029999971389770563,28.465000838041306,-44.229998778551824,-43.830001678317785,-0.014999999664723871,-0.01999998092651356,3.0,7.0,05-30,-5.685000010486692
03-17,2.4499998092651367,0.8949985504150426,-0.20999908447265625,0.0,-0.049999982118606616,28.465000838041306,0.0,-0.75,-0.014999999664723871,-0.01999998092651356,3.0,7.0,05-31,3.0765000150538984
03-18,1.939999580383299,0.6399993896484375,0.20000076293945312,0.0,-0.049999982118606616,28.465000838041306,-42.595998231321566,-0.4900016784667969,-0.024999999441206452,-0.01999998092651356,4.0,6.0,06-01,-1.19359993012622
03-19,1.5,1.1049995422363317,0.4050006866455078,0.0,-0.060000002384185784,0.02000001072883606,0.009999997913837426,0.7599983215332031,-0.024999999441206452,-0.01999998092651356,6.0,4.0,06-02,0.36949985763058096
03-20,1.7799997329711932,0.8950004577636754,0.6750011444091832,0.0,-0.060000002384185784,29.009999841451645,0.0,1.2449989318847656,-0.024999999441206452,-0.01999998092651356,5.0,5.0,06-03,3.3500000125728557
03-21,2.0900001525878893,0.7750015258789098,0.6750011444091832,0.0,-0.044999986886978094,-0.01500001549720764,-41.219998780637994,1.2449989318847656,-0.024999999441206452,0.0,4.0,6.0,06-04,-3.651999702770263
03-22,2.4700002670288064,0.7750015258789098,-0.5799999237060511,0.0,-0.07499998807907099,29.535000294446945,3.6100006103515554,1.2449989318847656,0.0,0.0,5.0,5.0,06-05,3.698000171780586
03-23,2.4700002670288064,0.935001373291012,-0.5100002288818359,0.0,-0.07500001788139342,29.44500014185905,3.6100006103515554,-43.830001678317785,0.0,0.0,4.0,6.0,06-06,-0.7954999532550586
03-24,1.8800001144409182,0.9150009155273472,-0.7900009155273438,0.0,-0.07500001788139342,29.44500014185905,44.83999938890338,44.795001830905676,0.0,-0.01999998092651356,5.0,5.0,06-07,12.099000147730115
03-25,1.3500003814697266,1.8600006103515592,-0.4349994659423828,0.0,-0.07500001788139342,29.44500014185905,44.88500137254596,0.0,-0.004999999888241289,-0.00999999046325678,4.0,6.0,06-08,7.701500303205103
03-26,1.1599998474121076,0.8949985504150426,-0.09000015258789062,0.0,-0.07500001788139342,29.354999989271164,44.88500137254596,44.1349981687963,-0.004999999888241289,0.020000010728836115,6.0,4.0,06-09,12.027999776881186
03-27,1.5699996948242188,1.3550014495849574,-0.4399986267089844,0.0,0.0,29.19500014185905,43.595000457018614,43.990001525729895,-0.004999999888241289,0.04000000655651095,6.0,4.0,06-10,11.930000464897606
03-28,1.4699993133544922,1.3550014495849574,-0.4399986267089844,0.0,0.019999980926513727,29.930000752210606,43.595000457018614,43.990001525729895,-0.004999999888241289,0.06000001728534704,7.0,3.0,06-11,11.99750048695132
03-29,2.0699996948242188,1.3550014495849574,-0.4399986267089844,0.0,0.03999999165534979,29.800000756978985,43.595000457018614,43.990001525729895,-0.004999999888241289,0.06000001728534704,7.0,3.0,06-12,12.046500526648016
03-30,2.0699996948242188,1.1600017547607422,-0.20999908447265625,0.0,0.02000001072883606,29.89500007033348,43.595000457018614,0.0,-0.004999999888241289,0.06000001728534704,6.0,4.0,06-13,7.658500292059034
03-31,2.6999998092651367,1.5650005340576172,0.2650012969970668,0.0,0.0,29.89500007033348,43.60000045597553,-0.2949981689453125,-0.004999999888241289,0.09000000357627877,6.0,4.0,06-14,7.7815004001371575
04-01,2.479999542236328,1.4099998474121094,0.4349994659423793,0.0,0.0,29.89500007033348,0.01499999687075615,-1.3499984741210938,-0.004999999888241289,0.10000000894069676,6.0,4.0,06-15,3.2980000457726417
04-02,2.710000038146971,0.9149990081787074,0.5949993133544922,0.0,-0.004999995231628418,29.7149997651577,0.01499999687075615,-42.96499999985099,-0.00999999977648258,0.05000001192092901,6.0,4.0,06-16,-0.8980001861229544
04-03,3.7199993133544917,1.0949993133544886,0.774999618530277,0.0,-0.02000001072883606,29.56500062346458,0.01499999687075615,-42.970000000670545,-0.00999999977648258,0.04000000655651095,6.0,4.0,06-17,-0.7790001139044765
04-04,2.9100008010864262,1.3950004577636683,0.774999618530277,0.0,-0.04500001668930054,-0.030000001192092837,0.019999995827674876,-42.970000000670545,-0.00999999977648258,0.06000001728534704,5.0,5.0,06-18,-3.789499912783504
04-05,2.950000762939453,1.3950004577636683,0.774999618530277,0.0,-0.02000001072883606,-0.055000007152557366,0.019999995827674876,-41.6350009161979,-0.004999999888241289,0.06000001728534704,5.0,5.0,06-19,-3.651500008162111
04-06,2.950000762939453,1.3950004577636683,0.9300003051757776,0.0,-0.010000020265579224,-0.06500001251697538,0.019999995827674876,0.0,-0.004999999888241289,0.06000001728534704,5.0,5.0,06-20,0.5275001506321125
04-07,2.9700002670288086,1.5700016021728516,0.8199996948242152,0.0,-0.010000020265579224,-0.06500001251697538,0.01499999687075615,-41.68500122055412,-0.004999999888241291,0.06000001728534704,5.0,5.0,06-21,-3.6329999675042943
04-08,2.2200002670288086,1.840000152587887,0.850000381469723,0.0,-0.010000020265579224,-0.06500001251697538,0.01499999687075615,43.09500106796622,-0.00999999977648258,0.06000001728534704,6.0,4.0,06-22,4.79950018506497
04-09,2.0700006484985347,2.0699996948242188,0.6149997711181676,0.0,-0.010000020265579224,-0.06500001251697538,0.0049999989569187156,1.959999084472656,-0.00999999977648258,0.05000001192092901,6.0,4.0,06-23,0.6684999177232388
04-10,1.5199995040893557,1.3800010681152308,1.1000003814697266,0.0,-0.02500000596046448,-0.09500001370906833,-44.62499923631549,-42.525001373142,-0.00999999977648258,0.06000001728534704,4.0,6.0,06-24,-8.321999965794385
04-11,0.8400001525878888,1.350000381469723,1.1000003814697266,0.0,-0.045000016689300586,-0.06500001251697538,-44.62499923631549,-42.525001373142,-0.00999999977648258,0.06000001728534704,4.0,6.0,06-25,-8.391999970562756
04-12,1.1599998474121094,1.350000381469723,1.395000457763672,0.0,-0.02499997615814209,-0.04999999701976768,-44.62499923631549,-42.612998809665434,-0.004999999888241289,0.06000001728534704,4.0,6.0,06-26,-8.335299731511622
04-13,1.1599998474121094,1.5650005340576172,1.744998931884762,0.0,-0.00999999046325678,-0.06499999761581415,-44.62499923631549,-43.9999998472631,-0.004999999888241289,0.06000001728534704,4.0,6.0,06-27,-8.417499974090607
04-14,1.1599998474121094,1.4300003051757777,2.2599983215332,0.0,-0.00999999046325678,-0.06499999761581415,-44.62499923631549,-46.170001830905676,-0.00999999977648258,0.07000000774860388,4.0,6.0,06-28,-8.596000257320702
04-15,1.119999885559082,1.25,1.5299987792968714,0.0,-0.00999999046325678,-0.07500001788139342,-44.59999923408032,-45.57500061020255,-0.004999999888241289,0.09000000357627877,4.0,6.0,06-29,-8.627500118408353
04-16,0.7700004577636719,1.4349994659423828,1.4549999237060511,0.0,0.015000015497207697,-0.09999999403953544,-44.5200012177229,-43.738998260349035,-0.004999999888241289,0.09000000357627877,5.0,5.0,06-30,-8.459899960551411
04-17,0.8100004196166992,1.6049995422363317,2.0349998474121094,0.0,0.015000015497207697,-0.07000000774860379,0.015000000596046446,1.4099998474121094,-0.004999999888241289,0.09000000357627877,7.0,3.0,07-01,0.5904999668709937
04-18,1.25,-20.10280984640121,2.0349998474121094,0.0,0.015000015497207697,-0.07000000774860379,-41.776998445391655,1.4099998474121094,-0.004999999888241289,0.10000000894069676,5.0,5.0,07-02,-5.714480858016761
04-19,1.25,-20.10280984640121,2.0349998474121094,0.0,0.015000015497207697,-0.07000000774860379,-41.776998445391655,-0.10700225830078124,-0.00999999977648258,0.10000000894069676,4.0,6.0,07-03,-5.866681068576872
04-20,1.25,-20.162809312343594,2.0349998474121094,0.0,0.0,-0.07000000774860379,-41.776998445391655,-0.061000823974616473,-0.00999999977648258,0.10000000894069676,3.0,7.0,07-04,-5.869580873288215
04-21,1.4800004959106443,-19.997810304164886,2.6299991607666016,0.0,-0.020000010728836115,-0.07000000774860379,-41.776998445391655,-47.57500061020255,-0.00999999977648258,0.09000000357627877,3.0,7.0,07-05,-10.52498097177595
04-22,1.25,0.7800006866455043,2.4250011444091757,0.0,-0.020000010728836115,-0.07000000774860379,-41.78199844062329,-48.080001678317785,-0.004999999888241289,0.06000001728534704,4.0,6.0,07-06,-8.544199828896671
04-23,1.239999771118164,0.8199996948242223,2.34000015258789,0.0,0.0,-0.04999999701976768,-41.78199844062329,-47.01699813827872,-0.004999999888241289,-0.03999999165534968,3.0,7.0,07-07,-8.44939969489351
04-24,1.510000228881836,-0.3649997711181676,3.0850009918212886,0.0,0.009999990463256836,-0.03999999165534968,-41.78199844062329,-47.01699813827872,-0.004999999888241289,-0.06999999284744257,3.0,7.0,07-08,-8.467399512324482
04-25,1.0100002288818342,-0.3649997711181676,3.0850009918212886,0.0,0.009999990463256836,0.00999999046325678,-41.79199844598771,-47.01699813827872,-0.004999999888241289,-0.01999998092651356,4.0,6.0,07-09,-8.50839951345697
04-26,0.9600000381469728,-0.3649997711181676,3.0850009918212886,0.0,0.004999995231628418,-0.04000002145767212,3.998001098632805,0.0,-0.004999999888241289,-0.01999998092651356,4.0,6.0,07-10,0.7618002350442101
04-27,0.9600000381469728,-0.6700000762939453,2.889999389648437,0.0,-0.014999985694885254,29.1750003695488,3.998001098632805,-0.0049999989569187156,-0.004999999888241289,-0.01999998092651356,4.0,6.0,07-11,3.630800085421652
04-28,1.0200004577636737,0.4899997711181641,3.8599987030029297,0.0,-0.014999985694885254,29.1750003695488,3.998001098632805,-0.010000001639127723,0.0,-0.01999998092651356,5.0,5.0,07-12,3.849800043180585
04-29,0.8899993896484357,0.6350002288818359,3.9649982452392543,0.0,-0.014999985694885254,29.195000380277637,3.998001098632805,-0.0049999989569187156,0.004999999888241289,-0.06999999284744257,6.0,4.0,07-13,3.8597999365068967
04-30,0.3900003433227539,0.5200004577636754,4.0,0.0,-0.014999985694885254,-0.08499999344348902,3.998001098632805,-0.0049999989569187156,0.004999999888241289,-0.09000000357627863,5.0,5.0,07-14,0.8718001917935905
05-01,0.13000011444091794,0.26000022888183594,3.8699989318847656,0.0,-0.00999999046325678,-0.08000001311302185,3.998001098632805,-0.0049999989569187156,0.004999999888241289,-0.030000001192092837,5.0,5.0,07-15,0.8138000370003275
05-02,0.3000001907348633,0.04000091552734375,3.8699989318847656,0.0,0.02500000596046448,28.7429992556572,3.998001098632805,-0.0049999989569187156,0.004999999888241289,-0.060000002384185736,7.0,3.0,07-16,3.6916000396944577
05-03,0.10000038146972656,0.04000091552734375,3.509998321533203,0.0,0.10499998927116394,-0.060000002384185784,3.998001098632805,-0.0049999989569187156,0.004999999888241289,-0.060000002384185736,6.0,4.0,07-17,0.7633000702597194
05-04,0.10000038146972656,-0.2950000762939453,3.4399986267089884,0.0,0.10499998927116394,-0.0400000065565109,3.998001098632805,-0.0049999989569187156,-0.004999999888241289,-0.060000002384185736,4.0,6.0,07-18,0.7238000012002882
05-05,0.060000419616697435,-0.25,2.9200000762939453,0.0,0.10499998927116394,-0.0400000065565109,45.79999954253435,-0.015000000596046446,-0.004999999888241289,-0.04999998211860651,4.0,6.0,07-19,4.852500003855676
05-06,-0.1700000762939471,-2.6849994659423864,2.854999542236328,0.0,0.10499998927116394,-0.07999999821186063,45.79999954253435,-0.015000000596046446,-0.004999999888241289,-0.030000001192092837,3.0,7.0,07-20,4.577499953191727
05-07,-0.5100002288818342,-1.1500015258789062,3.1450004577636683,0.0,0.10499998927116394,0.30500030517578125,45.79999954253435,0.0,-0.004999999888241289,-0.00999999046325678,4.0,6.0,07-21,4.767999854963273
05-08,-0.7899999618530273,-1.4899997711181676,3.6700000762939418,0.0,0.10499998927116394,-0.04999999701976768,45.79999954253435,43.36000045761466,-0.004999999888241289,-0.030000001192092837,4.0,6.0,07-22,9.057000033464282
05-09,-0.4200000762939453,-1.4899997711181676,3.6700000762939418,0.0,0.10499998927116394,-28.370000377297405,45.79999954253435,43.36000045761466,0.0,0.0,4.0,6.0,07-23,6.26549998410046
05-10,-0.5100002288818377,-1.4899997711181676,3.399999618530273,0.0,0.08000001311302185,-28.71000052988529,46.17499954253435,43.35500045865774,0.0,0.0,4.0,6.0,07-24,6.2299999102950085
05-11,-0.5100002288818377,-1.5750007629394531,3.0100002288818364,0.0,0.060000002384185784,-28.735000535845753,46.17499954253435,43.35500045865774,0.0,0.0,4.0,6.0,07-25,6.177999870479107
05-12,0.439999580383299,-1.965000152587887,3.1600017547607417,0.0,0.060000002384185784,-28.735000535845753,46.17499954253435,43.35500045865774,0.0,0.0,5.0,5.0,07-26,6.2490000650286674
05-13,-0.060000419616701,-2.135000228881836,2.6449985504150426,0.0,0.060000002384185784,-28.465000078082085,47.35499984771013,43.36000045761466,0.0,0.0,4.0,6.0,07-27,6.27599981315434
05-14,0.3899993896484357,-2.4499988555908274,3.2849998474121134,0.0,0.060000002384185784,-0.0650000125169754,0.020000003278255463,43.36000045761466,0.0,0.0,5.0,4.0,07-28,4.460000083222985
05-15,0.5699996948242171,-2.1849994659423864,3.389999389648437,0.0,0.15999996662139893,-27.07499961555004,0.015000004321336753,43.36000045761466,0.0,0.0,5.0,4.0,07-29,1.823500043153762
05-16,1.0399999618530271,-1.8799991607666016,3.389999389648437,0.0,0.19499999284744265,-0.10000000894069673,49.550000611692674,43.36000045761466,0.0,0.0,5.0,4.0,07-30,9.555500124394893
05-17,1.2100000381469729,-1.8799991607666016,2.725000381469723,-18.087129086256027,0.2250000238418579,-27.220000073313713,49.550000611692674,43.36000045761466,0.0,0.0,5.0,4.0,07-31,4.988287319242954
05-18,1.2100000381469729,-2.3199996948242148,2.489999771118164,0.0,0.2250000238418579,-27.170000076293945,49.550000611692674,43.275001373142004,0.0,0.0,5.0,4.0,08-01,6.72600020468235
05-19,0.869999885559082,-2.154998779296875,2.710000991821289,0.0,0.17500001192092896,-27.170000076293945,49.55500061064959,42.944999542087324,0.0,0.0,5.0,4.0,08-02,6.693000218644737
05-20,0.5399999618530273,-2.135000228881836,3.345001220703125,0.0,0.17500001192092896,-27.729999542236328,49.55500061064959,0.0,0.0,0.0,4.0,5.0,08-03,2.3750002034008504
05-21,1.1999998092651367,-2.2350006103515625,3.1850013732910116,0.0,0.19499999284744265,1.0830001831054688,49.560000609606504,0.0,0.0,0.0,5.0,4.0,08-04,5.298800135776401
05-22,1.3400001525878888,-1.979999542236332,2.720001220703125,0.0,0.19499999284744265,0.16699981689453125,49.560000609606504,0.0,0.0,0.0,5.0,4.0,08-05,5.200200225040317
05-23,1.4699993133544942,-1.979999542236332,2.720001220703125,0.0,0.1599999964237213,-29.239999771118164,49.560000609606504,0.0,0.0,0.0,4.0,5.0,08-06,2.2690001826733357
05-24,1.5299997329711932,-1.979999542236332,3.1949996948242188,0.0,0.13999998569488525,-28.685000225901607,49.560000609606504,0.0,0.0,0.0,4.0,5.0,08-07,2.3760000254958857
05-25,1.5299997329711932,-1.7699985504150426,3.5250015258789102,0.0,0.13999998569488525,0.1280002593994105,49.560000609606504,0.0,0.004999999888241291,0.0,6.0,3.0,08-08,5.3118003563024105
05-26,1.5299997329711932,-1.7699985504150426,2.385000228881836,0.0,0.0899999737739563,0.1280002593994105,49.560000609606504,-43.080001678317785,0.00999999977648258,0.0,6.0,3.0,08-09,0.8853000575676555
05-27,1.0900001525878906,-1.3349990844726562,1.625,0.0,0.0899999737739563,0.1280002593994105,49.560000609606504,-43.33999999985099,0.004999999888241291,0.0,6.0,3.0,08-10,0.7823001910932359
05-28,1.420000076293945,-1.625,1.5750007629394496,0.0,0.0899999737739563,0.6729984283447266,49.550000611692674,-44.58999999985099,0.004999999888241291,0.0,6.0,3.0,08-11,0.7097999853081998
05-29,1.489999771118164,-1.4750003814697232,2.335000991821289,0.0,0.10999998450279236,28.419999688863754,49.550000611692674,-44.58999999985099,0.004999999888241291,0.0,6.0,3.0,08-12,3.5845000666566187
05-30,1.4600000381469729,-1.6999988555908203,2.335000991821289,0.0,0.10999998450279236,-0.03999900817871094,49.560000609606504,-44.58999999985099,0.004999999888241291,0.0,5.0,4.0,08-13,0.714000376034528
05-31,2.0799999237060547,-1.6999988555908203,2.335000991821289,0.0,0.07999998331069946,-0.01999999582767484,49.560000609606504,-44.58999999985099,0.004999999888241291,0.0,5.0,4.0,08-14,0.7750002657063305
06-01,2.0799999237060547,-1.6999988555908203,1.7899990081787074,0.0,0.1599999964237213,-0.05499999225139618,49.560000609606504,-45.08000061102212,0.004999999888241291,0.0,5.0,4.0,08-15,0.6760000078938898
06-02,1.8800001144409182,-2.3600006103515594,2.75,0.0,0.1599999964237213,-0.05499999225139618,49.550000611692674,-0.005000000819563869,0.0,0.0,4.0,5.0,08-16,5.192000011913478
06-03,1.0100002288818375,-2.5,2.8850002288818324,0.0,0.1599999964237213,-29.60000030696392,4.720001220703125,-44.80000183172525,-0.004999999888241291,0.0,4.0,5.0,08-17,-6.813000046368687
06-04,1.4700002670288104,-3.25,2.859998703002933,0.0,0.17500001192092896,-29.51500014960766,4.674999237060547,-0.005000000819563869,-0.004999999888241291,0.0,4.0,5.0,08-18,-2.3595001931302244
06-05,2.1600008010864262,-3.149999618530277,2.84000015258789,0.0,0.14500001072883606,0.5939998626708984,5.9650001525878915,-0.005000000819563869,-0.004999999888241291,0.0,5.0,4.0,08-19,0.854400136042386
06-06,1.6199998855590838,-2.6949996948242223,2.84000015258789,0.0,0.09999999403953552,-29.275000154972076,49.550000611692674,-0.005000000819563869,-0.004999999888241291,0.0,4.0,5.0,08-20,2.2130000793375078
06-07,1.5900001525878906,-2.6949996948242223,2.7850017547607417,0.0,0.0800000131130218,1.3799991607666016,49.550000611692674,-44.13999816961587,-0.004999999888241291,0.0,5.0,4.0,08-21,0.8545003828592594
06-08,1.5900001525878906,-2.8800010681152344,3.2699985504150386,0.0,0.060000002384185736,1.2339992523193395,49.550000611692674,-43.995001526549466,-0.004999999888241291,0.0,5.0,4.0,08-22,0.8823995974846188
06-09,1.770000457763672,-2.8800010681152344,2.594999313354496,0.0,0.060000002384185736,1.2339992523193395,49.54500061273575,-0.005000000819563869,-0.004999999888241291,0.0,5.0,4.0,08-23,5.23139985697344
06-10,1.4300003051757812,-2.8350009918212886,1.7600002288818395,0.0,0.060000002384185736,1.3589992523193395,49.54500061273575,-42.67500183172525,-0.004999999888241291,0.0,5.0,4.0,08-24,0.8638997578062124
06-11,1.2200002670288086,-2.9549999237060547,2.6050014495849645,0.0,0.07999998331069946,1.1599998474121058,-0.0049999989569187225,-41.620001526549466,-0.004999999888241291,0.0,4.0,5.0,08-25,-3.9519999901764096
06-12,1.7799997329711932,-3.46500015258789,2.745000839233402,0.0,0.09999999403953552,1.2450008392333949,-0.0049999989569187225,-41.620001526549466,-0.004999999888241291,0.0,4.0,5.0,08-26,-3.9225000272504977
06-13,0.4899997711181641,-3.46500015258789,2.745000839233402,0.0,0.060000002384185784,-29.630000606179234,-0.0299999974668026,-41.620001526549466,-0.004999999888241291,0.0,3.0,6.0,08-27,-7.145500166993588
06-14,0.7199993133544886,-3.46500015258789,2.585000991821289,0.0,0.17500001192092896,30.79500052332877,-0.0299999974668026,-0.005000000819563869,-0.004999999888241291,0.0,4.0,5.0,08-28,3.0770000689662984
06-15,0.7199993133544886,-3.645000457763672,2.5450000762939418,0.0,0.15000000596046448,30.54100081324577,-0.0299999974668026,46.150000305846326,-0.004999999888241291,0.0,5.0,4.0,08-29,7.642600005958228
06-16,1.3999986648559537,-3.945001602172852,2.5300006866455083,0.0,0.15000000596046448,30.54100081324577,-0.019999999552965164,45.6249998472631,-0.004999999888241291,0.0,5.0,4.0,08-30,7.627599841635674
06-17,1.0999994277954084,-3.665000915527344,2.8250007629394567,0.0,0.15000000596046448,30.56100082397461,-0.025000000372529037,47.1249998472631,0.0,0.0,5.0,4.0,08-31,7.807099995203316
06-18,1.549999237060543,-3.885000228881832,3.295000076293949,0.0,0.15000000596046448,30.57100082933903,-0.00999999791383744,-43.10000106878578,0.0,0.0,4.0,5.0,09-01,-1.1429001146927464
06-19,1.1899995803832992,-4.545000076293945,3.55999946594239,0.0,0.15000000596046448,30.135000005364414,-0.0049999989569187225,-43.10000106878578,0.0,0.0,4.0,5.0,09-02,-1.2615002086386071
06-20,1.1599998474121131,-4.895000457763672,3.55999946594239,0.0,0.09000000357627869,30.29800011217594,-0.010000001639127731,-43.10000106878578,-0.004999999888241291,0.0,4.0,5.0,09-03,-1.2902002098970098
06-21,0.6500005722045916,-4.895000457763672,3.5,0.0,0.179999977350235,-0.03999999165534976,-0.010000001639127731,-44.49000045843423,0.0,0.0,3.0,6.0,09-04,-4.510500035993755
06-22,0.6500005722045916,-4.895000457763672,3.0149993896484415,0.0,0.14499998092651362,29.66699959337711,-0.010000001639127731,-0.005000000819563869,-0.004999999888241291,0.0,4.0,5.0,09-05,2.856199907604605
06-23,1.3299999237060582,-4.864999771118164,2.46500015258789,0.0,0.12000000476837157,29.66699959337711,-0.010000001639127731,-45.153998108580716,-0.004999999888241291,0.0,4.0,5.0,09-06,-1.6451998206786809
06-24,1.0100002288818375,-4.2350006103515625,1.9750003814697263,0.0,0.12000000476837157,29.66699959337711,-0.010000001639127731,-0.005000000819563869,-0.004999999888241291,0.0,4.0,5.0,09-07,2.851699959579855
06-25,1.1400003433227541,-3.9850006103515625,2.6100006103515625,0.0,0.12000000476837157,29.529999166727066,-0.03500000387430191,-0.005000000819563869,-0.004999999888241291,0.0,4.0,5.0,09-08,2.9369999510236084
06-26,1.2100000381469709,-3.6099987030029297,2.9200000762939453,0.0,0.12000000476837157,-0.004999995231628446,-0.030000001192092892,-0.005000000819563869,-0.004999999888241291,0.0,3.0,6.0,09-09,0.059500141907483164
06-27,1.2899999618530271,-4.184999465942384,2.9200000762939453,0.0,0.15499997138977045,29.765000835061073,-0.03999999910593033,-0.005000000819563869,-0.004999999888241291,0.0,4.0,5.0,09-10,2.98950013788417
06-28,1.2599992752075213,-4.184999465942384,2.9099998474121134,0.0,0.15499997138977045,29.27499915659428,-0.03499999642372132,-0.005000000819563869,-0.004999999888241291,0.0,4.0,5.0,09-11,2.936999878752977
06-29,1.2599992752075213,-4.194999694824221,2.489999771118164,0.0,0.10499998927116387,29.479999080300328,-0.03499999642372132,48.580001678317785,0.0,0.0,5.0,4.0,09-12,7.768500010296703
06-30,0.7999992370605487,17.847810685634613,2.3299999237060547,0.0,0.13499999046325678,29.479999080300328,-0.030000001192092906,48.52999862655997,-0.004999999888241291,0.0,6.0,3.0,09-13,9.908780754264443
07-01,1.6800003051757777,-2.870000839233395,2.08499908447266,0.0,0.13499999046325678,29.479999080300328,-0.03500000387430191,47.330001678317785,-0.004999999888241291,0.0,5.0,4.0,09-14,7.779999929573388
07-02,1.4699993133544922,-2.4400005340576167,2.165000915527344,0.0,0.1550000011920929,29.58500076830387,-0.03500000387430191,47.56499847397208,-0.004999999888241291,0.0,5.0,4.0,09-15,7.845999893452972
07-03,1.1000003814697266,-1.7800006866455045,2.0799999237060582,0.0,0.14500001072883606,29.28499984741211,-0.03500000387430191,-0.005000000819563869,-0.004999999888241291,0.0,4.0,5.0,09-16,3.0784999472089125
07-05,1.0600004196167008,-1.8500003814697232,2.0799999237060582,-18.067499071359638,0.16499999165534973,29.418999403715137,-0.03500000387430191,-0.005000000819563869,-0.00999999977648258,0.0,4.0,5.0,09-18,1.275650028139354
07-06,1.0600004196167008,-1.8500003814697232,1.494998931884762,0.0,0.14500001072883606,-0.0949999988079071,-0.03500000387430191,46.549999084323645,-0.00999999977648258,0.0,4.0,5.0,09-19,4.725999806262553
07-07,1.1199998855590856,-1.8500003814697232,2.2850017547607417,0.0,0.16999998688697815,-0.0949999988079071,-0.02499999850988388,-0.005000000819563869,-0.00999999977648258,0.0,3.0,6.0,09-20,0.15900012478232456
07-08,1.1700000762939469,-2.399999618530273,1.5300006866455078,0.0,0.16999998688697815,-0.07499998807907103,-45.8149995431304,-0.005000000819563869,-0.00999999977648258,0.0,3.0,7.0,09-21,-4.543499840050936
07-09,2.029999732971193,-2.6000003814697235,1.1650009155273438,0.0,0.18999996781349185,0.22999954223632105,-46.1899995431304,45.955001678317785,-0.00999999977648258,0.0,5.0,5.0,09-22,0.07700019124895316
07-10,1.969999313354492,-2.5949993133544917,1.0350017547607422,0.0,0.16999998688697815,29.69499962031841,-2.270000457763672,46.86999877914786,-0.00999999977648258,0.0,5.0,5.0,09-23,7.486499968357384
07-11,2.3000001907348637,-2.8249988555908203,1.0350017547607422,0.0,0.16499999165534968,29.72000053524971,45.3950012177229,46.86999877914786,-0.00999999977648258,1.75,7.0,3.0,09-24,12.440000361390414
07-12,1.9400005340576167,-2.8249988555908203,0.7800006866455078,0.0,0.125,0.9670009613037144,45.3950012177229,3.5099983215332102,-0.00999999977648258,1.170000076293945,7.0,3.0,09-25,5.105200294218959
07-13,1.9400005340576167,-2.584999084472656,1.4800014495849574,0.0,0.04500001668930054,-28.882999271154407,45.3950012177229,-43.370000457391136,-0.00999999977648258,1.170000076293945,5.0,5.0,09-26,-2.4817995518445963
07-14,1.770000457763672,-2.4050006866455083,1.4500007629394496,2.5150012969970703,0.040000021457672175,-28.882999271154407,45.3950012177229,2.7749977111816406,-0.004999999888241291,1.170000076293945,7.0,3.0,09-27,2.38220015866682
07-15,2.6199989318847616,-2.585000991821289,1.8850002288818395,2.185001373291016,0.040000021457672175,-0.060000002384185784,-0.03500000387430191,-43.370000457391136,-0.004999999888241291,0.7899990081787145,5.0,5.0,09-28,-3.853500189166516
07-16,-13.032749831676481,-1.3400001525878869,1.9700012207031212,2.185001373291016,0.040000021457672175,30.458999410271648,-0.03500000387430191,1.375,-0.004999999888241291,0.6399993896484375,6.0,4.0,09-29,2.2256251427344984
07-17,2.2300004959106445,-1.664999008178711,2.310001373291016,2.185001373291016,0.040000021457672175,1.229999542236328,-0.03500000387430191,-43.370000457391136,-0.004999999888241291,0.39999961853027344,6.0,4.0,09-30,-3.6679997044615447
07-18,2.399999618530273,-1.875,2.310001373291016,1.9950008392333949,-0.03499999642372137,-0.024999991059303308,-0.045000003650784486,-43.370000457391136,-0.00999999977648258,0.25,4.0,6.0,10-01,-3.8404998617246746
07-19,2.3199996948242188,-1.875,2.385000228881836,1.2550010681152344,0.05000001192092896,29.479999080300328,-0.045000003650784486,-43.370000457391136,-0.004999999888241291,-0.5,5.0,5.0,10-02,-1.030500037688762
07-20,2.3199996948242188,-1.770000457763672,1.6199989318847692,1.220001220703125,-0.02000001072883606,28.979999080300328,-0.045000003650784486,-43.370000457391136,-0.004999999888241291,-0.5,4.0,6.0,10-03,-1.1570002001710231
07-21,1.6199998855590818,-2.180000305175781,2.209999084472656,1.0600013732910156,0.019999980926513672,28.979999080300328,-0.045000003650784486,-43.285001372918494,-0.004999999888241291,-0.5,5.0,5.0,10-04,-1.2125002277083694
07-22,1.5900001525878924,-2.3000011444091872,2.3499984741210973,0.3300018310546875,0.019999980926513672,28.979999080300328,-0.045000003650784486,1.4099998474121094,-0.004999999888241291,-1.2800006866455045,6.0,4.0,10-05,3.104999753180892
07-23,1.6700000762939489,-2.130001068115238,2.364999771118164,0.3300018310546875,0.03999999165534973,28.389999315142628,-0.045000003650784486,-0.005000000819563869,-0.004999999888241291,-1.3000011444091797,5.0,5.0,10-06,2.9309998768381766
07-24,0.9800004959106444,-2.2650012969970668,2.9250011444091726,0.3300018310546875,0.01500001549720764,28.384999319911,-0.045000003650784486,-0.009999999776482582,-0.004999999888241291,-0.8299999237060547,5.0,5.0,10-07,2.9480001582764084
07-25,0.38000011444091975,-2.060001373291016,2.9250011444091726,-0.2449989318847656,-0.11499997973442078,28.85500030219555,-49.58000061102212,-0.009999999776482582,-0.004999999888241291,-1.1100006103515625,3.0,7.0,10-08,-2.0964999944902964
07-26,0.4600000381469762,-2.060001373291016,2.8500003814697195,-0.1849994659423828,-0.10499998927116387,28.484999462962154,-49.58000061102212,-0.009999999776482582,-0.004999999888241291,-1.1300010681152344,3.0,7.0,10-09,-2.1280002624727787
07-27,0.4600000381469762,-2.060001373291016,3.245000839233395,18.082129925489426,-0.1300000250339508,28.44500045478344,-49.58000061102212,44.4999998472631,-0.004999999888241291,-1.1300010681152344,5.0,5.0,10-10,4.182712802756578
07-28,0.4899997711181658,-2.3650016784668004,3.2700004577636683,-0.4199981689453125,-0.15000000596046448,28.44500045478344,-0.029999999329447743,43.525001373142004,-0.004999999888241291,-1.1300010681152344,4.0,6.0,10-11,7.163000113610178
07-29,0.2899999618530273,-2.3199996948242188,2.6100006103515594,-0.979999542236328,-0.15000000596046448,28.44500045478344,-0.029999999329447743,43.59500106796622,-0.004999999888241291,-1.020000457763672,4.0,6.0,10-12,7.043500239495188
07-30,0.5,-2.09000015258789,2.1649990081787145,-0.979999542236328,-0.15000000596046448,27.21500015258789,-0.01999999955296516,-0.009999999776482582,-0.004999999888241291,-1.0400009155273402,3.0,7.0,10-13,2.558499854523689
07-31,0.23999977111816584,-1.9300003051757808,0.8750000000000036,-0.979999542236328,-0.08000001311302185,-1.5990009307861293,0.0049999989569187156,44.139999236911535,-0.004999999888241291,-1.210000991821289,4.0,6.0,10-14,3.945599722396583
08-01,0.05999946594238459,-2.0499992370605504,0.8750000000000036,-1.0849990844726562,-0.12000000476837157,-2.0560016632080043,0.0049999989569187156,44.139999236911535,-0.004999999888241291,-0.6000003814697266,4.0,6.0,10-15,3.916399833094329
08-02,0.1499996185302752,-2.0499992370605504,1.0349998474121165,-0.5349998474121094,-0.12000000476837157,27.53499984741211,0.0,44.139999236911535,-0.004999999888241291,-0.8500003814697266,4.0,6.0,10-16,6.929999907966702
08-03,0.1499996185302752,-2.305000305175781,1.5049991607666016,-0.6099987030029297,-0.1599999964237213,-0.040000006556510925,0.0,44.424999084323645,-0.004999999888241291,-0.8500003814697266,3.0,7.0,10-17,4.210999847110362
08-04,-0.1099996566772461,-1.920000076293945,1.3899993896484408,-0.7899990081787109,-0.14500001072883606,-0.040000006556510925,0.0,-0.015000000596046446,-0.004999999888241291,-0.8500003814697266,1.0,9.0,10-18,-0.24849997507408225
08-05,0.0,-2.0349998474121063,2.709999084472656,-0.6349983215332031,-0.14500001072883606,0.009999990463256836,0.010000001639127723,-0.009999999776482582,-0.004999999888241291,-1.0500011444091797,3.0,7.0,10-19,-0.11500002471730078
08-06,0.05000019073486328,-1.9950008392334018,3.1649990081787074,-0.6349983215332031,-0.14500001072883606,-28.80300049483776,0.010000001639127723,44.170001830905676,-0.004999999888241291,-1.25,4.0,6.0,10-20,1.4562001365236932
08-07,0.35000038146972656,-2.2600002288818435,3.5749988555908203,-0.6349983215332031,-0.05499997735023493,-29.22299927473068,0.010000001639127723,44.264999236911535,-0.004999999888241291,-1.3000011444091797,4.0,6.0,10-21,1.4721999528817826
08-08,0.4200000762939453,-2.2600002288818435,3.5749988555908203,-0.15999984741210938,-0.060000002384185736,-28.499999701976773,0.010000001639127723,44.264999236911535,-0.004999999888241291,-1.210000991821289,4.0,6.0,10-22,1.6074997398070985
08-09,-0.13000011444091794,-2.2600002288818435,3.5499992370605504,-0.08499908447265625,-0.08499997854232783,-29.04500083625317,47.955001678317785,44.264999236911535,-0.004999999888241291,-1.1100006103515625,3.0,7.0,10-23,6.304999929945916
08-10,-0.13000011444091794,-2.2600002288818435,2.2499999999999964,-0.2299995422363281,-0.05499997735023493,-29.04500083625317,47.955001678317785,-0.009999999776482582,-0.004999999888241291,-1.1100006103515625,2.0,8.0,10-24,1.7360000369139006
08-11,-0.75,-1.8050003051757808,2.665000915527344,0.08500099182128906,-0.04999998211860657,-29.04500083625317,47.955001678317785,44.80000183172525,-0.004999999888241291,-1.1100006103515625,4.0,6.0,10-25,6.27400036836043
08-12,-0.6500005722045916,-0.97500038146973,2.1900005340576167,-0.2999992370605469,-0.04999998211860657,-0.03999999165534976,47.955001678317785,-0.004999998956918713,-0.004999999888241291,-1.1300010681152344,2.0,8.0,10-26,4.699000098090618
08-13,-0.6100006103515643,-0.9650001525878906,1.6149997711181676,-0.2999992370605469,-0.12999999523162842,-0.010000005364418002,47.955001678317785,45.01499816961587,-0.004999999888241291,-1.1499996185302734,3.0,7.0,10-27,9.141500000003726
08-14,-0.6000003814697266,-0.9650001525878906,1.2049999237060582,-0.2999992370605469,-0.14500001072883606,-0.005000010132789584,47.955001678317785,45.144999237731106,-0.004999999888241291,-1.1700000762939489,3.0,7.0,10-28,9.111500097159297
08-15,-0.4099998474121112,-0.9650001525878906,1.2049999237060582,-0.2999992370605469,-0.11500000953674315,-30.048999860882763,47.955001678317785,45.144999237731106,0.0,-1.1000003814697266,3.0,7.0,10-29,6.136600135080516
08-16,-0.219999313354494,-0.9650001525878906,1.5349998474121058,-0.2999992370605469,-0.08500000834465032,-0.024999991059303284,0.0049999989569187156,45.144999237731106,0.0,-1.6300010681152344,3.0,7.0,10-30,4.3459999313578015
08-17,-0.219999313354494,-0.5049991607666016,1.1199989318847656,-0.07499885559081676,-0.05500000715255743,-0.024999991059303284,0.0049999989569187156,44.57499954290689,0.0,-1.6300010681152344,3.0,7.0,10-31,4.319000007770955
08-18,-0.1899995803833008,-0.9599990844726562,1.4900016784667969,-0.154998779296875,-0.08500000834465032,-0.024999991059303284,0.0049999989569187156,44.710001679137356,0.0,-1.6300010681152344,3.0,7.0,11-01,4.316000484488905
08-19,-0.9200000762939452,-1.1749992370605504,1.5300006866455045,-0.2449989318847656,-0.08500000834465032,-31.41499991714954,0.0049999989569187156,44.94499847479165,0.0,-1.3500003814697266,3.0,7.0,11-02,1.129000060819089
08-20,-0.5399999618530291,-1.2199993133544955,1.2449989318847656,-0.2449989318847656,-0.06499999761581426,-31.239000022411343,0.0049999989569187156,45.085001679137356,0.0,-1.510000228881836,3.0,7.0,11-03,1.151600215397775
08-21,-1.0900001525878906,-1.2399997711181676,0.875,-0.2449989318847656,-0.06499999761581426,-31.154999926686287,0.0,44.179999085143216,0.0,-1.6900005340576172,2.0,8.0,11-04,0.9569999771192671
08-22,-2.0099992752075195,-1.2399997711181676,0.875,-0.2849998474121094,-0.09999999403953552,-31.07000060379505,0.0,44.179999085143216,0.0,-1.5300006866455045,2.0,8.0,11-05,0.8819998906925324
08-23,-2.34999942779541,-1.2399997711181676,0.375,-0.05499839782714844,-0.060000002384185784,-0.07000000774860385,0.0,44.179999085143216,0.0,-1.3500003814697266,2.0,8.0,11-06,3.943000109679997
08-24,-2.34999942779541,-1.0299987792968786,0.1100006103515625,-0.2999992370605469,-0.15000000596046448,-0.09000000357627871,0.0,44.37499877996744,0.0,-1.3500003814697266,2.0,8.0,11-07,3.921500155515969
08-25,-1.9399995803833008,-1.1299991607666016,0.6599998474121129,-0.6149997711181641,-0.15000000596046448,-0.09000000357627871,0.0,-2.045001983642578,0.0,-1.3500003814697266,1.0,9.0,11-08,-0.6660001039505001
08-26,-2.159998893737788,-0.30499839782714844,0.9499988555908274,-0.6449985504150426,-0.15000000596046448,-30.92500053346157,-0.005000000819563869,-1.854999542236328,0.0,-1.2000007629394531,1.0,9.0,11-09,-3.629499783180653
08-27,-1.7200002670288068,0.05500030517578125,0.26000022888183594,-0.6449985504150426,-0.15000000596046448,-30.68600082397461,0.0,-3.1100006103515625,0.0,-1.3700008392333984,2.0,8.0,11-10,-3.7366000562906265
08-28,-2.2399988174438454,0.2399997711181641,0.9599990844726562,-0.6449985504150426,-0.15000000596046448,-1.6800003051757812,-0.015000002458691594,-4.805000305175781,0.0,-0.4300003051757813,2.0,8.0,11-11,-0.8764999436214568
08-29,-2.0799999237060547,0.8500003814697266,0.9599990844726562,-0.5699996948242188,-0.09999999403953552,-30.40800011157989,-0.015000002458691594,-4.805000305175781,0.0,0.11999893188476207,3.0,7.0,11-12,-3.604800163395703
08-30,-1.88000011444092,0.8500003814697266,0.4899997711181641,-0.6799983978271484,-0.18999996781349185,-0.07000000774860382,-0.015000002458691594,42.32499954290689,0.0,-0.20000076293945312,3.0,7.0,11-13,4.063000044226646
08-31,-1.88000011444092,0.8500003814697266,-0.6299991607666016,-1.0149993896484342,-0.16999998688697815,29.404999539256096,-0.015000002458691594,44.565001221373684,0.0,-0.20000076293945312,3.0,7.0,11-14,7.091000172495844
09-01,-2.1099996566772514,0.9850006103515591,-0.4249992370605469,-0.9499988555908204,-0.2199999988079072,29.404999539256096,-0.009999999776482586,-0.004999998956918713,0.0,-0.20000076293945312,2.0,8.0,11-15,2.647000163979828
09-02,-1.5100002288818375,0.3550014495849574,-0.1949996948242223,-1.0499992370605469,-0.2199999988079072,29.404999539256096,51.77999969571829,-0.004999998956918713,0.0,-0.20000076293945312,3.0,7.0,11-16,7.836000076308845
09-03,-1.4600000381469709,0.18500137329101207,0.10499954223632812,-1.0499992370605469,-0.2199999988079072,0.7030010223388672,-0.009999999776482586,-0.004999998956918713,0.0,-0.20000076293945312,3.0,7.0,11-17,-0.1951998097822072
09-04,-1.1500005722045863,-0.15999984741211293,0.09000015258789062,-1.0499992370605469,-0.1900000274181367,0.8420009613037074,-0.0049999989569187156,-0.004999998956918713,0.0,-0.20000076293945312,2.0,8.0,11-18,-0.18279993310570752
09-05,-1.3200006484985334,-0.5600013732910156,0.09000015258789062,-1.0299987792968786,-0.18500000238418585,29.435000002384186,49.500000916421406,-0.004999998956918713,0.0,-0.20000076293945312,3.0,7.0,11-19,7.57249995060265
09-06,-1.3200006484985334,-0.5600013732910156,0.09000015258789062,-0.1849994659423828,-0.18999996781349185,-29.89000084251165,50.23000045865774,-0.004999998956918713,0.0,-0.20000076293945312,2.0,8.0,11-20,1.796999755129218
09-07,-1.3200006484985334,-0.5600013732910156,-3.5300006866455083,0.3950004577636719,-0.18999996781349185,-0.23000144958495736,50.23000045865774,-0.004999998956918713,0.0,-0.20000076293945312,2.0,8.0,11-21,4.458999602869153
09-08,-1.3200006484985334,-17.659999668598175,-3.6900005340576167,0.3950004577636719,-0.18999996781349185,-0.23000144958495736,50.23000045865774,-48.590001678094275,0.0,-0.20000076293945312,2.0,8.0,11-22,-2.1255003793165086
09-09,-1.2899999618530271,0.7449989318847656,-4.125,0.4350013732910156,-0.18999996781349185,0.2600002288818395,50.22500045597553,-48.54499862715601,0.0,-0.20000076293945312,4.0,6.0,11-23,-0.2684998329728831
09-10,-2.039999961853022,1.1900005340576172,-3.6900005340576167,0.4350013732910156,-0.13999998569488525,-29.57999908924103,50.23000045865774,-47.34500167891383,0.0,-0.20000076293945312,3.0,7.0,11-24,-3.1139999646693464
09-11,-1.8299989700317365,1.1900005340576172,-3.6900005340576167,0.4350013732910156,-0.09999999403953552,-29.705000765621662,50.23000045865774,-47.34500167891383,0.0,-0.20000076293945312,3.0,7.0,11-25,-3.1015000339597463
09-12,-1.449999809265135,1.1900005340576172,-3.6900005340576167,0.04000091552734375,-0.11000001430511468,-29.42499984800816,50.23000045865774,-47.34500167891383,0.0,-0.20000076293945312,3.0,6.0,11-26,-3.0760000739246607
09-13,-1.449999809265135,1.1900005340576172,-3.685001373291016,0.5300006866455078,-0.09999999403953552,-29.359999313950528,50.23000045865774,-47.57999847456813,0.0,-0.20000076293945312,3.0,6.0,11-27,-3.0424998048692933
09-14,-1.449999809265135,1.239999771118164,-3.60000038146973,18.747499376535423,-0.16999998688697815,-29.359999313950528,50.23000045865774,-0.004999998956918713,0.0,-0.20000076293945312,3.0,6.0,11-28,3.543249935284257
09-15,-1.4600000381469709,1.3099994659423828,-3.760000228881832,0.04000091552734375,-0.12999999523162836,-29.359999313950528,4.520000457763672,-46.56499908491969,0.0,-0.20000076293945312,3.0,6.0,11-29,-7.560499858483674
09-16,-1.4099998474121094,1.5349998474121094,-4.080001831054688,-0.07999992370605469,-0.12999999523162836,-29.588999405503284,50.23000045865774,-0.00999999977648258,0.0,-0.20000076293945312,2.0,7.0,11-30,1.6265998540446158
09-17,-1.8399991989135724,2.0200004577636683,-4.405000686645508,-0.07999992370605469,-0.10500001907348627,29.61000007390976,50.23000045865774,-0.00999999977648258,0.0,-0.20000076293945312,3.0,6.0,12-01,7.522000039927661
09-18,-1.8399991989135724,2.1000003814697235,-4.405000686645508,-0.07999992370605469,-0.12999999523162836,-29.604999922215928,50.23000045865774,-0.00999999977648258,0.0,-0.20000076293945312,2.0,7.0,12-02,1.6060000350698829
09-19,-1.7799997329711896,2.1100006103515594,-4.405000686645508,0.025001525878902697,-0.14500001072883606,-0.05999946594238281,-45.109999390319,-0.00999999977648258,0.0,-0.20000076293945312,2.0,7.0,12-03,-4.957499791309238
09-20,-1.7100000381469729,2.1100006103515594,-4.165000915527344,0.3300018310546875,-0.13999998569488525,0.06399917602539773,7.040000915527344,-45.97000167891383,0.0,-0.20000076293945312,4.0,5.0,12-04,-4.26410008482635
09-21,-1.7100000381469729,2.104999542236328,-4.035001754760741,0.8600006103515625,-0.13499999046325686,0.4300003051757848,7.040000915527344,-3.3050003051757884,0.0,-0.20000076293945312,4.0,5.0,12-05,0.1049998521804806
09-22,-1.7100000381469729,2.334999084472656,-4.6050014495849565,0.7100009918212891,-0.15999999642372126,0.4300003051757848,6.709999084472648,-0.005000000819563866,0.0,-1.950000762939453,4.0,5.0,12-06,0.1754997218027711
09-23,-1.3500003814697266,2.375,-4.5050010681152335,0.9250011444091832,-0.15999999642372126,0.3600006103515589,52.9300012215972,-46.14999816939235,0.0,-1.3700008392333984,4.0,5.0,12-07,0.3055002521723516
09-24,-1.99999904632568,2.575000762939453,-4.930000305175786,0.9250011444091832,-0.15999999642372126,30.728000491857532,50.48000045865774,0.020000001415610303,0.0,-0.9899997711181676,5.0,4.0,12-08,7.664800374023616
09-25,13.642750442028046,2.9549999237060547,-4.930000305175786,-1.590000152587887,-0.1550000011920929,0.4050006866455007,-0.0149999987334013,0.020000001415610303,0.0,-0.8400001525878906,4.0,5.0,12-09,0.9492750443518154
09-26,-1.6099996566772459,3.3449993133544917,-4.930000305175786,-1.0,-0.1550000011920929,2.230998992919922,-0.0149999987334013,0.020000001415610303,0.0,-0.6000003814697266,3.0,6.0,12-10,-0.2714002035558227
09-27,-1.6099996566772459,3.3449993133544917,-5.115001678466792,-0.4249992370605433,-0.07999998331069935,32.9399987757206,48.5900010690093,-44.72500045597553,0.0,-0.6000003814697266,3.0,6.0,12-11,3.231999776512384
09-28,-1.6099996566772459,3.354999542236328,-5.455001831054688,0.2399997711181605,-0.16499999165534968,-0.10000000149011612,48.5900010690093,0.0149999987334013,0.0,-0.6000003814697266,4.0,5.0,12-12,4.4269998518750056
09-29,-1.6799993515014648,3.5650005340576167,-5.215000152587893,0.10499954223632812,-0.1850000023841858,-0.10000000149011612,48.60000106878578,0.0149999987334013,0.0,-0.4500007629394531,4.0,5.0,12-13,4.465500087291001
09-30,-1.5999994277954102,3.975000381469727,-5.415000915527344,-0.3250007629394531,-0.1850000023841858,-29.59499908238649,48.379999848082655,42.355001067742705,0.0,0.2999992370605469,4.0,5.0,12-14,5.789000034332275
10-01,-1.1000003814697266,4.830001831054692,-5.555000305175785,-0.3250007629394531,-0.0949999988079071,2.1200008392333953,49.49999877996744,-1.1749992370605469,0.0,1.0799999237060511,4.0,5.0,12-15,4.9280000688508165
10-02,0.4700002670288068,4.830001831054692,-5.555000305175785,-0.16500091552734375,-0.1499999761581421,2.9250011444091832,49.22999832220376,0.06500244140625,0.0,1.1000003814697266,6.0,3.0,12-16,5.275000319071114
10-03,0.2699995040893555,5.775001525878906,-5.555000305175785,0.5899982452392578,-0.12000000476837157,2.5750007629394567,48.71999832242727,0.06500244140625,0.0,0.6299991607666016,7.0,2.0,12-17,5.294999965280295
10-04,1.0100002288818324,5.775001525878906,-5.465000152587893,1.164999008178711,-0.09999999403953552,2.1649990081787074,49.66000076383352,44.42500183172525,0.0,0.6299991607666016,7.0,2.0,12-18,9.926500138081614
10-05,1.0100002288818324,5.560001373291012,-6.025001525878903,1.0400009155273402,-0.09000000357627874,2.6350002288818324,49.66000076383352,0.009999999776482582,0.0,0.6299991607666016,7.0,2.0,12-19,5.443000114150344
10-06,1.1900005340576136,5.355001449584961,-6.525001525878903,0.7350006103515625,-0.08500000834465032,2.6350002288818324,49.66000076383352,0.7999992370605469,0.0,0.9099998474121094,7.0,2.0,12-20,5.46750011369586
10-07,0.7300004959106445,5.7700004577636745,-6.275001525878903,0.7950000762939489,-0.08500000834465032,3.0050010681152277,50.62999816983938,2.359996795654297,0.0,0.9300003051757812,7.0,2.0,12-21,5.78599958345294
10-08,0.8100004196166992,5.94999885559082,-5.865001678466793,0.7950000762939489,-0.10999998450279236,5.265998840332023,50.57000061124563,2.194999694824226,0.0,0.8199996948242188,7.0,2.0,12-22,6.043099652975799
10-09,0.7899999618530273,6.260000228881836,-23.71663075685501,1.2099990844726562,-0.09000000357627869,6.645000457763665,49.95000167936087,-43.60000106878578,0.0,0.8400001525878871,6.0,3.0,12-23,-0.17116302642971276
10-10,0.8900003433227521,6.260000228881836,-23.71663075685501,1.7749996185302734,-0.0899999737739563,6.187002182006832,49.71000000089407,-43.60000106878578,0.0,1.010000228881836,6.0,3.0,12-24,-0.15746291968971438
10-11,0.8900003433227521,6.260000228881836,-23.906629383564,1.8799991607666016,-0.04999998211860657,6.790002822875973,49.71000000089407,0.004999998956918713,0.0,1.010000228881836,7.0,2.0,12-25,4.2588373418897385
10-12,0.8900003433227521,6.790000915527344,-22.616630375385288,1.395000457763672,-0.04999998211860657,6.669000625610348,49.71000000089407,-44.144999237731106,0.0,1.010000228881836,6.0,3.0,12-26,-0.03476270232349723
10-13,1.1800003051757812,6.909999847412112,-4.770000457763672,1.4699993133544922,-0.04999998211860657,6.669000625610348,49.71499999985099,0.5200004577636719,0.0,0.39999961853027344,7.0,2.0,12-27,6.204399972781539
10-14,1.25,6.524999618530277,-4.675001144409184,1.4699993133544922,-0.04999998211860657,6.2849998474121085,49.70499999821186,44.99499939009547,0.0,0.6499996185302734,7.0,2.0,12-28,10.61549966596067
10-15,1.079999923706055,6.6399993896484375,-5.290000915527344,1.4699993133544922,-0.009999990463256836,33.85999970138073,-0.02500000223517417,0.0,0.0,0.8500003814697266,5.0,4.0,12-29,3.857499780133367
10-16,1.119999885559082,6.460000991821293,-5.290000915527344,1.6499996185302734,-0.02499997615814209,-0.14499999582767487,-47.97000167891383,0.0,0.0,1.0499992370605469,4.0,5.0,12-30,-4.31500028334558
10-17,0.8999996185302734,6.460000991821293,-5.290000915527344,2.109998703002933,-0.0800000131130219,34.76000183820725,-0.009999999776482586,0.0,0.0,1.1000003814697266,5.0,4.0,12-31,3.9950000604614626
10-18,0.8999996185302734,6.460000991821293,-4.870000839233394,1.6350002288818395,-0.0749999880790711,34.76000183820725,-0.009999999776482586,-44.18000183068215,0.0,1.1000003814697266,5.0,4.0,01-01,-0.4279999598860723
10-19,0.8999996185302734,6.460000991821293,-5.280000686645508,1.7000007629394531,-0.05000001192092901,34.39500015974045,-0.009999999776482586,-44.274999236688025,0.0,1.1000003814697266,5.0,4.0,01-02,-0.5059998020529743
10-20,0.6599998474121094,6.700000762939452,-4.740001678466792,1.845001220703125,-0.03499999642372137,34.39500015974045,-0.009999999776482586,44.840001678094275,0.0,1.010000228881836,6.0,3.0,01-03,8.466500222310424
10-21,1.3300008773803746,6.444999694824219,-4.8800010681152335,1.845001220703125,-0.03499999642372137,34.39000014960766,-0.009999999776482586,-44.80000183172525,0.0,0.9099998474121094,5.0,4.0,01-04,-0.4805001106113192
10-22,1.2300004959106443,6.395000457763673,-5.095001220703125,1.845001220703125,-0.03499999642372137,34.39000014960766,-0.009999999776482586,0.004999998956918713,0.0,0.9300003051757812,6.0,3.0,01-05,3.9655001411214466
10-23,1.270000457763672,6.5249996185302725,-5.095001220703125,1.5300006866455078,-0.03999999165534973,35.54000061750411,-0.0049999989569187156,44.559999084100134,0.0,0.9499988555908204,6.0,3.0,01-06,8.523499810881912
10-24,1.2900009155273473,6.5249996185302725,-5.095001220703125,2.0300006866455043,-0.02499997615814209,34.496001899242394,-0.005000000819563869,44.559999084100134,0.0,0.9699993133544956,6.0,3.0,01-07,8.474600031971931
10-25,1.3400001525878906,6.5249996185302725,-4.375,2.125,-0.030000001192092892,34.54799850285053,-0.005000000819563869,-0.4599990844726562,0.0,0.9699993133544956,5.0,4.0,01-08,4.063799850083887
10-26,1.3400001525878906,6.5249996185302725,-3.96500015258789,2.029998779296875,-0.060000002384185736,33.919000700116165,-0.005000000819563869,-0.6349983215332031,0.0,0.9699993133544956,5.0,4.0,01-09,4.011900008656086
10-27,1.4700002670288086,6.5249996185302725,-3.5300006866455083,2.139999389648437,-0.060000002384185736,33.919000700116165,-0.005000000819563869,0.7150001525878906,0.0,0.8999996185302734,6.0,3.0,01-10,4.207399905659259
10-28,1.0199995040893557,6.5249996185302725,-4.035001754760741,2.1450004577636683,-0.060000002384185736,33.92400069534779,-0.005000000819563869,-44.705001678317785,0.0,1.4300003051757812,5.0,4.0,01-11,-0.37610028553754055
10-29,1.8799991607665982,6.809999465942386,-3.6300010681152335,2.1450004577636683,-0.09000000357627863,35.040001824498184,0.0,-44.93999847397208,0.0,1.1499996185302734,5.0,4.0,01-12,-0.16349990181624924
10-30,1.1799993515014666,6.704999923706057,-3.6300010681152335,2.1450004577636683,-0.060000002384185736,34.029998481273644,0.0,1.0050010681152344,0.0,1.3099994659423828,6.0,3.0,01-13,4.268499767780304
10-31,1.6899995803833043,6.6749992370605495,-3.6300010681152335,1.905000686645508,-0.060000002384185736,34.18500061333179,0.0,1.0050010681152344,0.0,1.489999771118164,6.0,3.0,01-14,4.3259999886155125
11-01,1.9600000381469729,6.6749992370605495,-2.9850006103515625,2.290000915527344,-0.02500000596046448,33.23000045120716,0.0,0.8649978637695312,0.0,1.489999771118164,6.0,3.0,01-15,4.349999766051769
11-02,1.9600000381469729,6.809999465942386,-2.615001678466797,1.9849987030029328,-0.02500000596046448,33.379998162388794,0.0,1.770000457763672,0.0,1.489999771118164,6.0,3.0,01-16,4.475499491393566
11-03,1.9499998092651367,6.809999465942386,-2.490001678466797,2.739999771118164,-0.02500000596046448,33.379998162388794,0.005000000819563869,1.575000762939446,0.0,1.3299999237060511,7.0,2.0,01-17,4.527499621175228
11-04,2.289999961853028,-15.674689888954164,-3.1800003051757852,2.2049999237060547,-0.02500000596046448,33.384998172521584,0.005000000819563869,1.845001220703125,0.0,1.1499996185302734,6.0,3.0,01-18,2.200030869804322
11-05,2.060000419616697,6.3899993896484375,-3.22500038146973,2.2049999237060547,-0.02500000596046448,33.40499816834926,0.005000000819563869,2.174999237060547,0.0,1.0,7.0,2.0,01-19,4.398999675177036
11-06,0.4900007247924787,5.305000305175786,-3.22500038146973,2.520000457763672,-0.02500000596046448,33.375999450683594,0.0,2.264999389648437,0.0,1.170000076293945,6.0,3.0,01-20,4.187600001692772
11-07,2.1199998855590843,5.524999618530273,-3.22500038146973,2.5499992370605504,-0.019999980926513672,-28.594999693334106,-51.78999969549478,2.264999389648437,0.0,0.2299995422363281,5.0,4.0,01-21,-7.094000207819045
11-08,3.07999897003174,5.524999618530273,-2.8300018310546875,1.5300006866455078,-0.01500001549720764,35.13499939441681,-51.79499969445168,2.020000457763672,0.0,0.2299995422363281,6.0,3.0,01-22,-0.7120002871379254
11-09,3.07999897003174,5.229999542236328,-3.5300006866455083,2.7950000762939453,-0.01500001549720764,34.98000061511993,-51.79499969445168,-42.3299995418638,0.0,0.2299995422363281,5.0,4.0,01-23,-5.135500119253995
11-10,3.049999237060547,4.420000076293945,-2.6750011444091832,2.8800010681152313,-0.01500001549720764,34.98000061511993,-0.004999998956918713,-44.565001221373684,0.0,-0.3199996948242152,4.0,5.0,01-24,-0.2250001078471559
11-11,3.250000953674318,3.729999542236332,-2.865001678466797,2.4150009155273366,-0.01500001549720764,34.98000061511993,-0.005000000819563869,43.160001372918494,0.0,0.0,5.0,4.0,01-25,8.465000170469285
11-12,2.87500095367432,3.1499996185302805,-3.120000839233395,2.4150009155273366,-0.01500001549720764,5.1230010986328125,-0.005000000819563869,0.004999998956918713,0.0,0.0,5.0,4.0,01-26,1.04280017297715
11-13,2.710000038146971,3.6099987030029297,-3.120000839233395,2.3500003814697235,0.03000000119209295,4.489997863769529,-0.009999999776482582,43.00999984703957,0.0,0.0,6.0,3.0,01-27,5.306999599561094
11-14,2.4799995422363263,3.6099987030029297,-3.120000839233395,2.4500007629394496,0.01000002026557928,4.8260002136230495,-0.005000000819563869,43.00999984703957,0.0,0.0,6.0,2.0,01-28,5.326099824905397
11-15,2.450000762939452,3.6099987030029297,-3.325000762939453,2.8899993896484415,0.004999995231628418,-29.534999996423718,-0.005000000819563869,43.00999984703957,0.0,0.0,5.0,3.0,01-29,1.9099997937679287
11-16,2.450000762939452,3.6099987030029297,-3.310001373291016,2.0450000762939453,-0.02500000596046448,-29.534999996423718,-0.005000000819563869,43.55000076256693,0.0,0.0,4.0,4.0,01-30,1.8779998928308488
11-17,2.2400007247924787,3.7650012969970703,0.0,1.4650001525878906,-0.02500000596046448,-29.534999996423718,-49.5100009161979,0.004999998956918713,0.0,0.0,4.0,4.0,01-31,-7.159499874524772
11-18,2.7599992752075178,21.71499997377396,0.0,1.795000076293945,-0.02500000596046448,-0.01499999314546585,-50.24000045843422,42.64499816857278,0.0,0.0,4.0,4.0,02-01,1.863499703630805
11-19,2.3550004959106414,2.739999771118168,0.0,1.795000076293945,-0.02500000596046448,-29.67499938607216,0.0,0.005000000819563866,0.0,0.0,4.0,4.0,02-02,-2.2804999047890306
11-20,2.0850000381469727,2.114999771118168,0.0,1.7549991607666016,-0.02500000596046448,-0.03999999165534973,-52.150000305846326,42.000000458210714,0.0,0.0,4.0,4.0,02-03,-0.4260000875219699
11-21,1.7449998855590785,2.114999771118168,0.0,2.149999618530273,-0.0949999988079071,-0.04499999433755876,-52.940001221373684,42.000000458210714,0.0,0.0,4.0,4.0,02-04,-0.5070001481100924
11-22,1.8350000381469729,2.114999771118168,0.0,1.6599998474121094,-0.08499997854232794,-0.039999999105930335,-52.940001221373684,42.000000458210714,0.0,0.0,4.0,4.0,02-05,-0.5455001084133986
11-23,1.8350000381469729,2.114999771118168,0.0,1.6599998474121094,-0.04499998688697815,-0.034999996423721334,-52.940001221373684,42.46000060997903,0.0,0.0,4.0,4.0,02-06,-0.4950000938028101
11-24,1.8350000381469729,2.6499996185302765,0.0,1.1200008392333984,-0.04499998688697815,-0.034999996423721334,-52.940001221373684,41.82000015303493,0.0,0.0,4.0,4.0,02-07,-0.5595000555738809
11-25,1.6300001144409215,2.6900005340576136,0.0,1.6200008392333984,-0.04499998688697815,-0.034999996423721334,-6.840000152587905,42.204998474568136,0.0,0.0,4.0,4.0,02-08,4.1224999826401465
11-26,2.005000114440921,2.6900005340576136,0.0,1.6200008392333984,-0.08499997854232794,-29.720000073313713,-7.2250022888183585,42.82000015303493,0.0,0.0,4.0,4.0,02-09,1.2104999300092458
11-27,1.894999504089352,2.3599987030029297,0.0,2.2600002288818395,-0.08999997377395635,-0.02499999850988388,-7.44000244140625,43.549999695271254,0.0,0.0,4.0,4.0,02-10,4.2509995717555285
11-28,1.6600008010864258,2.5349998474121134,0.0,2.3800010681152384,-0.06000000238418585,-0.020000003278255463,-9.990001678466806,43.549999695271254,0.0,0.0,4.0,4.0,02-11,4.005499972775579
11-29,1.4049997329711914,2.5349998474121134,0.0,2.4699993133544917,-0.06000000238418585,-29.76500014960766,-11.25500106811524,43.549999695271254,0.0,0.0,4.0,4.0,02-12,0.8879997368901964
11-30,1.4049997329711914,2.6550006866455083,0.0,2.1649990081787074,-0.06500002741813665,-29.75500015169382,-11.25500106811524,43.549999695271254,0.0,0.0,4.0,4.0,02-13,0.8699997875839461
12-01,1.4049997329711914,2.399999618530273,0.0,2.9449996948242223,-0.06500002741813665,-29.75500015169382,-11.25500106811524,-0.029998779296875,0.0,0.0,3.0,5.0,02-14,-3.4355000980198382
12-02,1.4049997329711914,2.399999618530273,0.0,2.9449996948242223,-0.06500002741813665,-29.91899970918894,-11.25500106811524,43.549999695271254,0.0,0.0,4.0,4.0,02-15,0.906099793687462
12-03,1.4650011062622068,2.399999618530273,0.0,2.9449996948242223,-0.06500002741813665,-30.28500083833933,-52.9450012203306,43.549999695271254,0.0,0.0,4.0,4.0,02-16,-3.2935001971200113
12-04,2.1950006484985347,2.3449993133544917,0.0,3.094999313354496,-0.04000002145767223,-30.813000485301018,-50.495000457391136,43.549999695271254,0.0,0.0,4.0,4.0,02-17,-3.0163001993671057
12-05,1.170000076293945,2.2950000762939418,0.0,2.8799991607666016,-0.04500001668930065,-31.02400009334087,0.0,43.549999695271254,0.0,0.0,4.0,4.0,02-18,1.8825998898595568
12-06,1.004999160766598,2.2950000762939418,0.0,2.6199989318847687,-0.04000002145767223,3.214000701904297,0.0,43.52499969303608,0.0,0.0,5.0,3.0,02-19,5.2618998542428015
12-07,1.004999160766598,2.1350002288818324,0.0,2.234998703002933,-0.06499999761581421,3.944000244140625,0.0,43.52499969303608,0.0,0.0,5.0,3.0,02-20,5.277899803221226
12-08,1.004999160766598,1.7450008392333949,0.0,2.6100006103515625,-0.06499999761581421,3.944000244140625,0.0,42.79000183194876,0.0,0.0,5.0,3.0,02-21,5.2029002688825114
12-09,1.3349990844726527,1.8400001525878904,0.0,2.6100006103515625,-0.06499999761581421,3.270000457763672,-48.6050010677427,43.33500000089407,0.0,0.0,5.0,3.0,02-22,0.3719999240711335
12-10,1.9650011062622068,1.8400001525878904,0.0,2.6100006103515625,-0.06499999761581421,35.949998624622815,-48.38499984703957,-42.345001067966216,0.0,0.0,4.0,4.0,02-23,-4.843000041879714
12-11,1.7750005722045898,1.4199981689453125,0.0,2.7800006866455043,-0.044999986886978094,5.394998550415043,-49.50499877892435,-42.345001067966216,0.0,0.0,4.0,4.0,02-24,-8.05250018555671
12-12,-14.537249565124512,1.2349987030029297,0.0,3.145000457763672,-0.030000001192092837,5.415000915527344,-49.22999832220376,-42.345001067966216,0.0,0.0,3.0,5.0,02-25,-9.634724888019264
12-13,2.1549997329711914,1.2349987030029297,0.0,3.1200008392333984,-0.030000001192092892,-31.090000078082085,-49.22999832220376,-43.18000015243888,0.0,0.0,3.0,5.0,02-26,-11.70199992787093
12-14,2.1549997329711914,1.2349987030029297,0.0,4.0750007629394505,-0.01000002026557928,5.630998611450195,-49.22999832220376,-44.420001830905676,0.0,0.0,4.0,4.0,02-27,-8.056400236301124
12-15,2.1549997329711914,-0.2849998474121058,0.0,4.704999923706059,-0.06500001251697538,5.630998611450195,-48.72999832220376,0.0,0.0,0.0,3.0,5.0,02-28,-3.6588999914005393
12-16,1.404998779296875,-0.2849998474121058,0.0,4.10000038146973,-0.06500001251697538,5.580999374389652,-49.67500076256693,-45.299999084323645,0.0,0.0,3.0,5.0,03-01,-8.42390011716634
12-17,1.8749990463256816,-0.2849998474121094,0.0,4.10000038146973,-0.06500001251697538,6.097997665405277,-50.644998168572776,-45.8849981687963,0.0,0.0,3.0,5.0,03-02,-8.480699910409749
12-18,1.5650005340576207,1.079999923706055,0.0,4.22500038146973,-0.05000001192092896,-33.84099929779767,-50.585000609979026,-45.8849981687963,0.0,0.0,3.0,5.0,03-03,-12.349099724926054
12-19,1.6399993896484408,0.5349998474121129,0.0,4.209999084472656,-0.05000001192092896,5.520000457763672,-49.965001678094275,-45.8849981687963,0.0,0.0,4.0,4.0,03-04,-8.399500107951463
12-20,1.7999992370605469,0.5349998474121129,0.0,4.785001754760742,-0.060000002384185736,4.858997344970703,-49.965001678094275,-45.79000076279044,0.0,0.0,4.0,4.0,03-05,-8.383600425906481
12-21,1.7999992370605469,0.09499931335449574,17.851629078388214,4.9099998474121085,-0.0650000274181366,-34.12100189179182,-49.965001678094275,0.0,0.0,0.0,4.0,4.0,03-06,-5.949437612108886
12-22,1.6399993896484375,0.09499931335449574,0.0,4.9099998474121085,-0.055000007152557366,-34.12100189179182,-49.724999999627464,-44.94999954290689,0.0,0.0,3.0,5.0,03-07,-12.220600289106367
12-23,1.604999542236328,-0.125,0.0,4.9099998474121085,-0.055000007152557366,-33.9999996945262,-5.950000762939452,-44.984999390319,0.0,0.0,2.0,6.0,03-08,-7.860000046528876
12-24,1.6649990081787074,-0.274999618530277,0.0,4.9099998474121085,-0.055000007152557366,-34.004999697208405,44.38499877974392,0.004999998956918713,0.0,0.0,4.0,4.0,03-09,1.6629998311400414
12-26,2.599998474121086,-0.274999618530277,0.0,4.9099998474121085,-0.040000021457672175,39.36500030755997,42.7130017094314,0.004999998956918713,0.0,0.0,5.0,3.0,03-11,8.927800069749352
12-27,2.864999771118157,-0.274999618530277,0.0,-19.57499945163727,-0.02500000596046453,3.8749999999999933,0.00999999977648258,0.004999998956918713,0.0,0.0,4.0,4.0,03-12,-1.3119999306276462
12-28,2.864999771118157,-0.274999618530277,0.0,-19.700000762939453,-0.02500000596046453,-34.8950018323958,0.00999999977648258,0.004999998956918713,0.0,0.0,3.0,5.0,03-13,-5.201500244997444
12-29,3.355000495910641,-0.5149993896484375,0.0,-19.695000767707825,-0.014999985694885254,-34.8950018323958,0.0,-44.835001679137356,0.0,0.0,1.0,7.0,03-14,-9.660000315867363
12-30,3.4900007247924805,-0.8800010681152308,0.0,-19.625000774860386,-0.014999985694885254,-34.530000153928995,0.0,0.0,0.0,0.0,1.0,7.0,03-15,-5.156000125780702
12-31,3.679999351501469,-2.899999618530273,0.0,-19.625000774860386,-0.030000001192092892,-34.530000153928995,0.0,0.0,0.0,0.0,1.0,7.0,03-16,-5.340500119701028
