,2009,2010,2011,2012,2013,2014,2015,2016,2017,2018,2019,2020,ups,downs,end_day_sum,avg
01-02,-0.33500003814697266,0.12999999523162842,0.019999995827674862,0.0,0.0,0.002199999988079071,-0.0019000000320374968,-0.0015000002458691595,-0.0007599999662488699,0.005769999697804451,0.0010000001639127733,0.0002000001259148121,6.0,6.0,03-17,-0.014999170613009484
01-03,-0.30000001192092896,0.1599000096321106,0.019999995827674862,0.0,0.0,0.002199999988079071,-0.0019000000320374968,-0.0015000002458691595,-0.0007599999662488699,0.005769999697804451,0.0012000002898275852,0.0,5.0,7.0,03-18,-0.009590833894132324
01-04,-0.36000001430511475,0.1599000096321106,0.019999995827674862,0.0,0.0,0.0015000002458691595,-0.0029000001959502697,-0.0015000002458691595,-0.0007599999662488699,0.005999999586492778,0.0012000002898275852,0.0,5.0,7.0,03-19,-0.01471333409426734
01-05,-0.36000001430511475,0.1599000096321106,0.019999995827674862,0.0,0.0,0.0015000002458691595,-0.0029000001959502697,0.0004999996162950994,-0.0007599999662488699,0.006059999810531735,0.0012000002898275852,0.0,6.0,6.0,03-20,-0.014541667420417069
01-06,-0.22999995946884155,0.15849998593330386,0.019999995827674862,0.0,0.0,0.0015000002458691595,-0.0029000001959502697,0.0004999996162950994,-0.0007599999662488699,0.006099999649450183,0.0012000002898275852,0.0,6.0,6.0,03-21,-0.003821664839051664
01-07,-0.22999995946884155,9.998679161071776e-05,0.019999995827674862,0.0,0.0,0.0,-0.0029000001959502697,0.0004999996162950994,-0.0007599999662488699,0.006099999649450183,0.0012000002898275852,0.0,5.0,7.0,03-22,-0.017146664788015187
01-08,-0.2899999767541885,0.02500000596046448,0.009999990463256836,0.0,0.0,0.0,-0.0029000001959502697,0.0004999996162950994,-0.0007599999662488699,0.006099999649450183,0.0012000002898275852,0.0,5.0,7.0,03-23,-0.020904998411424455
01-09,-0.3799999803304672,0.06000000238418578,0.009999990463256836,0.0,0.0,0.0,-0.0030999998562037945,0.0004999996162950994,-0.0007599999662488699,0.004999999888241291,0.0012000002898275852,0.0002000001259148121,6.0,6.0,03-24,-0.02557999894876654
01-10,-0.22999998927116394,0.06000000238418578,0.009999990463256836,0.0,0.0,0.0,-0.0030999998562037945,0.0004999996162950994,-0.0007599999662488699,0.0026999996043741703,0.0012000002898275852,0.0002000001259148121,6.0,6.0,03-25,-0.01327166638414686
01-11,-0.19999998807907104,0.06000000238418578,0.009999990463256836,0.0,0.0,0.0,-0.0030999998562037945,0.0004999996162950994,-0.0007599999662488699,0.0026999996043741703,0.003480000188574195,0.0002000001259148121,6.0,6.0,03-26,-0.010581666293243568
01-12,-0.19999998807907104,0.08000001311302185,0.009999990463256836,0.0,0.0,0.0,-0.0030999998562037945,-0.002199999988079071,-0.000699999975040555,0.0026999996043741703,0.003480000188574195,0.0002000001259148121,5.0,7.0,03-27,-0.00913499870027105
01-13,-0.19999998807907104,0.06999999284744263,0.0,0.0,0.0,0.0,-0.0030999998562037945,-0.002199999988079071,-0.000699999975040555,0.0044999998062849045,0.003480000188574195,0.0002000001259148121,4.0,8.0,03-28,-0.010651666244181492
01-14,-0.11169999837875366,0.03999999165534973,0.0,0.0,0.0,0.0,-0.0029000001959502697,-0.002199999988079071,-0.000699999975040555,0.0044999998062849045,0.003480000188574195,0.0002000001259148121,4.0,8.0,03-29,-0.005776667230141659
01-15,-0.12000000476837155,0.04999998211860657,0.0,0.0,0.0,0.0,-0.0029000001959502697,-0.0023999996483325967,-0.000699999975040555,0.0044999998062849045,0.003480000188574195,0.0002000001259148121,4.0,8.0,03-30,-0.00565166852902621
01-16,-0.12000000476837155,0.019999980926513672,0.0,0.0,0.0,0.0,-0.0020000003278255467,-0.0023999996483325967,-0.000699999975040555,0.0044999998062849045,0.003480000188574195,0.0002000001259148121,4.0,8.0,03-31,-0.00807666863935689
01-17,-0.14000001549720764,0.019999980926513672,0.0,0.0,0.0,0.0,-0.0020000003278255467,-0.0023999996483325967,-0.000699999975040555,0.0044999998062849045,0.003480000188574195,0.0002000001259148121,4.0,8.0,04-01,-0.00974333620009323
01-18,-0.11000001430511476,0.019999980926513672,0.0,0.0,0.0,0.0,-0.0020000003278255467,-0.0023999996483325967,-0.000699999975040555,0.0044999998062849045,0.003480000188574195,0.0002000001259148121,4.0,8.0,04-02,-0.007243336100752154
01-19,-0.11000001430511476,0.019999980926513672,-0.06000000238418578,0.0,0.0,0.0,-0.0020000003278255467,-0.0023999996483325967,0.0006099999882280828,0.0044999998062849045,0.003480000188574195,0.0002000001259148121,5.0,7.0,04-03,-0.012134169635828584
01-20,-0.11000001430511476,0.04980000853538513,-0.06000000238418578,0.0,0.0,0.0,-0.0020000003278255467,-0.0023999996483325967,0.0006099999882280828,0.0044999998062849045,0.003480000188574195,0.0002000001259148121,5.0,7.0,04-04,-0.009650834001755962
01-21,-0.10010001063346864,0.04100000858306885,-0.06000000238418578,0.0,0.0,0.0,-0.0020000003278255467,-0.0023999996483325967,0.0006099999882280828,0.0044999998062849045,0.003480000188574195,0.0002000001259148121,5.0,7.0,04-05,-0.009559167025145143
01-22,-0.10010001063346864,0.07999998331069946,-0.0989999994635582,0.0,0.0,0.0,-0.0020000003278255467,-0.0023999996483325967,0.0006099999882280828,0.0044999998062849045,0.003480000188574195,0.0002000001259148121,5.0,7.0,04-06,-0.009559168887790293
01-23,-0.10010001063346864,0.26499998569488525,-0.0989999994635582,0.0,0.0,0.0,-0.0020000003278255467,-0.0023999996483325967,0.0006099999882280828,0.0044999998062849045,0.003480000188574195,0.0002000001259148121,5.0,7.0,04-07,0.005857497977558522
01-24,0.0,0.17100000381469727,-0.0989999994635582,0.0,0.0,0.0,-0.0020000003278255467,-0.0023999996483325967,0.0006099999882280828,0.0044999998062849045,0.003480000188574195,0.0002000001259148121,5.0,6.0,04-08,0.0063658337069985756
01-25,0.0,0.17100000381469727,-0.0989999994635582,0.0,0.0,0.0,-0.0020000003278255467,-0.0023999996483325967,0.0006099999882280828,0.0044999998062849045,0.003200000151991844,0.0002000001259148121,5.0,6.0,04-09,0.0063425003706167144
01-26,0.0,0.16099998354911804,0.019999995827674862,0.0,0.0,0.0,-0.0020000003278255467,-0.0023999996483325967,-0.003389999852515757,0.0044999998062849045,0.0012000002898275852,0.0002000001259148121,5.0,6.0,04-10,0.01492583164751219
01-27,-0.07000002264976501,0.4100000262260437,-0.09299999475479126,0.0,0.0,0.0,-0.0020000003278255467,-0.0023999996483325967,-0.003389999852515757,0.0044999998062849045,0.0012000002898275852,0.0002000001259148121,4.0,7.0,04-11,0.02042583410123673
01-28,-0.14000001549720764,0.6200999915599823,-0.09000000357627869,0.0,0.0,0.0,-0.00010000029578804972,-0.0023999996483325967,-0.003389999852515757,0.0044999998062849045,0.0012000002898275852,0.0002000001259148121,4.0,7.0,04-12,0.03250916440932392
01-29,0.0,0.5099999606609344,-0.09000000357627869,0.0,0.0,0.0,-0.00010000029578804972,-0.0023999996483325967,-0.003389999852515757,0.0044999998062849045,0.0012000002898275852,0.0002000001259148121,4.0,7.0,04-13,0.035000829792503886
01-30,0.029999971389770508,0.5150000154972076,-0.03999999165534973,0.0,0.0,0.0,0.00028999987989664083,-0.0023999996483325967,-0.003389999852515757,0.0024999994784593573,0.0012000002898275852,0.0002000001259148121,6.0,5.0,04-14,0.04194999962540654
01-31,-0.010099977254867555,0.5315999686717987,-0.03999999165534973,0.0,0.0,0.0,0.00028999987989664083,-0.0023999996483325967,-0.003389999852515757,0.003499999642372132,0.0012000002898275852,0.0002000001259148121,5.0,6.0,04-15,0.04007500001656202
02-01,0.2400000095367432,0.5315999686717987,-0.03999999165534973,0.0,0.0,0.0,0.00028999987989664083,-0.0023999996483325967,-0.003389999852515757,0.003499999642372132,0.0012000002898275852,0.0002000001259148121,6.0,5.0,04-16,0.060916665582529575
02-02,0.2400000095367432,0.5315999686717987,-0.03999999165534973,0.0,0.0,0.0,0.00028999987989664083,-0.0023999996483325967,-0.003389999852515757,0.003499999642372132,0.0012000002898275852,0.0002000001259148121,6.0,5.0,04-17,0.060916665582529575
02-03,0.3199999928474426,0.4600000083446503,-0.03999999165534973,0.0,0.0,0.0,0.00028999987989664083,-0.0023999996483325967,-0.003389999852515757,0.003499999642372132,0.0012000002898275852,0.0002000001259148121,6.0,5.0,04-18,0.0616166674978255
02-04,0.06999999284744263,0.4498999714851379,-0.019999995827674862,0.0,0.0,0.0,0.00028999987989664083,-0.0023999996483325967,-0.003389999852515757,0.003499999642372132,0.0012000002898275852,0.0002000001259148121,6.0,5.0,04-19,0.04160833074517237
02-05,0.17000001668930054,0.42500001192092896,-0.019999995827674862,0.0,0.0,0.0,0.00028999987989664083,-0.0023999996483325967,-0.003389999852515757,0.003499999642372132,0.0012000002898275852,0.0002000001259148121,6.0,5.0,04-20,0.04786666943497645
02-06,0.10000002384185792,0.4200000166893005,-0.019999995827674862,0.0,0.0,0.003899999894201757,0.00028999987989664083,-0.0026999996043741703,-0.003389999852515757,0.003499999642372132,0.0012000002898275852,0.0002000001259148121,7.0,4.0,04-21,0.04191667042323388
02-07,0.10000002384185792,0.36010003089904785,-0.019999995827674862,0.0,0.0,-0.0015000002458691595,0.00028999987989664083,-0.0026999996043741703,-0.003389999852515757,0.003499999642372132,0.0012000002898275852,0.0002000001259148121,6.0,5.0,04-22,0.03647500492904025
02-08,-0.046000003814697266,0.36010003089904785,-0.019999995827674862,0.0,0.0,-0.0015000002458691595,0.00028999987989664083,-0.0026999996043741703,-0.002989999717101455,0.003499999642372132,0.0012000002898275852,0.0002000001259148121,5.0,6.0,04-23,0.02434166930227851
02-09,-0.046000003814697266,0.35010001063346863,-0.02500000596046448,0.0,0.0,0.003899999894201757,0.00028999987989664083,-0.0026999996043741703,-0.002989999717101455,0.003499999642372132,0.0012000002898275852,0.0002000001259148121,6.0,5.0,04-24,0.023541666780753683
02-10,-0.046000003814697266,0.5099999904632568,-0.019999995827674862,0.0,0.0,0.003899999894201757,-0.00020999973639845848,-0.0026999996043741703,-0.002989999717101455,0.0029999995604157448,0.0012000002898275852,0.0002000001259148121,5.0,6.0,04-25,0.03719999930278088
02-11,0.05000001192092896,0.4399999976158142,-0.019999995827674862,0.0,0.0,0.003899999894201757,-0.00020999973639845848,-0.0026999996043741703,-0.002989999717101455,0.0029999995604157448,0.0012000002898275852,0.0002000001259148121,6.0,5.0,04-26,0.03936666787679618
02-12,0.05000001192092896,0.39989998936653137,-0.019999995827674862,0.0,0.0,-0.002899999963119626,-0.00020999973639845848,-0.0026999996043741703,-0.002989999717101455,0.0029999995604157448,-0.0012999996542930605,0.0002000001259148121,4.0,7.0,04-27,0.03525000053923577
02-13,0.05000001192092896,0.29999998211860657,0.055000007152557366,0.0,0.0,-0.002899999963119626,-0.00020999973639845848,-0.0026999996043741703,-0.002989999717101455,0.0029999995604157448,-0.0037999995984137054,0.0002000001259148121,5.0,6.0,04-28,0.032966666854918
02-14,0.16009998321533206,0.29999998211860657,0.055000007152557366,0.0,0.0,-0.002899999963119626,-0.00020999973639845848,-0.0026999996043741703,-0.002989999717101455,0.0029999995604157448,-0.0037999995984137054,0.0002000001259148121,5.0,6.0,04-29,0.042141664462784924
02-15,0.05009999871253967,0.29999998211860657,0.055000007152557366,0.0,0.0,-0.002899999963119626,-0.0004999996162950994,-0.0026999996043741703,-0.002989999717101455,0.0029999995604157448,-0.0037999995984137054,0.0002000001259148121,5.0,6.0,04-30,0.032950832430894174
02-16,0.05009999871253967,0.29999998211860657,0.055000007152557366,0.0,0.0,-0.002899999963119626,-0.0004999996162950994,-0.0026999996043741703,-0.002989999717101455,0.0029999995604157448,-0.003999999724328518,0.0005000000819563867,5.0,6.0,05-01,0.032959165750071406
02-17,0.05009999871253967,0.3669000267982483,0.055000007152557366,0.0,0.0,-0.002899999963119626,-0.0004999996162950994,-0.000800000037997961,-0.000989999622106552,-0.004999999888241291,-0.003999999724328518,0.0005000000819563867,4.0,7.0,05-02,0.03819250282443439
02-18,0.20980000495910645,0.3698999881744385,0.015000000596046446,0.0,0.0,-0.002899999963119626,-0.0004999996162950994,-0.000800000037997961,-0.000989999622106552,-0.004999999888241291,-0.003999999724328518,0.0005000000819563867,4.0,7.0,05-03,0.048417499579954885
02-19,0.21979999542236328,0.304999977350235,0.015000000596046446,0.0,0.0,-0.002899999963119626,-0.0004999996162950994,-0.000800000037997961,-0.000989999622106552,-0.004999999888241291,-0.003999999724328518,0.0005000000819563867,4.0,7.0,05-04,0.04384249788320934
02-20,0.2699999958276749,0.3490000069141388,0.015000000596046446,0.0,0.0,-0.002899999963119626,-0.0004999996162950994,-0.002300000283867121,-0.000989999622106552,-0.004999999888241291,-0.003999999724328518,0.0002000001259148121,4.0,7.0,05-05,0.051542500363818064
02-21,0.1600000113248825,0.4090000092983246,0.015000000596046446,0.0,0.0,-0.002899999963119626,-0.0004999996162950994,-0.002300000283867121,-0.000989999622106552,-0.004999999888241291,-0.003999999724328518,0.0002000001259148121,4.0,7.0,05-06,0.04737583518726751
02-22,0.20999999344348907,0.4090000092983246,0.015000000596046446,0.0,0.0,-0.002899999963119626,-0.0004999996162950994,-0.002300000283867121,-0.000989999622106552,-0.00494999997317791,-0.003999999724328518,0.0002000001259148121,4.0,7.0,05-07,0.05154666702340669
02-23,0.20999999344348907,0.4579000174999237,-0.004999995231628418,0.0,0.0,-0.002899999963119626,-0.0004999996162950994,-0.002300000283867121,-0.000989999622106552,-0.00494999997317791,-0.003999999724328518,0.0005000000819563867,3.0,8.0,05-08,0.05398000138423716
02-24,0.20999999344348907,0.4199000298976898,-0.004999995231628418,0.0,0.0,-0.002899999963119626,-0.0004999996162950994,-0.002300000283867121,-0.000989999622106552,-0.00494999997317791,-0.003999999724328518,0.0005000000819563867,3.0,8.0,05-09,0.05081333575071767
02-25,0.13600000739097595,0.3499000370502472,-0.004999995231628418,0.0,0.0,-0.002899999963119626,-0.0009999996982514858,-0.002300000283867121,-0.000989999622106552,-0.00494999997317791,-0.003999999724328518,0.0005000000819563867,3.0,8.0,05-10,0.038771670835558325
02-26,0.8799999356269836,0.3499000370502472,-0.004999995231628418,0.0,0.0,-0.002899999963119626,-0.0009999996982514858,-0.002300000283867121,-0.000989999622106552,-0.00494999997317791,-0.003999999724328518,0.0005000000819563867,3.0,8.0,05-11,0.10077166485522564
02-27,0.75,0.3199999928474426,-0.004999995231628418,0.0,0.0,-0.002899999963119626,-0.0009999996982514858,-0.002300000283867121,-0.000989999622106552,-0.00494999997317791,-0.003999999724328518,0.0005000000819563867,3.0,8.0,05-12,0.08744666653607662
02-28,0.5400000214576721,0.3698999881744385,-0.004999995231628418,0.0,0.0,-0.002899999963119626,-0.0009999996982514858,-0.002300000283867121,0.001760000130161643,-0.00494999997317791,-0.003999999724328518,0.0074999998323619374,4.0,7.0,05-13,0.07491750122668843
02-29,0.0,0.0,0.0,0.0,0.0,0.0,0.0,-0.002300000283867121,0.0,0.0,0.0,0.00540000037290156,1.0,1.0,05-14,0.00025833334075286984
03-01,0.3500000238418579,0.3698999881744385,-0.004999995231628418,0.0,0.0,-0.002899999963119626,-0.0009999996982514858,-0.002300000283867121,-0.00023999996483325958,-0.00494999997317791,-0.003999999724328518,0.005000000121071936,3.0,8.0,05-15,0.058709168108180165
03-02,0.3500000238418579,0.3698999881744385,-0.024999991059303284,0.0,0.0,-0.002899999963119626,-0.0009999996982514858,-0.000800000037997961,-0.00023999996483325958,-0.00494999997317791,-0.003600000403821469,0.005000000121071936,3.0,8.0,05-16,0.05720083508640528
03-03,0.21000003814697266,0.3199999928474426,-0.024999991059303284,0.0,0.0,-0.002899999963119626,-0.0009999996982514858,-0.000800000037997961,-0.00023999996483325958,-0.00494999997317791,-0.003600000403821469,0.005000000121071936,3.0,8.0,05-17,0.04137583666791519
03-04,0.3899999856948853,0.3100000023841858,-0.024999991059303284,0.0,0.0,-0.002899999963119626,-0.0005000000819563867,-0.000800000037997961,-0.00023999996483325958,-0.00494999997317791,-0.003600000403821469,0.005000000121071936,3.0,8.0,05-18,0.055584166392994426
03-05,0.3400999903678894,0.22999998927116394,0.015000000596046446,0.0,0.0,-0.002899999963119626,-0.0005000000819563867,-0.000800000037997961,-0.00023999996483325958,-0.00494999997317791,-0.003600000403821469,0.005000000121071936,4.0,7.0,05-19,0.04809249832760543
03-06,0.3199999928474426,0.18999996781349185,0.015000000596046446,0.0,0.0,-0.002899999963119626,-0.0005000000819563867,-0.000800000037997961,-0.00023999996483325958,-0.0044999998062849045,-0.003999999724328518,0.0023999998811632395,4.0,7.0,05-20,0.04287166346330197
03-07,0.24140003323554995,0.13199999928474426,0.015000000596046446,0.0,0.0,-0.002899999963119626,-0.0005000000819563867,-0.000800000037997961,-0.00023999996483325958,-0.0044999998062849045,0.0,0.0023999998811632395,4.0,7.0,05-21,0.03182166942860931
03-08,0.2614000141620636,0.13199999928474426,0.015000000596046446,0.0,0.0,-0.002899999963119626,-0.0005000000819563867,-0.000800000037997961,-0.00023999996483325958,-0.0044999998062849045,0.0,0.0014000001829117534,4.0,7.0,05-22,0.033405001197631165
03-09,0.2614000141620636,0.06200003623962402,0.015000000596046446,0.0,0.0,-0.002899999963119626,-0.0005000000819563867,-0.000800000037997961,0.002759999828413129,-0.0044999998062849045,0.0,0.0014000001829117534,5.0,6.0,05-23,0.02782167092664168
03-10,0.2400000095367432,0.03700000047683717,0.015000000596046446,0.0,0.0,-0.002899999963119626,-0.0005000000819563867,-0.000800000037997961,0.004560000030323863,-0.0044999998062849045,0.0,0.0014000001829117534,5.0,6.0,05-24,0.02410500091112529
03-11,0.23500001430511475,0.057099997997283936,0.015000000596046446,0.0,0.0,-0.002899999963119626,-0.0005000000819563867,-0.000800000037997961,0.004560000030323863,-0.0044999998062849045,0.0,0.0014000001829117534,5.0,6.0,05-25,0.02536333443519349
03-12,0.1499999761581421,0.010099947452545166,0.015000000596046446,0.0,0.0,-0.002899999963119626,-0.0005000000819563867,-0.0004999996162950994,0.004560000030323863,-0.0044999998062849045,0.0,0.0014000001829117534,5.0,6.0,05-26,0.01438832707935944
03-13,0.3698999881744385,0.09000000357627869,0.015000000596046446,0.0,0.0,-0.002899999963119626,-0.0005000000819563867,-0.0004999996162950994,0.004560000030323863,-0.0044999998062849045,0.0,0.0013000001199543474,5.0,6.0,05-27,0.03936333275244882
03-14,0.2892000079154968,0.09000000357627869,0.015000000596046446,0.0,0.0,-0.002899999963119626,-0.0005000000819563867,-0.0004999996162950994,0.004560000030323863,-0.0044999998062849045,0.0,0.0013000001199543474,5.0,6.0,05-28,0.032638334397537015
03-15,0.22999995946884155,0.09000000357627869,0.015000000596046446,0.0,0.0,-0.002899999963119626,-0.0005000000819563867,-0.0004999996162950994,0.004560000030323863,-0.0044999998062849045,-0.0002000001259148121,0.0013000001199543474,5.0,6.0,05-29,0.02768833034982284
03-16,0.22999995946884155,0.06000000238418578,0.02500000596046448,0.0,0.0,-0.0031000000890344377,-0.0005000000819563867,-0.0004999996162950994,0.004560000030323863,-0.0044999998062849045,-0.0002000001259148121,0.0013000001199543474,5.0,6.0,05-30,0.026004997353690367
03-17,0.2899999618530273,0.030099987983703613,0.02500000596046448,0.0,0.0,-0.0031000000890344377,-0.0005000000819563867,-0.0004999996162950994,0.004760000156238675,-0.0044999998062849045,-0.0002000001259148121,0.0013000001199543474,5.0,6.0,05-31,0.028529996362825237
03-18,0.30000001192092896,0.06150001287460328,0.02500000596046448,0.0,0.0,-0.0031000000890344377,0.0005000000819563867,-0.0004999996162950994,0.004760000156238675,-0.0044999998062849045,-0.0002000001259148121,0.0013000001199543474,6.0,5.0,06-01,0.03206333595638474
03-19,0.3399999886751175,0.06000000238418578,0.02500000596046448,0.0,0.0,-0.0031000000890344377,0.0005000000819563867,-0.0004999996162950994,0.004760000156238675,-0.0044999998062849045,-0.0002000001259148121,0.0013000001199543474,6.0,5.0,06-02,0.03527166647836566
03-20,0.35999999940395355,0.05000001192092896,0.02500000596046448,0.0,0.0,-0.0031000000890344377,0.0005000000819563867,-0.0004999996162950994,0.004760000156238675,-0.0044999998062849045,-0.0002000001259148121,0.0013000001199543474,6.0,5.0,06-03,0.03610500150049726
03-21,0.37999996542930603,0.05000001192092896,0.02500000596046448,0.0,0.0,-0.0031000000890344377,0.0005000000819563867,-0.0004999996162950994,0.004760000156238675,-0.0044999998062849045,-0.0002000001259148121,0.0013000001199543474,6.0,5.0,06-04,0.0377716653359433
03-22,0.37999996542930603,0.05000001192092896,0.03499999642372132,0.0,0.0,-0.0031000000890344377,0.0005000000819563867,-0.0004999996162950994,0.004760000156238675,-0.0044999998062849045,-0.0002000001259148121,0.0013000001199543474,6.0,5.0,06-05,0.03860499787454804
03-23,0.37999996542930603,0.05000001192092896,0.0,0.0,0.0,-0.0031000000890344377,0.0005000000819563867,-0.0004999996162950994,0.004760000156238675,-0.0044999998062849045,-0.0002000001259148121,0.0013000001199543474,5.0,6.0,06-06,0.03568833150590458
03-24,0.37999996542930603,0.08989998698234558,0.0,0.0,0.0,-0.0031000000890344377,0.0005000000819563867,-0.0004999996162950994,0.00470000016503036,-0.0044999998062849045,-0.0002000001259148121,0.0013000001199543474,5.0,6.0,06-07,0.03900832942842195
03-25,0.3399999737739563,0.04999998211860657,0.040000006556510925,0.0,0.0,-0.0031000000890344377,0.0005000000819563867,-0.00029999995604157453,0.00470000016503036,-0.0044999998062849045,-0.0002000001259148121,0.0013000001199543474,6.0,5.0,06-08,0.03569999690322826
03-26,0.3016999661922455,0.03999999165534973,0.07900000363588333,0.0,0.0,-0.0031000000890344377,0.0005000000819563867,-0.00029999995604157453,0.00470000016503036,-0.0044999998062849045,-0.0002000001259148121,0.0013000001199543474,6.0,5.0,06-09,0.03492499682276199
03-27,0.3099999725818634,0.06019997596740723,0.07900000363588333,0.0,0.0,-0.0031000000890344377,0.0005000000819563867,-0.00029999995604157453,0.00470000016503036,-0.0044999998062849045,-0.0002000001259148121,0.0013000001199543474,6.0,5.0,06-10,0.03729999604790162
03-28,0.3400000333786011,-0.0098000168800354,0.07900000363588333,0.0,0.0,-0.0031000000890344377,-0.00039999978616833687,-0.00029999995604157453,0.00470000016503036,-0.0044999998062849045,-0.0002000001259148121,0.0013000001199543474,4.0,7.0,06-11,0.03389166838799914
03-29,0.30000001192092896,-0.0098000168800354,0.07900000363588333,0.0,0.0,-0.0031000000890344377,-0.00039999978616833687,-0.00029999995604157453,0.00470000016503036,-0.0044999998062849045,-0.0002000001259148121,0.0013000001199543474,4.0,7.0,06-12,0.030558333266526464
03-30,0.30000001192092896,-0.0098000168800354,-0.03999999165534973,0.0,0.0,-0.0031000000890344377,-0.00039999978616833687,-0.00029999995604157453,0.00470000016503036,-0.0044999998062849045,-0.0002000001259148121,0.0013000001199543474,3.0,8.0,06-13,0.02064166699225704
03-31,0.2700000107288361,-0.03100001811981201,-0.03999999165534973,0.0,0.0,-0.0031000000890344377,-0.00039999978616833687,-0.00029999995604157453,0.0033900002017617226,-0.0044999998062849045,-0.0002000001259148121,0.0013000001199543474,3.0,8.0,06-14,0.01626583345932886
04-01,0.28189998865127563,-0.04999998211860657,-0.03999999165534973,0.0,0.0,-0.0031000000890344377,-0.00039999978616833687,-0.00029999995604157453,0.0033900002017617226,-0.0044999998062849045,-0.0002000001259148121,0.0013000001199543474,3.0,8.0,06-15,0.015674167952965945
04-02,0.3101000189781189,-0.06000000238418578,-0.03999999165534973,0.0,0.0,-0.0031000000890344377,-0.00039999978616833687,-0.00029999995604157453,0.0033900002017617226,-0.0044999998062849045,-0.0002000001259148121,0.0013000001199543474,3.0,8.0,06-16,0.01719083545807128
04-03,0.16999998688697815,-0.06000000238418578,-0.03999999165534973,0.0,0.0,-0.0031000000890344377,-0.00039999978616833687,-0.00029999995604157453,0.0033900002017617226,-0.0044999998062849045,-0.0002000001259148121,0.0013000001199543474,3.0,8.0,06-17,0.005515832783809553
04-04,0.2800000011920929,-0.06000000238418578,-0.03999999165534973,0.0,0.0,-0.0031000000890344377,-0.00039999978616833687,-0.00029999995604157453,0.0033900002017617226,-0.0044999998062849045,-0.0002000001259148121,0.0013000001199543474,3.0,9.0,06-18,0.014682500642569115
04-05,0.2529999911785126,-0.06000000238418578,0.0729999989271164,0.0,0.0,-0.0031000000890344377,-0.00029999995604157453,-0.00029999995604157453,0.0033900002017617226,-0.0044999998062849045,-0.0002000001259148121,0.0013000001199543474,4.0,8.0,06-19,0.021857499009153496
04-06,0.2529999911785126,-0.16499999165534973,0.0729999989271164,0.0,0.0,-0.0031000000890344377,-0.00029999995604157453,-0.00029999995604157453,0.0033900002017617226,-0.008499999647028744,-0.0002000001259148121,0.0013000001199543474,4.0,8.0,06-20,0.012774166583161179
04-07,0.15299999713897705,-0.09099999070167544,0.0729999989271164,0.0,0.0,-0.0031000000890344377,-0.00029999995604157453,-0.00029999995604157453,0.005400000256486237,-0.008499999647028744,-0.0002000001259148121,0.0013000001199543474,4.0,8.0,06-21,0.010775000497233123
04-08,0.17000001668930054,-0.320000022649765,0.07000000774860382,0.0,0.0,-0.0031000000890344377,-0.00029999995604157453,-0.00029999995604157453,0.005400000256486237,-0.008499999647028744,-0.0002000001259148121,0.0013000001199543474,4.0,8.0,06-22,-0.007141666467456769
04-09,0.17000001668930054,-0.5499999821186066,0.07000000774860382,0.0,0.0,-0.0031000000890344377,-0.00029999995604157453,-0.00029999995604157453,0.003200000268407166,-0.008499999647028744,-0.0002000001259148121,0.0013000001199543474,4.0,8.0,06-23,-0.02649166308886682
04-10,0.1600000262260437,-0.44999998807907104,0.07000000774860382,0.0,0.0,-0.0031000000890344377,-0.00029999995604157453,0.0005000000819563867,0.003200000268407166,-0.008499999647028744,-0.0002000001259148121,0.002299999818205833,5.0,7.0,06-24,-0.018841662812822808
04-11,0.15000003576278687,-0.4544999599456787,0.07000000774860382,0.0,0.0,-0.0031000000890344377,-0.0006900001317262652,0.0005000000819563867,0.003200000268407166,-0.008499999647028744,-0.0002000001259148121,0.002299999818205833,5.0,7.0,06-25,-0.020082493021618568
04-12,0.09000003337860107,-0.4544999599456787,0.07000000774860382,0.0,0.0,-0.0031000000890344377,-0.0005900000687688589,0.0005000000819563867,0.003200000268407166,-0.008499999647028744,-0.0002000001259148121,0.002299999818205833,5.0,7.0,06-26,-0.02507415988172094
04-13,0.09000003337860107,-0.4595000147819519,0.019999995827674862,0.0,0.0,-0.0031000000890344377,-0.0005900000687688589,0.0005000000819563867,0.003200000268407166,-0.008499999647028744,-0.0002000001259148121,0.002299999818205833,5.0,7.0,06-27,-0.02965749877815445
04-14,0.1200999915599823,-0.47609996795654297,0.0,0.0,0.0,-0.0031000000890344377,-0.0005900000687688589,0.0005000000819563867,0.002400000230409205,-0.008499999647028744,-0.0002000001259148121,0.002299999818205833,4.0,8.0,06-28,-0.030265831349728007
04-15,-0.10000002384185792,-0.4200000166893005,0.0,0.0,0.0,-0.0031000000890344377,-0.0005900000687688589,0.0005000000819563867,0.002400000230409205,-0.008499999647028744,-0.0002000001259148121,0.002299999818205833,3.0,9.0,06-29,-0.04393250336094449
04-16,0.1499999761581421,-0.2699999809265137,0.005000010132789612,0.0,0.0,-0.0031000000890344377,-0.0005900000687688589,0.0005000000819563867,0.002400000230409205,-0.008499999647028744,-0.0002000001259148121,0.002299999818205833,5.0,7.0,06-30,-0.010182499536313115
04-17,0.04999995231628418,-0.3849999904632568,0.005000010132789612,0.0,0.0,-0.006999999983236194,-0.0005900000687688589,0.0005000000819563867,0.002400000230409205,-0.008499999647028744,-0.0002000001259148121,0.002299999818205833,5.0,7.0,07-01,-0.028424168975713364
04-18,0.04999995231628418,-0.4050000011920929,0.005000010132789612,0.0,0.0,-0.0015999998431652784,-0.0005900000687688589,0.0005000000819563867,0.002400000230409205,-0.008499999647028744,-0.0002000001259148121,0.002299999818205833,5.0,7.0,07-02,-0.029640836524777118
04-19,0.04999995231628418,-0.4050000011920929,0.005000010132789612,0.0,0.0,-0.0015999998431652784,-0.0005900000687688589,0.000800000037997961,0.002400000230409205,-0.008499999647028744,-0.0002000001259148121,0.002299999818205833,5.0,7.0,07-03,-0.02961583652844032
04-20,0.04999995231628418,-0.4000000059604645,0.005000010132789612,0.0,0.0,-0.0015999998431652784,-0.0005900000687688589,0.000800000037997961,0.0020000000949949017,-0.008499999647028744,-0.0002000001259148121,0.002299999818205833,5.0,7.0,07-04,-0.029232503603755806
04-21,0.19599997997283936,-0.3401000201702118,0.0,0.0,0.0,-0.0015999998431652784,-0.0005900000687688589,0.000800000037997961,0.0020000000949949017,-0.008499999647028744,-0.0002000001259148121,0.002299999818205833,4.0,8.0,07-05,-0.012490836660920952
04-22,0.09999996423721312,-0.4399999976158142,0.0,0.0,0.0,-0.0015999998431652784,-0.0005900000687688589,0.000800000037997961,0.0020000000949949017,-0.008499999647028744,-0.0002000001259148121,0.002299999818205833,4.0,8.0,07-06,-0.028815836092690006
04-23,0.07010000944137572,-0.36000001430511475,0.0,0.0,0.0,-0.006999999983236194,-0.0005900000687688589,0.000800000037997961,0.0020000000949949017,-0.008499999647028744,-0.0002000001259148121,0.002299999818205833,4.0,8.0,07-07,-0.025090833728124082
04-24,0.06000000238418578,-0.3700000047683716,0.0,0.0,0.0,-0.0002000001259148121,-0.0005900000687688589,0.000800000037997961,0.0020000000949949017,-0.008499999647028744,-0.0002000001259148121,0.002299999818205833,4.0,8.0,07-08,-0.02619916686671786
04-25,0.04000002145767212,-0.4096999764442444,0.0,0.0,0.0,-0.0002000001259148121,-0.0005900000687688589,0.000800000037997961,0.0020000000949949017,-0.008499999647028744,-0.0002000001259148121,0.002299999818205833,4.0,8.0,07-09,-0.031174162916916725
04-26,0.04000002145767212,-0.4096999764442444,-0.07500000298023224,0.0,0.0,0.001099999761208892,-0.0005900000687688589,0.000800000037997961,0.0020000000949949017,-0.008499999647028744,-0.0019000000320374968,0.002299999818205833,5.0,7.0,07-10,-0.037457496500186004
04-27,0.04000002145767212,-0.3496999740600586,-0.03499999642372132,0.0,0.0,0.001099999761208892,-0.0005900000687688589,0.000800000037997961,0.0020000000949949017,-0.008499999647028744,-0.0019000000320374968,0.002299999818205833,5.0,7.0,07-11,-0.029124162421794605
04-28,0.15000000596046448,-0.3200999796390533,-0.03499999642372132,0.0,0.0,0.001099999761208892,-0.0005900000687688589,0.000800000037997961,0.0020000000949949017,-0.008499999647028744,-0.0019000000320374968,0.002299999818205833,5.0,7.0,07-12,-0.017490830844811473
04-29,0.18999996781349185,-0.3470000326633453,0.0,0.0,0.0,0.001099999761208892,0.00029999995604157453,0.000800000037997961,0.0,-0.008499999647028744,-0.0019000000320374968,0.001999999862164259,5.0,7.0,07-13,-0.013600005409292256
04-30,0.19179996848106384,-0.39800000190734863,0.0,0.0,0.0,0.003900000127032399,0.00029999995604157453,0.000800000037997961,0.0,-0.008499999647028744,-0.0016999999061226845,0.001999999862164259,5.0,7.0,07-14,-0.01745000274968334
05-01,0.20000001788139346,-0.40299999713897705,0.0,0.0,0.0,0.003900000127032399,0.00029999995604157453,0.000800000037997961,0.0,-0.00399999984074384,-0.0016999999061226845,0.002299999818205833,5.0,7.0,07-15,-0.016783331588764366
05-02,0.16999998688697815,-0.40299999713897705,0.0,0.0,0.0,0.003900000127032399,0.00029999995604157453,0.000800000037997961,0.0,-0.00399999984074384,-0.0016999999061226845,0.002299999818205833,5.0,7.0,07-16,-0.019283334171632305
05-03,0.15000000596046448,-0.40299999713897705,0.0,0.0,0.0,0.003900000127032399,0.00029999995604157453,0.002300000283867121,0.0,-0.00399999984074384,-0.0016999999061226845,0.002299999818205833,5.0,7.0,07-17,-0.02082499922835268
05-04,0.15000000596046448,-0.3970000147819519,0.0,0.0,0.0,0.003900000127032399,0.00029999995604157453,0.002300000283867121,0.0,-0.00399999984074384,-0.0016999999061226845,0.002299999818205833,5.0,7.0,07-18,-0.020325000698600583
05-05,0.2199999988079071,-0.4695000052452088,0.0,0.0,0.0,0.003900000127032399,0.00029999995604157453,0.002300000283867121,0.0,-0.00399999984074384,-0.0016999999061226845,0.002299999818205833,5.0,7.0,07-19,-0.020533333833251767
05-06,0.19999998807907104,-0.4300000071525574,0.0,0.0,0.0,0.003900000127032399,0.00029999995604157453,0.002300000283867121,0.00029999995604157453,-0.00399999984074384,-0.0016999999061226845,0.001999999862164259,6.0,6.0,07-20,-0.01890833488626716
05-07,0.2799999713897705,-0.4000000357627869,0.0,0.0,0.0,-0.0010999999940395355,0.000800000037997961,0.002300000283867121,0.00029999995604157453,-0.00399999984074384,-0.0016999999061226845,0.0010000001639127733,5.0,7.0,07-21,-0.010200005306008585
05-08,-0.43999993801116943,-0.3899999856948853,0.0,0.0,0.0,-0.0010999999940395355,0.000800000037997961,0.002300000283867121,0.00029999995604157453,-0.00399999984074384,-0.0016999999061226845,0.0010000001639127733,4.0,8.0,07-22,-0.06936666025042844
05-09,-0.3899999856948853,-0.3999999910593033,0.0,0.0,0.0,-0.0010999999940395355,0.000800000037997961,0.002300000283867121,0.00029999995604157453,-0.00399999984074384,-0.0016999999061226845,-0.005999999586492778,3.0,9.0,07-23,-0.06661666465030673
05-10,-0.3999999761581421,-0.3999999910593033,0.0,0.0,0.0,-0.0010999999940395355,0.000800000037997961,0.002300000283867121,0.00029999995604157453,-0.00399999984074384,-0.0016999999061226845,-0.005999999586492778,3.0,9.0,07-24,-0.06744999718891148
05-11,-0.3999999761581421,-0.4498999863862991,0.0,0.0,0.0,-0.0010999999940395355,0.000800000037997961,0.002300000283867121,0.002300000051036477,-0.00399999984074384,-0.0016999999061226845,-0.005999999586492778,3.0,9.0,07-25,-0.07144166345824488
05-12,-0.1899999976158142,-0.479999989271164,0.0,0.0,0.0,-0.0010999999940395355,0.000800000037997961,0.000800000037997961,0.002300000051036477,-0.00399999984074384,-0.0016999999061226845,-0.0040000001899898035,3.0,9.0,07-26,-0.0564083322242368
05-13,0.0,-0.4649999886751175,0.0,0.0,0.0,-0.0010999999940395355,0.000800000037997961,0.000800000037997961,0.002300000051036477,-0.00399999984074384,-0.0016999999061226845,-0.003599999938160181,3.0,9.0,07-27,-0.039291665685595945
05-14,-0.1499999761581421,-0.5,0.0,0.0,0.0,-0.0010999999940395355,0.000800000037997961,0.000800000037997961,0.002300000051036477,-0.00399999984074384,-0.0016999999061226845,-0.003599999938160181,3.0,9.0,07-28,-0.054708331309181325
05-15,-0.029999971389770508,-0.4699999690055847,0.0,0.0,0.0,-0.0010999999940395355,0.000800000037997961,0.000800000037997961,0.002300000051036477,-0.00399999984074384,-0.0016999999061226845,-0.003599999938160181,3.0,9.0,07-29,-0.04220832832894909
05-16,-0.00989997386932373,-0.429999977350235,0.0,0.0,0.0,-0.0010999999940395355,0.000800000037997961,0.000800000037997961,0.002300000051036477,-0.00399999984074384,-0.0016999999061226845,-0.0009999996982514858,3.0,9.0,07-30,-0.036983329210973664
05-17,-0.00989997386932373,-0.429999977350235,0.0,0.0,0.0,-0.0010999999940395355,0.000800000037997961,0.000800000037997961,0.002300000051036477,-0.00399999984074384,-0.0016999999061226845,-0.0009999996982514858,3.0,9.0,07-31,-0.036983329210973664
05-18,-0.00989997386932373,-0.3720000088214874,0.0,0.0,0.0,-0.0010999999940395355,0.000800000037997961,0.000800000037997961,0.0020000000949949017,-0.00399999984074384,-0.0016999999061226845,-0.0009999996982514858,3.0,9.0,08-01,-0.03217499849658149
05-19,0.02009999752044677,-0.367000013589859,0.0,0.0,0.0,-0.0010999999940395355,0.000800000037997961,0.001999999862164259,-0.0009999996982514858,-0.00399999984074384,-0.0016999999061226845,-0.0009999996982514858,3.0,9.0,08-02,-0.02940833460888825
05-20,0.00010001659393310548,-0.34999996423721313,0.0,0.0,0.0,-0.0010999999940395355,0.000800000037997961,0.001999999862164259,-0.00279999990016222,-0.00399999984074384,-0.0016999999061226845,0.0,3.0,9.0,08-03,-0.02972499561534884
05-21,0.05010002851486206,-0.3449999690055847,0.0,0.0,0.0,0.0023999998811632395,0.000800000037997961,0.001999999862164259,-0.00279999990016222,-0.00399999984074384,-0.0016999999061226845,0.0,4.0,8.0,08-04,-0.02484999502970216
05-22,-0.14990001916885376,-0.3650000095367432,0.0,0.0,0.0,0.0023999998811632395,0.000800000037997961,0.001999999862164259,-0.00279999990016222,-0.00399999984074384,-0.0016999999061226845,0.0,3.0,9.0,08-05,-0.04318333571427502
05-23,-0.039200007915496826,-0.3650000095367432,0.0,0.0,0.0,0.0023999998811632395,0.001999999862164259,0.001999999862164259,-0.00279999990016222,-0.00399999984074384,-0.0016999999061226845,0.0,3.0,9.0,08-06,-0.03385833479114808
05-24,-0.069100022315979,-0.3650000095367432,0.0,0.0,0.0,0.0023999998811632395,0.001999999862164259,0.001999999862164259,-0.00279999990016222,-0.00399999984074384,-0.0016999999061226845,0.0,3.0,9.0,08-07,-0.03635000265785493
05-25,-0.069100022315979,-0.3650000095367432,0.0,0.0,0.0,0.0023999998811632395,0.001999999862164259,0.001999999862164259,-0.00279999990016222,-0.00399999984074384,-0.0016999999061226845,0.0,3.0,9.0,08-08,-0.03635000265785493
05-26,-0.069100022315979,-0.3650000095367432,0.0,0.0,0.0,0.0023999998811632395,0.001999999862164259,0.001999999862164259,-0.003000000026077032,-0.00399999984074384,-0.0016999999061226845,0.0,3.0,9.0,08-09,-0.0363666693350145
05-27,-0.009999990463256836,-0.375,0.0,0.0,0.0,0.0023999998811632395,0.001999999862164259,0.001999999862164259,-0.003000000026077032,-0.0009999996982514858,-0.0016999999061226845,0.0,3.0,9.0,08-10,-0.032024999207351364
05-28,0.019999980926513672,-0.375,0.0,0.0,0.0,0.002600000007078052,0.001999999862164259,0.001999999862164259,-0.003000000026077032,-0.0009999996982514858,-0.0016999999061226845,0.0,4.0,8.0,08-11,-0.02950833491437758
05-29,0.03470003604888916,-0.2700000107288361,0.0,0.0,0.0,0.002600000007078052,0.001999999862164259,-0.0020000000949949017,-0.003000000026077032,-0.0009999996982514858,-0.0016999999061226845,0.0,3.0,9.0,08-12,-0.019866664544679224
05-30,0.06000000238418578,-0.2700000107288361,0.0,0.0,0.0,0.002600000007078052,0.001999999862164259,-0.0020000000949949017,-0.003000000026077032,-0.0009999996982514858,-0.0016999999061226845,0.0,3.0,9.0,08-13,-0.017758334016737837
05-31,0.06000000238418578,-0.2700000107288361,0.0,0.0,0.0,0.002600000007078052,0.001999999862164259,-0.0020000000949949017,-0.003000000026077032,-0.0009999996982514858,-0.0016999999061226845,0.0,3.0,9.0,08-14,-0.017758334016737837
06-01,0.06000000238418578,-0.2700000107288361,0.0,0.0,0.0,0.002600000007078052,0.001999999862164259,-0.0020000000949949017,-0.003000000026077032,-0.0009999996982514858,-0.0016999999061226845,0.0,3.0,9.0,08-15,-0.017758334016737837
06-02,-0.029999971389770508,-0.3788999766111374,0.0,0.0,0.0,0.002600000007078052,0.001999999862164259,-0.0020000000949949017,-0.003000000026077032,-0.0009999996982514858,-0.0016999999061226845,0.0,2.0,10.0,08-16,-0.03433332898809264
06-03,-0.029999971389770508,-0.2499999701976776,0.0,0.0,0.0,0.002600000007078052,0.001999999862164259,-0.0020000000949949017,-0.003000000026077032,0.0020000003278255467,-0.0016999999061226845,0.0,3.0,9.0,08-17,-0.02334166178479791
06-04,-0.019999980926513672,-0.2399999797344208,0.0,0.0,0.0,0.002600000007078052,0.001999999862164259,-0.0020000000949949017,-0.003000000026077032,0.0020000003278255467,-0.0016999999061226845,0.0,3.0,9.0,08-18,-0.02167499670758844
06-05,-0.0899999737739563,-0.3169999867677689,0.0,0.0,0.0,0.002600000007078052,0.001999999862164259,-0.0020000000949949017,-0.003000000026077032,0.0020000003278255467,-0.0016999999061226845,0.0,3.0,9.0,08-19,-0.03392499669765433
06-06,-0.06999999284744263,-0.3169999867677689,0.0,0.0,0.0,0.002600000007078052,0.002499999944120645,-0.0020000000949949017,-0.003000000026077032,0.0020000003278255467,-0.0016999999061226845,0.0,3.0,9.0,08-20,-0.03221666494694849
06-07,-0.07999998331069946,-0.3169999867677689,0.0,0.0,0.0,0.002600000007078052,0.002499999944120645,-0.0020000000949949017,-0.003000000026077032,0.0020000003278255467,-0.0016999999061226845,0.0,3.0,9.0,08-21,-0.033049997485553234
06-08,-0.07999998331069946,-0.24699999392032626,0.0,0.0,0.0,0.002600000007078052,0.002499999944120645,-0.0020000000949949017,-0.003000000026077032,0.0020000003278255467,-0.0016999999061226845,0.0,3.0,9.0,08-22,-0.02721666474826634
06-09,-0.09000003337860107,-0.21699999272823334,0.0,0.0,0.0,0.002600000007078052,0.002499999944120645,-0.0020000000949949017,-0.003000000026077032,0.0020000003278255467,-0.0016999999061226845,0.0,3.0,9.0,08-23,-0.02555000215458373
06-10,-0.12000000476837155,-0.2370000034570694,0.0,0.0,0.0,0.002600000007078052,0.002499999944120645,-0.0020000000949949017,-0.003000000026077032,0.0020000003278255467,-0.0016999999061226845,0.0,3.0,9.0,08-24,-0.029716667331134282
06-11,-0.14179998636245728,-0.2370000034570694,0.0,0.0,0.0,0.002600000007078052,0.002499999944120645,-0.0020000000949949017,-0.003000000026077032,0.0020000003278255467,-0.0016999999061226845,0.0,3.0,9.0,08-25,-0.03153333246397475
06-12,-0.11800003051757812,-0.2269999831914901,0.0,0.0,0.0,0.002600000007078052,0.002499999944120645,-0.0020000000949949017,-0.003000000026077032,0.0020000003278255467,-0.0016999999061226845,0.0009999996982514858,4.0,8.0,08-26,-0.0286333344799156
06-13,-0.029999971389770508,-0.21699999272823334,0.0,0.0,0.0,0.002600000007078052,0.002499999944120645,-0.0020000000949949017,-0.003000000026077032,0.0020000003278255467,-0.0016999999061226845,0.0009999996982514858,4.0,8.0,08-27,-0.020466663680660236
06-14,-0.029999971389770508,-0.21699999272823334,0.0,0.0,0.0,0.002600000007078052,0.001999999862164259,-0.0020000000949949017,-0.003000000026077032,0.0020000003278255467,-0.0016999999061226845,9.99998301267624e-05,4.0,8.0,08-28,-0.020583330343166988
06-15,-0.029999971389770508,-0.21699999272823334,0.0,0.0,0.0,0.002600000007078052,0.001999999862164259,-0.0020000000949949017,-0.003000000026077032,0.0020000003278255467,-0.0016999999061226845,9.99998301267624e-05,4.0,8.0,08-29,-0.020583330343166988
06-16,-0.06999999284744263,-0.19700001180171967,0.0,0.0,0.0,0.002600000007078052,0.001999999862164259,-0.0020000000949949017,-0.003000000026077032,0.003000000142492354,-0.0016999999061226845,9.99998301267624e-05,4.0,8.0,08-30,-0.02216666706954129
06-17,-0.04299998283386231,-0.19700001180171967,0.0,0.0,0.0,0.002600000007078052,0.0019000000320374968,-0.0020000000949949017,-0.003000000026077032,0.003000000142492354,-0.0016999999061226845,0.005999999586492778,4.0,8.0,08-31,-0.01943333290788966
06-18,-0.0699000358581543,-0.18699999153614044,0.0,0.0,0.0,0.002600000007078052,0.0019000000320374968,-0.0020000000949949017,-0.003000000026077032,0.003000000142492354,-0.0016999999061226845,0.0040000001899898035,4.0,8.0,09-01,-0.02100833558749097
06-19,-0.0899999737739563,-0.18699999153614044,0.0,0.0,0.0,0.002600000007078052,0.0019000000320374968,-0.0010000001639127733,-0.003000000026077032,0.003000000142492354,-0.0016999999061226845,0.0040000001899898035,4.0,8.0,09-02,-0.022599997086217627
06-20,-0.07999998331069946,-0.1849999874830246,0.0,0.0,0.0,0.002600000007078052,0.0019000000320374968,-0.0010000001639127733,-0.003000000026077032,0.003000000142492354,-0.0016999999061226845,-0.0006999997422099112,3.0,9.0,09-03,-0.02199166420420321
06-21,-0.1600000262260437,-0.1849999874830246,0.0,0.0,0.0,0.002600000007078052,0.0019000000320374968,-0.0010000001639127733,-0.000800000037997961,0.0030999999726191163,-0.0016999999061226845,-0.0006999997422099112,3.0,9.0,09-04,-0.028466667795631413
06-22,-0.1600000262260437,-0.18050001561641693,0.0,0.0,0.0,0.002600000007078052,0.0019000000320374968,-0.0018000002019107344,-0.000800000037997961,0.0030999999726191163,0.0020000003278255467,-0.0006999997422099112,4.0,8.0,09-05,-0.02785000345708492
06-23,-0.10000002384185792,-0.16500000655651093,0.0,0.0,0.0,0.002600000007078052,0.0019000000320374968,-0.0018000002019107344,-0.000800000037997961,0.0030999999726191163,0.0014999997802078724,-0.0006999997422099112,4.0,8.0,09-06,-0.02160000254904541
06-24,-0.10000002384185792,-0.16500000655651093,0.0,0.0,0.0,0.002600000007078052,0.0017999999690800905,-0.0018000002019107344,0.0,0.0030999999726191163,0.0014999997802078724,-0.0006999997422099112,4.0,8.0,09-07,-0.02154166921779203
06-25,-0.12999999523162842,-0.3090000003576279,0.0,0.0,0.0,0.000699999975040555,0.0017999999690800905,-0.0018000002019107344,0.0,0.0030999999726191163,0.0014999997802078724,-0.0006999997422099112,4.0,8.0,09-08,-0.036199999653035775
06-26,-0.12999999523162842,-0.23900000751018524,0.0,0.0,0.0,0.000699999975040555,0.0017999999690800905,-0.0018000002019107344,0.0,0.0030999999726191163,0.0,-0.0006999997422099112,3.0,9.0,09-09,-0.030491666897432882
06-27,-0.006199955940246582,-0.23900000751018524,0.0,0.0,0.0,0.000699999975040555,0.0017999999690800905,-0.0018000002019107344,0.0,0.0030999999726191163,0.0,-0.0006999997422099112,3.0,9.0,09-10,-0.020174996956484392
06-28,-0.006199955940246582,-0.23900000751018524,0.0,0.0,0.0,0.000699999975040555,0.0017999999690800905,-0.0018000002019107344,0.0,0.0030999999726191163,0.0,-0.0006999997422099112,3.0,9.0,09-11,-0.020174996956484392
06-29,-0.006199955940246582,-0.23900000751018524,0.0,0.0,0.0,0.000699999975040555,0.0017999999690800905,-0.0018000002019107344,0.001999999862164259,0.0030999999726191163,0.0,-0.0006999997422099112,4.0,8.0,09-12,-0.020008330301304042
06-30,0.02369999885559082,-0.239999994635582,0.0,0.0,0.0,0.000699999975040555,0.0017999999690800905,-0.0018000002019107344,0.001999999862164259,0.0030999999726191163,0.0,-0.0006999997422099112,5.0,7.0,09-13,-0.017599999662100647
07-01,0.0298999547958374,-0.20999999344348907,0.0,0.0,0.0,0.000699999975040555,0.0017999999690800905,-0.0018000002019107344,0.001999999862164259,0.0030999999726191163,0.0,-0.0006999997422099112,5.0,7.0,09-14,-0.014583336567739025
07-02,0.039999961853027344,-0.218999981880188,0.0,0.0,0.0,0.000699999975040555,0.0017999999690800905,-0.0018000002019107344,0.0009999996982514858,0.0030999999726191163,0.0,-0.0006999997422099112,5.0,7.0,09-15,-0.014575001696357504
07-03,0.029999971389770508,-0.1793000102043152,0.0,0.0,0.0,0.000699999975040555,0.002300000051036477,-0.0018000002019107344,0.0009999996982514858,0.0030999999726191163,0.0014999997802078724,-0.0006999997422099112,6.0,6.0,09-16,-0.011933336606792484
07-05,0.029999971389770508,-0.1793000102043152,0.0,0.0,0.0,0.000699999975040555,0.002300000051036477,-0.0018000002019107344,0.0009999996982514858,0.012969999690540137,0.0014999997802078724,-0.0006999997422099112,6.0,6.0,09-18,-0.011110836630299069
07-06,0.029999971389770508,-0.1793000102043152,-0.07199999690055847,0.0,0.0,0.000699999975040555,0.002300000051036477,-0.0018000002019107344,0.0009999996982514858,0.012969999690540137,0.0,-0.0006999997422099112,5.0,7.0,09-19,-0.01723583635369626
07-07,0.029999971389770508,-0.20890000462532046,-0.07199999690055847,0.0,0.0,0.000699999975040555,0.002300000051036477,-0.0018000002019107344,0.0009999996982514858,0.012969999690540137,0.0,-0.0006999997422099112,5.0,7.0,09-20,-0.0197025025554467
07-08,0.01889997720718384,-0.17899999022483826,-0.0729999989271164,0.0,0.0,-0.0005999999120831492,0.002300000051036477,-0.0018000002019107344,0.0,0.005500000086613,0.0,-0.0006999997422099112,3.0,9.0,09-21,-0.01903333430527709
07-09,-0.10999995470046996,-0.13499999046325686,-0.0729999989271164,0.0,0.0,-0.0005999999120831492,0.0016999999061226845,-0.0018000002019107344,0.0,0.005500000086613,0.0,-0.0006999997422099112,2.0,10.0,09-22,-0.026158328662859283
07-10,-0.0018000006675720215,-0.08699998259544373,-0.07900000363588333,0.0,0.0,-0.003400000277906657,0.0016999999061226845,-0.0018000002019107344,0.0,0.005500000086613,0.0,-0.0006999997422099112,2.0,10.0,09-23,-0.013874998927349223
07-11,-0.020000040531158447,-0.08699998259544373,-0.07900000363588333,0.0,0.0,-0.003400000277906657,0.0016999999061226845,-0.0018000002019107344,0.0,0.005500000086613,0.0,-0.0006999997422099112,2.0,10.0,09-24,-0.015391668915981429
07-12,-0.0350000262260437,-0.08699998259544373,-0.07900000363588333,0.0,0.0,-0.003400000277906657,0.0016999999061226845,-0.0018000002019107344,0.0,0.005500000086613,0.0,-0.0006999997422099112,2.0,10.0,09-25,-0.01664166772388853
07-13,-0.0350000262260437,-0.07449999451637268,-0.07900000363588333,0.0,0.0,-0.003400000277906657,0.0016999999061226845,-0.0018000002019107344,0.0,0.005500000086613,0.0,-0.0006999997422099112,2.0,10.0,09-26,-0.015600002050632613
07-14,-0.004999995231628418,-0.1290000081062317,-0.08000000566244125,0.0,0.0,-0.003400000277906657,0.0016999999061226845,-0.0018000002019107344,0.0,0.005500000086613,0.0016999999061226845,-0.0006999997422099112,3.0,9.0,09-27,-0.01758333411028919
07-15,0.0,-0.08949999511241913,-0.08000000566244125,0.0,0.0,-0.003400000277906657,0.0016999999061226845,-0.0018000002019107344,0.0,0.005500000086613,0.0016999999061226845,-0.0006999997422099112,3.0,9.0,09-28,-0.013875000091502443
07-16,-0.06999999284744263,-0.08999998867511749,-0.08000000566244125,0.0,0.0,-0.003400000277906657,0.0016999999061226845,-0.001700000138953328,0.0,0.005500000086613,0.0016999999061226845,-0.0006999997422099112,3.0,9.0,09-29,-0.01974166562043441
07-17,-0.04999995231628418,-0.08999998867511749,-0.08000000566244125,0.0,0.011500000488013027,0.0015999998431652784,0.0016999999061226845,-0.001700000138953328,0.0,0.005500000086613,0.000800000037997961,0.00029999995604157453,6.0,6.0,09-30,-0.0166916622062369
07-18,-0.019999980926513672,-0.08999998867511749,-0.08000000566244125,0.0,0.012499999720603228,0.0015999998431652784,0.0016999999061226845,-0.001700000138953328,-0.00029999995604157453,0.005500000086613,0.002199999988079071,0.00029999995604157453,6.0,6.0,10-01,-0.014016664654870208
07-19,-0.019999980926513672,-0.08999998867511749,-0.08000000566244125,0.0,0.012499999720603228,0.019999999785795808,0.0016999999061226845,-0.001700000138953328,-0.00029999995604157453,0.005500000086613,0.002199999988079071,0.00029999995604157453,6.0,6.0,10-02,-0.012483331326317662
07-20,-0.019999980926513672,-0.07999999821186066,-0.12000000476837155,0.0,0.0074999998323619374,0.011000000173226,0.0016999999061226845,-0.001700000138953328,-0.00029999995604157453,0.005500000086613,0.0006999997422099112,0.00029999995604157453,6.0,6.0,10-03,-0.016274998692097142
07-21,-0.009999990463256836,-0.06999999284744263,-0.130000002682209,0.0,0.014500000979751347,0.011000000173226,0.0016999999061226845,-0.001700000138953328,-0.00029999995604157453,0.005500000086613,0.0006999997422099112,0.00029999995604157453,6.0,6.0,10-04,-0.014858332103661573
07-22,0.019999980926513672,0.01000000536441803,-0.1750000026077032,0.0,0.014500000979751347,0.011000000173226,0.0016999999061226845,-0.001700000138953328,-0.00029999995604157453,0.005500000086613,0.0006999997422099112,0.00029999995604157453,8.0,4.0,10-05,-0.009441667963983493
07-23,0.019999980926513672,-0.004999995231628418,-0.1750000026077032,0.0,0.014500000979751347,0.0328999983612448,0.0016999999061226845,-0.001700000138953328,-0.00029999995604157453,0.005500000086613,0.0006999997422099112,0.00029999995604157453,7.0,5.0,10-06,-0.008866668164652461
07-24,0.05900001525878906,-0.01000000536441803,-0.1750000026077032,0.0,0.014500000979751347,0.027999999234452844,0.002499999944120645,-0.001700000138953328,-0.00029999995604157453,0.005500000086613,0.0006999997422099112,0.00029999995604157453,7.0,5.0,10-07,-0.006374999405428146
07-25,0.058899998664855964,-0.01000000536441803,-0.1750000026077032,0.0,0.0074999998323619374,0.008999999845400453,0.002499999944120645,-0.001700000138953328,-0.00029999995604157453,0.005500000086613,0.0006999997422099112,0.00029999995604157453,7.0,5.0,10-08,-0.008550000832959391
07-26,0.058899998664855964,-0.01000000536441803,-0.1750000026077032,0.0,0.00849999999627471,0.00799999968148768,0.002499999944120645,-0.001700000138953328,-0.00029999995604157453,0.005500000086613,0.0006999997422099112,0.00029999995604157453,7.0,5.0,10-09,-0.008550000832959391
07-27,0.058899998664855964,-0.04999999701976776,-0.1750000026077032,0.0,0.005500000435858965,0.023000000277534127,0.002499999944120645,-0.001700000138953328,-0.00029999995604157453,0.005500000086613,0.0006999997422099112,0.00029999995604157453,7.0,5.0,10-10,-0.010883333384602642
07-28,0.058899998664855964,-0.005000010132789612,-0.1750000026077032,0.0,0.005500000435858965,0.023000000277534127,0.002499999944120645,-0.001700000138953328,0.0,0.005500000086613,0.0006999997422099112,0.00029999995604157453,7.0,5.0,10-11,-0.007108334481017664
07-29,0.059899985790252686,-0.015000000596046446,-0.18000000342726707,0.0,0.005500000435858965,0.023000000277534127,0.002499999944120645,-0.002899999963119626,0.0,0.005500000086613,0.0006999997422099112,0.00029999995604157453,7.0,5.0,10-12,-0.00837500147948352
07-30,0.039900004863739014,-0.015000000596046446,-0.18000000342726707,0.0,0.005500000435858965,0.023000000277534127,0.002499999944120645,-0.002899999963119626,0.0,0.005500000086613,0.0006999997422099112,0.00029999995604157453,7.0,5.0,10-13,-0.010041666556692991
07-31,0.039900004863739014,-0.015000000596046446,-0.18000000342726707,0.0,0.005500000435858965,0.0005999999120831492,0.002499999944120645,-0.002899999963119626,0.0,0.005500000086613,0.0006999997422099112,0.00029999995604157453,7.0,5.0,10-14,-0.011908333253813908
08-01,0.04000002145767212,-0.015000000596046446,-0.18000000342726707,0.0,0.003500000108033419,0.0005999999120831492,0.0027000000700354576,-0.002899999963119626,0.0,0.005500000086613,0.0006999997422099112,0.00029999995604157453,7.0,5.0,10-15,-0.012049998554478707
08-02,0.04000002145767212,-0.015000000596046446,-0.18000000342726707,0.0,0.003500000108033419,0.0005999999120831492,0.005699999630451202,-0.002899999963119626,0.0,0.005500000086613,0.0006999997422099112,0.00029999995604157453,7.0,5.0,10-16,-0.011799998591110729
08-03,0.04000002145767212,-0.015000000596046446,-0.18000000342726707,0.0,0.003500000108033419,0.0005999999120831492,0.005699999630451202,-0.002899999963119626,0.0,0.005500000086613,0.0006999997422099112,0.00029999995604157453,7.0,5.0,10-17,-0.011799998591110729
08-04,0.009999990463256836,-0.14000000059604645,-0.18000000342726707,0.0,0.011500000488013027,0.0005999999120831492,0.0044999998062849045,-0.002899999963119626,0.0,0.005500000086613,0.0006999997422099112,0.00029999995604157453,7.0,5.0,10-18,-0.024150001127660897
08-05,0.039900004863739014,-0.050999999046325684,-0.18000000342726707,0.0,0.011500000488013027,0.0005999999120831492,0.0044999998062849045,-0.002899999963119626,0.0,0.005500000086613,0.0006999997422099112,0.00029999995604157453,7.0,5.0,10-19,-0.014241666465143984
08-06,0.04000002145767212,-0.14000000059604645,-0.18000000342726707,0.0,0.011500000488013027,0.0005999999120831492,0.0044999998062849045,-0.002899999963119626,-0.0005000000819563867,0.005500000086613,0.0006999997422099112,0.00029999995604157453,7.0,5.0,10-20,-0.02169166521828932
08-07,0.0,-0.14000000059604645,-0.16500000283122065,0.0,0.003500000108033419,0.0005999999120831492,0.0044999998062849045,-0.002899999963119626,-0.0005000000819563867,0.005500000086613,0.0006999997422099112,0.0040000001899898035,6.0,6.0,10-21,-0.024133333635594074
08-08,0.005299985408782959,-0.14900000393390656,-0.16500000283122065,0.0,0.003500000108033419,0.0005999999120831492,0.0044999998062849045,-0.002899999963119626,-0.0005000000819563867,0.002499999944120645,0.0006999997422099112,0.0040000001899898035,7.0,5.0,10-22,-0.024691668474891532
08-09,0.005299985408782959,-0.14900000393390656,-0.09300000593066217,0.0,0.003500000108033419,0.0005999999120831492,0.0044999998062849045,-0.002899999963119626,-0.0005000000819563867,0.002499999944120645,0.0006999997422099112,0.0040000001899898035,7.0,5.0,10-23,-0.01869166873317833
08-10,0.005299985408782959,-0.14900000393390656,-0.10500000603497027,0.0,0.003500000108033419,0.0005999999120831492,0.0044999998062849045,0.0010999999940395355,-0.0005000000819563867,0.005999999586492778,-0.0001300000585615635,0.0040000001899898035,7.0,5.0,10-24,-0.019135835425307352
08-11,0.0,-0.14900000393390656,-0.10500000603497027,0.0,0.003500000108033419,0.0005999999120831492,0.0044999998062849045,0.0010999999940395355,-0.0005000000819563867,0.005999999586492778,-0.0001300000585615635,0.0040000001899898035,6.0,6.0,10-25,-0.01957750087603927
08-12,0.0,-0.14900000393390656,-0.10500000603497027,0.0,0.003500000108033419,0.0005999999120831492,0.0044999998062849045,0.0010999999940395355,-0.0005000000819563867,0.005999999586492778,-0.0001300000585615635,0.0040000001899898035,6.0,6.0,10-26,-0.01957750087603927
08-13,0.0,-0.07199999690055847,-0.10400000400841236,0.0,0.003500000108033419,0.0005999999120831492,0.0044999998062849045,0.001299999887123704,-0.0005000000819563867,0.005999999586492778,-0.0001300000585615635,0.001999999862164259,6.0,6.0,10-27,-0.013227500157275548
08-14,0.0,-0.07199999690055847,-0.10400000400841236,0.0,0.004500000271946192,0.0005999999120831492,0.003499999642372132,0.001299999887123704,-0.0005000000819563867,0.005999999586492778,-0.00029999995604157453,0.001999999862164259,6.0,6.0,10-28,-0.01324166681539888
08-15,0.06000000238418578,-0.08299999684095383,-0.10400000400841236,0.0,0.0058999997563660145,0.0005999999120831492,0.003499999642372132,0.001299999887123704,-0.0005000000819563867,0.0029999995604157448,-0.00029999995604157453,0.001999999862164259,7.0,5.0,10-29,-0.009291666656887779
08-16,0.07999998331069946,-0.08299999684095383,-0.10400000400841236,0.0,0.005799999926239252,0.0005999999120831492,0.003499999642372132,0.001299999887123704,-0.0005000000819563867,-0.0005000000819563867,-0.00029999995604157453,0.001999999862164259,6.0,6.0,10-30,-0.007925001535719881
08-17,0.07999998331069946,-0.08299999684095383,-0.10400000400841236,0.0,0.005799999926239252,0.0005999999120831492,0.003499999642372132,0.001299999887123704,-0.0005000000819563867,-0.0005000000819563867,-0.00029999995604157453,0.001999999862164259,6.0,6.0,10-31,-0.007925001535719881
08-18,0.06000000238418578,-0.07300000637769699,-0.10400000400841236,0.0,0.003000000026077032,0.0005999999120831492,0.0029999995604157448,0.0010999999940395355,-0.0005000000819563867,-0.0005000000819563867,-0.0005000000819563867,0.001999999862164259,6.0,6.0,11-01,-0.009066667407751085
08-19,-0.13979998230934146,-0.07300000637769699,-0.10400000400841236,0.0,0.003000000026077032,0.0005999999120831492,0.0029999995604157448,0.0010999999940395355,-0.0005000000819563867,-0.0005000000819563867,-0.0005000000819563867,0.001999999862164259,5.0,7.0,11-02,-0.025716666132211685
08-20,-0.0697999894618988,-0.08299999684095383,-0.10700000450015068,0.0,0.003000000026077032,0.0005999999120831492,0.0029999995604157448,0.0010999999940395355,-0.0005000000819563867,-0.0005000000819563867,-0.0005000000819563867,0.0017999997362494469,5.0,7.0,11-03,-0.020983332651667297
08-21,0.0,-0.08299999684095383,-0.10700000450015068,0.0,0.000800000037997961,0.0005999999120831492,0.0029999995604157448,0.0010999999940395355,-0.0005000000819563867,-0.0005000000819563867,-0.0005000000819563867,0.0017999997362494469,5.0,7.0,11-04,-0.015350000195515653
08-22,-0.08199998736381531,-0.08299999684095383,-0.10700000450015068,0.0,0.000800000037997961,0.0005999999120831492,0.0029999995604157448,0.0010999999940395355,-0.0005000000819563867,-0.0005000000819563867,-0.0005000000819563867,0.000800000037997961,5.0,7.0,11-05,-0.022266665784021214
08-23,-0.10199999809265137,-0.08299999684095383,-0.10099999979138374,0.0,0.000800000037997961,0.0005999999120831492,0.0029999995604157448,0.0010999999940395355,-0.0005000000819563867,-0.0005000000819563867,-0.0005000000819563867,0.000800000037997961,5.0,7.0,11-06,-0.02343333295236032
08-24,-0.10199999809265137,-0.08299999684095383,-0.10099999979138374,0.0,0.000800000037997961,0.0005999999120831492,0.0029999995604157448,0.0010999999940395355,-0.0005000000819563867,-0.0005000000819563867,-0.0006000001449137926,0.000800000037997961,5.0,7.0,11-07,-0.02344166629094009
08-25,-0.1600000262260437,-0.0689999982714653,-0.10099999979138374,0.0,0.000800000037997961,0.0005999999120831492,0.0029999995604157448,0.0010999999940395355,-0.0005000000819563867,-0.0005000000819563867,-0.002300000051036477,0.000800000037997961,5.0,7.0,11-08,-0.02725000208010897
08-26,-0.1600000262260437,-0.06100000441074371,-0.10099999979138374,0.0,0.000800000037997961,0.0005999999120831492,0.003499999642372132,0.0010999999940395355,-0.0005000000819563867,-0.0005000000819563867,-0.002300000051036477,0.0016999999061226845,5.0,7.0,11-09,-0.02646666926254208
08-27,-0.11000001430511476,-0.07100000232458115,-0.10099999979138374,0.0,0.000800000037997961,0.0005999999120831492,0.003499999642372132,0.0010999999940395355,-0.0005000000819563867,-0.0005000000819563867,-0.002300000051036477,-0.00419999985024333,4.0,8.0,11-10,-0.023625001408314958
08-28,-0.0900999903678894,-0.05000000447034837,-0.10099999979138374,0.0,0.000800000037997961,0.0005999999120831492,0.013399999588727951,0.0010999999940395355,-0.0005000000819563867,0.002499999944120645,-0.0013000001199543474,-0.0030000004917383194,5.0,7.0,11-11,-0.01895833298719177
08-29,-0.10000002384185792,-0.05000000447034837,-0.10099999979138374,0.0,0.000800000037997961,0.0005999999120831492,0.013399999588727951,0.0010999999940395355,-0.0005000000819563867,0.002499999944120645,-0.0013000001199543474,-0.0030000004917383194,5.0,7.0,11-12,-0.01978333577668916
08-30,-0.10000002384185792,-0.05000000447034837,-0.10099999979138374,0.0,0.000800000037997961,0.0005999999120831492,0.013399999588727951,0.0010999999940395355,-0.0005000000819563867,0.0024000001139938827,-0.0013000001199543474,-0.0030000004917383194,5.0,7.0,11-13,-0.019791669095866386
08-31,-0.10000002384185792,-0.05000000447034837,-0.10099999979138374,0.0,0.000800000037997961,0.004100000485777855,0.013399999588727951,0.00010000006295740604,-0.0005000000819563867,0.0024000001139938827,-0.005000000353902578,-0.0030000004917383194,5.0,7.0,11-14,-0.01989166906181102
09-01,-0.10000002384185792,-0.05000000447034837,-0.10099999979138374,0.0,0.000800000037997961,0.004100000485777855,0.013399999588727951,0.00010000006295740604,-0.0005000000819563867,0.0024000001139938827,-0.005000000353902578,0.0006999997422099112,6.0,6.0,11-15,-0.019583335708982
09-02,-0.019999980926513672,-0.05000000447034837,-0.10099999979138374,0.0,0.000800000037997961,0.004100000485777855,0.003499999642372132,0.00010000006295740604,-0.0005000000819563867,0.0024000001139938827,-0.005000000353902578,0.0006999997422099112,6.0,6.0,11-16,-0.0137416654615663
09-03,-0.1438000202178955,-0.040000006556510925,-0.11599999945610764,0.0,0.000800000037997961,0.0059000002220273035,0.003499999642372132,0.00010000006295740604,-0.0005000000819563867,0.0024000001139938827,-0.005000000353902578,0.0006999997422099112,6.0,6.0,11-17,-0.024325002237067867
09-04,-0.17999997735023499,-0.04100000858306885,-0.09200000017881392,0.0,0.000800000037997961,0.007800000254064798,0.003499999642372132,0.00010000006295740604,-0.0005000000819563867,0.0024000001139938827,-0.005499999737367034,0.0006999997422099112,6.0,6.0,11-18,-0.025308332173153758
09-05,-0.16999998688697815,-0.04100000858306885,-0.09200000017881392,0.0,0.000800000037997961,0.007800000254064798,0.003499999642372132,0.00010000006295740604,-0.0005000000819563867,0.0024000001139938827,-0.003999999957159162,0.0006999997422099112,6.0,6.0,11-19,-0.02434999965286504
09-06,-0.2399999797344208,-0.04100000858306885,-0.09200000017881392,0.0,0.000800000037997961,0.007800000254064798,0.003499999642372132,0.00010000006295740604,-0.0005000000819563867,0.0008999998681247234,-0.003999999957159162,0.0006999997422099112,6.0,6.0,11-20,-0.03030833241064101
09-07,-0.2399999797344208,-0.04100000858306885,-0.09200000017881392,0.0,0.000800000037997961,0.002499999944120645,0.003499999642372132,0.00010000006295740604,-0.0005000000819563867,0.0008999998681247234,-0.003999999957159162,0.0006999997422099112,6.0,6.0,11-21,-0.030749999103136364
09-08,-0.2399999797344208,-0.04100000858306885,-0.09200000017881392,0.0,0.000800000037997961,0.002499999944120645,0.003499999642372132,0.00010000006295740604,-0.002499999944120645,0.0008999998681247234,-0.003999999957159162,0.0006999997422099112,6.0,6.0,11-22,-0.030916665758316718
09-09,-0.3199999928474426,-0.06000000238418578,-0.09200000017881392,0.0,0.000800000037997961,0.002499999944120645,0.003499999642372132,0.00010000006295740604,-0.002499999944120645,0.0008999998681247234,-0.003999999957159162,0.0006999997422099112,6.0,6.0,11-23,-0.03916666633449495
09-10,-0.2899999916553497,-0.06000000238418578,-0.09200000017881392,0.0,0.000800000037997961,0.002499999944120645,0.003499999642372132,0.00010000006295740604,-0.002499999944120645,0.0008999998681247234,-0.003999999957159162,0.0006999997422099112,6.0,6.0,11-24,-0.03666666623515388
09-11,-0.2880000174045563,-0.06000000238418578,-0.09200000017881392,0.0,0.000800000037997961,0.002499999944120645,0.003499999642372132,0.00010000006295740604,-0.002499999944120645,0.0008999998681247234,-0.003999999957159162,0.0006999997422099112,6.0,6.0,11-25,-0.03650000171425442
09-12,-0.2880000174045563,-0.06000000238418578,-0.09200000017881392,0.0,0.009000000078231095,0.002499999944120645,0.0029999995604157448,0.00010000006295740604,-0.002499999944120645,0.0008999998681247234,-0.005499999737367034,0.0006999997422099112,6.0,6.0,11-26,-0.035983335032748684
09-13,-0.2880000174045563,-0.06000000238418578,-0.09200000017881392,0.0,0.009000000078231095,0.002499999944120645,0.0029999995604157448,0.00010000006295740604,-0.0014999997802078724,0.0008999998681247234,-0.005699999863281846,0.0006999997422099112,6.0,6.0,11-27,-0.035916668362915516
09-14,-0.2880000174045563,-0.06000000238418578,-0.09200000017881392,0.0,0.009000000078231095,0.002499999944120645,0.0029999995604157448,0.00010000006295740604,-0.0014999997802078724,-0.008969999849796295,-0.005699999863281846,0.0006999997422099112,5.0,7.0,11-28,-0.036739168339408934
09-15,-0.2899999916553497,-0.06000000238418578,-0.11349999951198694,0.0,0.009000000078231095,0.002499999944120645,0.0029999995604157448,0.00010000006295740604,-0.0014999997802078724,-0.008969999849796295,-0.005699999863281846,0.0006999997422099112,5.0,7.0,11-29,-0.03869749947140614
09-16,-0.25,-0.1040000021457672,-0.11349999951198694,0.0,0.009000000078231095,0.002499999944120645,0.0029999995604157448,0.0,-0.0014999997802078724,-0.008969999849796295,-0.005699999863281846,0.0006999997422099112,4.0,8.0,11-30,-0.03903916681883857
09-17,-0.2541999816894531,-0.06000000238418578,-0.11349999951198694,0.0,0.009000000078231095,0.002499999944120645,0.0029999995604157448,0.0,-0.0014999997802078724,-0.008969999849796295,-0.002500000176951289,0.0006999997422099112,4.0,8.0,12-01,-0.03545583200563366
09-18,-0.17000001668930054,-0.06000000238418578,-0.11349999951198694,0.0,0.009000000078231095,0.002499999944120645,0.0029999995604157448,0.0,-0.0014999997802078724,-0.008969999849796295,-0.002500000176951289,0.0006999997422099112,4.0,8.0,12-02,-0.028439168255620945
09-19,-0.2799999713897705,-0.06000000238418578,-0.11349999951198694,0.0,0.009000000078231095,0.002499999944120645,0.0029999995604157448,0.0,-0.0005000000819563867,-0.0015000002458691595,-0.002500000176951289,0.0006999997422099112,4.0,8.0,12-03,-0.03689999787214523
09-20,-0.2749999761581421,-0.06000000238418578,-0.11249999748542903,0.0,0.005500000435858965,0.002499999944120645,0.0029999995604157448,0.0,-0.0005000000819563867,-0.0015000002458691595,-0.002500000176951289,0.0006999997422099112,4.0,8.0,12-04,-0.03669166473749405
09-21,-0.2749999761581421,-0.06000000238418578,-0.11249999748542903,0.0,0.005500000435858965,0.002499999944120645,0.0029999995604157448,0.0,-0.0005000000819563867,-0.0015000002458691595,-0.002500000176951289,0.0006999997422099112,4.0,8.0,12-05,-0.03669166473749405
09-22,-0.25999999046325684,-0.05949999392032624,-0.11249999748542903,0.0,0.005500000435858965,0.002499999944120645,0.0029999995604157448,0.0,-0.0005000000819563867,-0.0015000002458691595,-0.002500000176951289,0.0006999997422099112,4.0,8.0,12-06,-0.035399998557598636
09-23,-0.2450000047683716,-0.059000000357627876,-0.11199999693781136,0.0,0.005500000435858965,0.002499999944120645,0.0029999995604157448,0.0,-0.0005000000819563867,-0.0015000002458691595,-0.002500000176951289,0.0006999997422099112,4.0,8.0,12-07,-0.0340666669071652
09-24,-0.20499998331069946,-0.039000004529953,-0.07199999783188105,0.0,0.005500000435858965,0.002499999944120645,0.0029999995604157448,0.0,-0.0005000000819563867,-0.0015000002458691595,-0.002500000176951289,0.0006999997422099112,4.0,8.0,12-08,-0.02573333220789209
09-25,-0.20499998331069946,-0.06000000238418578,-0.05799999833106995,0.0,0.005500000435858965,0.002499999944120645,0.0029999995604157448,0.0,-0.0005000000819563867,-0.0015000002458691595,-0.004200000083073975,0.0006999997422099112,4.0,8.0,12-09,-0.02645833206285412
09-26,-0.2300000190734864,-0.06000000238418578,-0.05799999833106995,0.0,-0.006000000052154064,0.002499999944120645,0.0029999995604157448,0.0,-0.0005000000819563867,-0.0015000002458691595,-0.0033000002149492502,0.0006999997422099112,3.0,9.0,12-10,-0.029425001761410382
09-27,-0.2400000095367432,-0.06000000238418578,-0.05799999833106995,0.0,-0.006999999284744264,0.002499999944120645,0.0029999995604157448,-0.00010000006295740604,-0.0005000000819563867,-0.0015000002458691595,-0.00470000016503036,0.0006999997422099112,3.0,9.0,12-11,-0.03046666757048418
09-28,-0.2400000095367432,-0.06499999761581421,-0.04800000041723251,0.0,-0.009999999776482582,0.002499999944120645,0.0029999995604157448,-0.00010000006295740604,-0.0005000000819563867,-0.0015000002458691595,-0.00470000016503036,0.0006999997422099112,3.0,9.0,12-12,-0.030300000721278288
09-29,-0.25999999046325684,-0.06000000238418578,-0.06199999991804361,0.0,-0.009999999776482582,0.002499999944120645,0.0029999995604157448,-0.00010000006295740604,-0.0005000000819563867,-0.0015000002458691595,-0.00470000016503036,0.0006999997422099112,3.0,9.0,12-13,-0.032716666154252984
09-30,-0.2990000247955322,-0.03999999910593033,-0.01699999999254942,0.0,-0.009999999776482582,-0.015899999998509884,0.0014999997802078724,-0.00010000006295740604,-0.0005000000819563867,-0.0015000002458691595,-0.00470000016503036,0.0006999997422099112,2.0,10.0,12-14,-0.03220833539186666
10-01,-0.05019998550415039,-0.009000003337860106,-0.01699999999254942,0.0,-0.004999999888241291,-0.006900000385940075,0.0014999997802078724,-0.00010000006295740604,-0.0005000000819563867,-0.0015000002458691595,-0.0031999999191612005,0.0006999997422099112,2.0,10.0,12-15,-0.007599999158022305
10-02,-0.09000003337860107,-0.038999997079372406,-0.01699999999254942,0.0,-0.013200000859797,-0.028799998573958874,0.0014999997802078724,-0.00010000006295740604,-0.0005000000819563867,-0.0015000002458691595,-0.0031999999191612005,0.0006999997422099112,2.0,10.0,12-16,-0.015925002555983763
10-03,-0.21000000834465027,-0.038999997079372406,-0.01699999999254942,0.0,-0.013200000859797,-0.02389999944716692,0.0006999997422099112,-0.00010000006295740604,-0.0005000000819563867,-0.0015000002458691595,-0.0031999999191612005,0.0006999997422099112,2.0,10.0,12-17,-0.02558333387908836
10-04,-0.20000001788139346,-0.038999997079372406,-0.011999999172985555,0.0,-0.006199999712407589,-0.004900000058114529,0.0006999997422099112,-0.00010000006295740604,-0.0005000000819563867,-0.0015000002458691595,-0.0031999999191612005,0.0006999997422099112,2.0,10.0,12-18,-0.022166667894149814
10-05,-0.20000001788139346,-0.038999997079372406,-0.026999999769032,0.0,-0.007199999876320362,-0.0054999999701976785,0.0006999997422099112,-0.00010000006295740604,-0.0005000000819563867,-0.0015000002458691595,-0.0031999999191612005,0.0006999997422099112,2.0,10.0,12-19,-0.023550001283486683
10-06,-0.18000003695487976,-0.03000000119209289,-0.015999999828636646,0.0,-0.007199999876320362,-0.0054999999701976785,0.0006999997422099112,-0.00010000006295740604,-0.0005000000819563867,-0.0015000002458691595,-0.0031999999191612005,0.0006999997422099112,2.0,10.0,12-20,-0.020216669887304303
10-07,-0.30000001192092896,-0.03000000119209289,-0.019800000125542283,0.0,-0.007199999876320362,-0.0044999998062849045,0.0006999997422099112,-0.00010000006295740604,-0.0005000000819563867,-0.0015000002458691595,-0.0031999999191612005,0.0006999997422099112,2.0,10.0,12-21,-0.030450001145557813
10-08,-0.33000001311302185,-0.03000000119209289,-0.019800000125542283,0.0,-0.004200000315904617,-0.019500000402331352,0.0006999997422099112,-0.00010000006295740604,-0.0005000000819563867,-0.0015000002458691595,-0.0031999999191612005,0.0006999997422099112,2.0,10.0,12-22,-0.033950001331201435
10-09,-0.3100000023841858,-0.03000000119209289,-0.019800000125542283,0.0,-0.004200000315904617,-0.019100000150501728,0.0006999997422099112,-0.00010000006295740604,-0.0005000000819563867,-0.0015000002458691595,-0.0031999999191612005,0.0006999997422099112,2.0,10.0,12-23,-0.032250000416145966
10-10,-0.2899999916553497,-0.03000000119209289,-0.019800000125542283,0.0,-0.004200000315904617,-0.0001999996602535248,0.0006999997422099112,-0.00010000006295740604,-0.0005000000819563867,-0.0015000002458691595,-0.0031999999191612005,0.0006999997422099112,2.0,10.0,12-24,-0.02900833281455561
10-11,-0.2899999916553497,-0.03000000119209289,-0.019800000125542283,0.0,-0.002199999988079071,-0.0001999996602535248,0.0006999997422099112,-0.00010000006295740604,-0.0005000000819563867,-0.0015000002458691595,-0.0031999999191612005,0.0006999997422099112,2.0,10.0,12-25,-0.028841666120570163
10-12,-0.2899999916553497,-0.03000000119209289,-0.019800000125542283,0.0,-0.002199999988079071,-0.0001999996602535248,0.0006999997422099112,-0.00010000006295740604,-0.0005000000819563867,-0.0015000002458691595,-0.0031999999191612005,0.0006999997422099112,2.0,10.0,12-26,-0.028841666120570163
10-13,-0.2899999916553497,-0.020999997854232788,-0.01609999965876341,0.0,-0.002199999988079071,-0.0001999996602535248,0.0004999996162950994,-0.00010000006295740604,-0.0005000000819563867,-0.0015000002458691595,-0.0031999999191612005,0.0006999997422099112,2.0,10.0,12-27,-0.02779999914734314
10-14,-0.3499999940395355,-0.010999999940395357,-0.01599999936297536,0.0,-0.002199999988079071,-0.0001999996602535248,-0.0037999995984137054,-0.00010000006295740604,-0.0005000000819563867,-0.0015000002458691595,-0.0031999999191612005,0.0006999997422099112,1.0,11.0,12-28,-0.0323166660964489
10-15,-0.33000001311302185,-0.0010000020265579224,-0.01729999948292971,0.0,-0.002199999988079071,-0.0001999996602535248,-0.0037999995984137054,-0.00010000006295740604,-0.0005000000819563867,-0.0015000002458691595,-0.0031999999191612005,0.0006999997422099112,1.0,11.0,12-29,-0.029925001203082505
10-16,-0.3499000072479248,-0.0010000020265579224,-0.01729999948292971,0.0,-0.01020000036805868,-0.0001999996602535248,-0.003999999724328518,-0.00010000006295740604,-0.0005000000819563867,-0.0015000002458691595,-0.0031999999191612005,0.0006999997422099112,1.0,11.0,12-30,-0.03226666742314895
10-17,-0.3499999940395355,0.009000003337860106,-0.01729999948292971,0.0,-0.002199999988079071,-0.0001999996602535248,-0.003999999724328518,-0.00010000006295740604,-0.0005000000819563867,-0.0015000002458691595,-0.0031999999191612005,-0.0030000004917383194,1.0,11.0,12-31,-0.031083332529912393
10-18,-0.3499999940395355,0.009000003337860106,-0.01729999948292971,0.0,-0.002199999988079071,-0.0001999996602535248,-0.003999999724328518,-0.00010000006295740604,0.0,-0.0015000002458691595,-0.0031999999191612005,-0.0030000004917383194,1.0,11.0,01-01,-0.031041665856416024
10-19,-0.3499999940395355,0.020000003278255463,-0.01729999948292971,0.0,-0.002199999988079071,-0.0001999996602535248,-0.003999999724328518,-0.00010000006295740604,0.0,-0.0015000002458691595,0.012999999336898329,-0.0030000004917383194,2.0,10.0,01-02,-0.02877499925671145
10-20,-0.3699999749660492,0.020000003278255463,-0.017999999457970258,0.0,-0.002199999988079071,-0.0001999996602535248,-0.003999999724328518,-0.00010000006295740604,0.00022999988868832588,-0.004999999888241291,-0.002499999944120645,-0.0030000004917383194,2.0,10.0,01-03,-0.03206416425139954
10-21,-0.32999998331069946,0.03000000864267349,-0.01749999960884452,0.0,-0.002199999988079071,-0.0001999996602535248,-0.003999999724328518,-0.00010000006295740604,0.00022999988868832588,-0.004999999888241291,-0.002499999944120645,-0.0030000004917383194,2.0,10.0,01-04,-0.027855831178991743
10-22,-0.3191999793052673,0.03000000864267349,-0.01749999960884452,0.0,-0.002199999988079071,-0.0001999996602535248,-0.003999999724328518,-0.00010000006295740604,0.00022999988868832588,-0.004999999888241291,-0.0016700001433491707,-0.0030000004917383194,2.0,10.0,01-05,-0.026886664195141446
10-23,-0.2799999713897705,0.03000000864267349,-0.01749999960884452,0.0,-0.002199999988079071,-0.0001999996602535248,-0.003999999724328518,-0.00010000006295740604,0.00022999988868832588,-0.004999999888241291,-0.0016700001433491707,-0.0010000001639127733,2.0,10.0,01-06,-0.023453330174864586
10-24,-0.2799999713897705,0.03999999910593033,-0.01749999960884452,0.0,-0.003200000151991844,-0.0001999996602535248,-0.004999999422580004,-0.00010000006295740604,0.00022999988868832588,-0.004999999888241291,-0.0013000001199543474,-0.0010000001639127733,2.0,10.0,01-07,-0.022755830956157297
10-25,-0.29999998211860657,0.03999999910593033,-0.01749999960884452,0.0,-0.003899999894201757,-0.0001999996602535248,-0.004999999422580004,-0.00029999995604157453,0.0,-0.004999999888241291,-0.0013000001199543474,-0.0010000001639127733,1.0,11.0,01-08,-0.02451666514389217
10-26,-0.29999998211860657,0.03999999910593033,-0.01749999960884452,0.0,-0.002299999818205833,-0.0001999996602535248,-0.004999999422580004,-0.00029999995604157453,-6.000022403895854e-05,-0.0015000002458691595,-0.0013000001199543474,-0.0010000001639127733,1.0,11.0,01-09,-0.02409666518603141
10-27,-0.09020000696182252,0.08000000566244125,-0.01749999960884452,0.0,-0.002299999818205833,-0.0001999996602535248,-0.004999999422580004,-0.00029999995604157453,-0.00010000006295740604,-0.0015000002458691595,-0.0013000001199543474,-0.0010000001639127733,1.0,11.0,01-10,-0.0032833333631667
10-28,0.06970000267028809,0.08000000566244125,-0.01749999960884452,0.0,-0.002299999818205833,-0.0001999996602535248,-0.004999999422580004,-0.00010000006295740604,0.0009999996982514858,-0.0015000002458691595,-0.0013000001199543474,-0.0010000001639127733,3.0,9.0,01-11,0.010150000744033605
10-29,0.044799983501434326,0.08000000566244125,-0.01749999960884452,0.0,-0.002299999818205833,-0.0001999996602535248,-0.004999999422580004,-0.00010000006295740604,0.0032999999821186066,-0.0015000002458691595,-0.0013000001199543474,-0.0010000001639127733,3.0,9.0,01-12,0.008266665836951384
10-30,-0.06000000238418578,0.08000000566244125,-0.01749999960884452,0.0,0.0005000000819563867,0.0,-0.004999999422580004,-0.00010000006295740604,0.0032999999821186066,-0.0015000002458691595,-0.0013000001199543474,-0.000800000037997961,3.0,9.0,01-13,-0.00019999967965607845
10-31,-0.05000001192092896,0.08000000566244125,-0.01749999960884452,0.0,0.0027000000700354576,0.0,-0.002299999818205833,-0.00010000006295740604,0.0032999999821186066,-0.0015000002458691595,-0.0013000001199543474,-0.000800000037997961,3.0,9.0,01-14,0.0010416661583197613
11-01,-0.03999999165534973,0.08000000566244125,-0.01749999960884452,0.0,0.0027000000700354576,0.0,-0.002299999818205833,-0.00010000006295740604,0.0032999999821186066,-0.0037800001446157694,-0.0013000001199543474,-0.000800000037997961,3.0,9.0,01-15,0.001685001188889146
11-02,-0.03999999165534973,0.07800000160932541,-0.01749999960884452,0.0,0.0027000000700354576,-0.0001999996602535248,-0.002299999818205833,-0.00010000006295740604,0.0032999999821186066,-0.0037800001446157694,-0.0013000001199543474,-0.000800000037997961,3.0,9.0,01-16,0.001501667546108365
11-03,-0.019999980926513672,0.07800000160932541,-0.01749999960884452,0.0,0.0027000000700354576,-0.0001999996602535248,-0.002299999818205833,-0.00010000006295740604,0.0032999999821186066,-0.0037800001446157694,-0.0013000001199543474,-0.000800000037997961,3.0,9.0,01-17,0.003168335106844703
11-04,-0.019999980926513672,0.07000000774860382,-0.01749999960884452,0.0,0.0027000000700354576,-0.0001999996602535248,-0.002299999818205833,-0.00010000006295740604,0.0014999997802078724,-0.0037800001446157694,-0.0013000001199543474,-0.000800000037997961,3.0,9.0,01-18,0.0023516689349586764
11-05,-0.06000000238418578,0.08000000566244125,-0.01749999960884452,0.0,0.0027000000700354576,-0.0001999996602535248,-0.002299999818205833,-0.00010000006295740604,0.0014999997802078724,-0.0037800001446157694,-0.0012000000569969411,-0.000800000037997961,3.0,9.0,01-19,-0.00013999968844776353
11-06,-0.06999999284744263,0.08000000566244125,-0.01749999960884452,0.0,0.0027000000700354576,-0.0001999996602535248,-0.002299999818205833,-0.00010000006295740604,0.0014999997802078724,-0.0037800001446157694,0.0004999998491257429,-0.000800000037997961,4.0,8.0,01-20,-0.0008316655682089428
11-07,-0.06999999284744263,0.08000000566244125,-0.01749999960884452,0.0,0.0027000000700354576,-0.0001999996602535248,-0.012199999764561651,-0.00010000006295740604,0.0014999997802078724,-0.0037800001446157694,-0.0005000000819563867,0.0,3.0,9.0,01-21,-0.0016733322214956086
11-08,-0.03999999165534973,0.08000000566244125,-0.002499999944120645,0.0,0.0027000000700354576,-0.0001999996602535248,-0.012199999764561651,-0.00010000006295740604,0.0014999997802078724,-0.0037800001446157694,-0.0005000000819563867,0.0,3.0,9.0,01-22,0.002076667849905789
11-09,-0.03999999165534973,0.08000000566244125,-0.002499999944120645,0.0,0.0027000000700354576,-0.0001999996602535248,-0.012199999764561651,-0.00010000006295740604,0.0014999997802078724,-0.0037800001446157694,-0.0005000000819563867,0.0,3.0,9.0,01-23,0.002076667849905789
11-10,-0.03999999165534973,0.07000000774860382,-0.002499999944120645,0.0,0.0027000000700354576,-0.0001999996602535248,-0.012199999764561651,-0.00010000006295740604,0.0014999997802078724,-0.0037800001446157694,-0.0005000000819563867,0.0,3.0,9.0,01-24,0.0012433346904193359
11-11,-0.06000000238418578,0.08900000154972076,-0.002499999944120645,0.0,0.0027000000700354576,-0.0001999996602535248,-0.012199999764561651,-0.00010000006295740604,0.0014999997802078724,-0.0037800001446157694,-0.0005000000819563867,0.0,3.0,9.0,01-25,0.001159999946442743
11-12,-0.06999999284744263,0.08900000154972076,-0.002499999944120645,0.0,0.0027000000700354576,-0.003700000233948231,-0.002299999818205833,-0.00010000006295740604,0.0014999997802078724,-0.0037800001446157694,-0.0005000000819563867,0.0,3.0,9.0,01-26,0.0008600006888930997
11-13,-0.08000001311302185,0.10899999737739564,-0.002499999944120645,0.0,0.0027000000700354576,-0.0054999999701976785,-0.002299999818205833,-0.00010000006295740604,0.0014999997802078724,-0.0037800001446157694,-0.0005000000819563867,0.0,3.0,9.0,01-27,0.0015433320077136161
11-14,-0.06999999284744263,0.10899999737739564,-0.002499999944120645,0.0,0.0027000000700354576,-0.0054999999701976785,-0.002299999818205833,-0.00010000006295740604,0.0014999997802078724,-0.0037800001446157694,0.0004999998491257429,0.0,4.0,8.0,01-28,0.0024600003574353955
11-15,-0.09000000357627869,0.10899999737739564,-0.002499999944120645,0.0,0.0027000000700354576,-0.0054999999701976785,-0.002299999818205833,-0.00010000006295740604,0.0014999997802078724,-0.003500000108033419,0.0004999998491257429,0.0,4.0,8.0,01-29,0.0008166661330809196
11-16,-0.09000000357627869,0.10899999737739564,-0.026499999221414328,0.0,0.0027000000700354576,-0.007400000002235173,-0.002299999818205833,0.0018899997230619192,0.0014999997802078724,0.0,0.0004999998491257429,0.0,5.0,7.0,01-30,-0.0008841671515256166
11-17,-0.09000000357627869,0.10899999737739564,-0.026499999221414328,0.0,0.0027000000700354576,-0.007400000002235173,-0.002299999818205833,0.0018899997230619192,0.0014999997802078724,0.0,0.0004999998491257429,0.0,5.0,7.0,01-31,-0.0008841671515256166
11-18,-0.07010000944137572,0.10899999737739564,-0.026499999221414328,0.0,0.0027000000700354576,-0.007400000002235173,-0.002299999818205833,0.0018899997230619192,0.003500000108033419,0.0,0.0004999998491257429,0.0,5.0,7.0,02-01,0.0009408323870350918
11-19,0.009900003671646118,0.10899999737739564,-0.026499999221414328,0.0,0.0027000000700354576,-0.002099999692291021,-0.002299999818205833,0.0018899997230619192,0.002499999944120645,0.0,0.0004999998491257429,0.0,6.0,5.0,02-02,0.007965833491956195
11-20,-0.019999980926513672,0.10899999737739564,-0.026499999221414328,0.0,0.0027000000700354576,-0.002099999692291021,-0.002299999818205833,0.0018899997230619192,0.002499999944120645,0.0,0.0004999998491257429,0.0,5.0,6.0,02-03,0.005474168108776212
11-21,-0.0599999725818634,0.10899999737739564,-0.026499999221414328,0.0,0.0027000000700354576,-0.002099999692291021,-0.002299999818205833,0.0018899997230619192,0.002499999944120645,0.0,0.0004999998491257429,0.0,5.0,6.0,02-04,0.0021408354708304014
11-22,-0.0599999725818634,0.10899999737739564,-0.026499999221414328,0.0,-0.0054999999701976785,-0.002099999692291021,-0.002299999818205833,0.0018899997230619192,0.002499999944120645,0.0,0.0004999998491257429,0.0,4.0,7.0,02-05,0.0014575021341443062
11-23,-0.0599999725818634,0.10899999737739564,-0.026499999221414328,0.0,-0.0054999999701976785,-0.002099999692291021,-0.002299999818205833,0.0018899997230619192,0.002499999944120645,0.0,0.000699999975040555,0.0,4.0,7.0,02-06,0.0014741688113038738
11-24,-0.044699996709823615,0.10899999737739564,-0.004999999888241291,0.0,-0.0054999999701976785,-0.002099999692291021,-0.002299999818205833,0.0018899997230619192,0.002499999944120645,0.0,0.000699999975040555,0.0,4.0,7.0,02-07,0.004540833411738277
11-25,-0.03999999165534973,0.10899999737739564,-0.004999999888241291,0.0,-0.0054999999701976785,-0.002099999692291021,-0.002299999818205833,0.0018899997230619192,0.002499999944120645,0.0,0.000699999975040555,0.0,4.0,7.0,02-08,0.004932500499611099
11-26,-0.04989999532699585,0.10899999737739564,-0.004999999888241291,0.0,-0.0054999999701976785,-0.002099999692291021,-0.002299999818205833,0.0019899997860193253,0.002499999944120645,0.0,0.000699999975040555,0.0,4.0,7.0,02-09,0.004115833532220374
11-27,-0.04989999532699585,0.10899999737739564,-0.004999999888241291,0.0,-0.0054999999701976785,-0.002099999692291021,-0.002299999818205833,0.0019899997860193253,0.002499999944120645,0.0,0.000699999975040555,0.0,4.0,7.0,02-10,0.004115833532220374
11-28,0.019999980926513672,0.10899999737739564,-0.004999999888241291,0.0,-0.0054999999701976785,-0.002099999692291021,-0.002299999818205833,0.0019899997860193253,0.002499999944120645,0.0,0.000699999975040555,0.0,5.0,6.0,02-11,0.009940831553346166
11-29,0.03000000119209289,0.10899999737739564,-0.004999999888241291,0.0,-0.0054999999701976785,-0.001600000075995922,-0.002299999818205833,0.0019899997860193253,0.002499999944120645,0.0,0.000699999975040555,0.0,5.0,6.0,02-12,0.010815833210169028
11-30,0.03000000119209289,0.10899999737739564,-0.004999999888241291,0.0,-0.0020000003278255467,-0.001600000075995922,-0.002299999818205833,0.0019899997860193253,0.002499999944120645,0.0,0.000699999975040555,0.0,5.0,6.0,02-13,0.011107499847033372
12-01,0.02500000596046448,0.10899999737739564,-0.004999999888241291,0.0,-0.0020000003278255467,-0.001600000075995922,-0.002299999818205833,0.0019899997860193253,0.003000000026077032,0.002499999944120645,0.000699999975040555,0.0,6.0,5.0,02-14,0.010940833579904087
12-02,0.02500000596046448,0.10899999737739564,-0.004999999888241291,0.0,-0.0020000003278255467,-0.001600000075995922,-0.002299999818205833,0.0019899997860193253,0.003000000026077032,0.004999999888241291,0.000699999975040555,0.0,6.0,5.0,02-15,0.01114916690858081
12-03,-0.06499999761581421,0.08900000154972076,-0.005500000435858965,0.0,-0.0020000003278255467,-0.001600000075995922,-0.002299999818205833,0.0019899997860193253,0.003000000026077032,0.004999999888241291,0.000699999975040555,0.0,5.0,6.0,02-16,0.0019408335792832079
12-04,-0.06499999761581421,0.08900000154972076,-0.005500000435858965,0.0,-0.0020000003278255467,-0.001600000075995922,-0.002299999818205833,0.0019899997860193253,0.003000000026077032,0.004999999888241291,0.000699999975040555,0.0,5.0,6.0,02-17,0.0019408335792832079
12-05,-0.009900003671646118,0.08900000154972076,-0.005500000435858965,0.0,-0.0020000003278255467,-0.001600000075995922,-0.002299999818205833,0.0019899997860193253,0.003000000026077032,0.004999999888241291,0.000699999975040555,0.0,5.0,6.0,02-18,0.006532499741297215
12-06,0.03000000119209289,0.08900000154972076,-0.005500000435858965,0.0,-0.0020000003278255467,-0.001600000075995922,-0.004199999384582043,0.0019899997860193253,0.003000000026077032,0.004999999888241291,0.000699999975040555,0.0,6.0,5.0,02-19,0.009699166849410782
12-07,0.03000000119209289,0.10999999940395357,-0.019499999936670058,0.0,-0.0020000003278255467,-0.001600000075995922,-0.004199999384582043,0.0019899997860193253,0.003000000026077032,0.004999999888241291,0.000699999975040555,0.0,6.0,5.0,02-20,0.010282500045529256
12-08,0.03999999165534973,0.119999997317791,-0.019499999936670058,0.0,-0.0020000003278255467,-0.001600000075995922,-0.004199999384582043,0.0019899997860193253,0.003000000026077032,0.004999999888241291,0.000699999975040555,0.0,6.0,5.0,02-21,0.011949165743620446
12-09,-0.029900014400482174,0.08900000154972076,-0.005500000435858965,0.0,-0.0020000003278255467,-0.001600000075995922,-0.004199999384582043,0.0019899997860193253,0.0064999996684491634,0.004999999888241291,0.000699999975040555,0.0,5.0,6.0,02-22,0.004999165520227204
12-10,0.08000001311302185,0.11899999529123305,-0.005500000435858965,0.0,0.0010000001639127733,-0.001600000075995922,-0.0026999996043741703,0.0019899997860193253,0.0064999996684491634,0.004999999888241291,0.000699999975040555,0.0,7.0,4.0,02-23,0.01703250064747408
12-11,-0.21980002522468567,0.11899999529123305,-0.005500000435858965,0.0,0.0010000001639127733,-0.001600000075995922,-0.0026999996043741703,0.0019899997860193253,0.0064999996684491634,0.004999999888241291,0.000699999975040555,0.0,6.0,5.0,02-24,-0.007950835880668214
12-12,-0.2288999855518341,0.11899999529123305,-0.005500000435858965,0.0,0.002199999988079071,-0.001600000075995922,-0.0026999996043741703,0.0019899997860193253,0.0064999996684491634,0.004999999888241291,0.000699999975040555,0.0,6.0,5.0,02-25,-0.008609165922583392
12-13,-0.219899982213974,0.11899999529123305,-0.005500000435858965,0.0,0.002199999988079071,-0.001600000075995922,-0.0026999996043741703,0.0019899997860193253,0.006449999753385782,0.004999999888241291,0.000699999975040555,0.0,6.0,5.0,02-26,-0.007863332304016998
12-14,-0.219899982213974,0.11899999529123305,-0.005500000435858965,0.0,0.002199999988079071,-0.001600000075995922,-0.0026999996043741703,0.0019899997860193253,0.006449999753385782,0.004999999888241291,0.000699999975040555,0.0,6.0,5.0,02-27,-0.007863332304016998
12-15,-0.0999000072479248,0.11899999529123305,-0.005500000435858965,0.0,0.002199999988079071,-0.001600000075995922,-0.0026999996043741703,0.0019899997860193253,0.006449999753385782,0.004999999888241291,0.000699999975040555,0.0,6.0,5.0,02-28,0.0021366656098204357
12-16,-0.10989999771118164,0.10999999940395357,-0.004500000271946192,0.0,0.002199999988079071,-0.001600000075995922,-0.0026999996043741703,0.0019899997860193253,0.006449999753385782,0.004999999888241291,0.000699999975040555,0.0,6.0,5.0,03-01,0.0006366667609351376
12-17,0.010099977254867555,0.10000000149011612,-0.000699999975040555,0.0,0.002199999988079071,-0.0010000001639127733,-0.0026999996043741703,-0.0007599999662488699,0.006449999753385782,0.004999999888241291,0.000699999975040555,0.0,6.0,5.0,03-02,0.009940831553346166
12-18,0.02009999752044677,0.09000000357627869,-0.000699999975040555,0.0,0.002199999988079071,-0.0010000001639127733,-0.0026999996043741703,-0.0007599999662488699,0.006449999753385782,0.004999999888241291,0.000699999975040555,0.0,6.0,5.0,03-03,0.009940833415991316
12-19,9.998679161071776e-05,0.09000000357627869,-0.000699999975040555,0.0,0.002199999988079071,-0.0014000004157423973,-0.0026999996043741703,-0.0007599999662488699,0.006449999753385782,0.004999999888241291,0.000699999975040555,0.0,6.0,5.0,03-04,0.008240832500935843
12-20,0.009999990463256836,0.09000000357627869,-0.000699999975040555,0.0,0.002199999988079071,-0.0014000004157423973,-0.0026999996043741703,-0.0007599999662488699,0.006449999753385782,0.004999999888241291,0.000800000037997961,0.0,6.0,5.0,03-05,0.009074166145486135
12-21,0.009999990463256836,0.07999999821186066,-0.000699999975040555,0.0,0.002199999988079071,-0.0019000000320374968,-0.0026999996043741703,-0.0007599999662488699,0.006449999753385782,0.004600000567734242,0.000800000037997961,0.0,6.0,5.0,03-06,0.008165832453717789
12-22,-0.010000020265579224,0.09999999403953552,-0.00139999995008111,0.0,0.002199999988079071,-0.0019000000320374968,-0.0026999996043741703,-0.0007599999662488699,0.006449999753385782,0.004600000567734242,0.000800000037997961,0.0,5.0,6.0,03-07,0.008107497880700977
12-23,0.09999999403953552,0.09999999403953552,-0.0015000002458691595,0.0,0.002199999988079071,-0.0019000000320374968,-0.00139999995008111,-0.0007599999662488699,0.005999999586492778,0.004999999888241291,0.000800000037997961,0.0,6.0,5.0,03-08,0.017369998948803794
12-24,0.12999999523162842,0.09999999403953552,-0.0002000001259148121,0.0,0.002199999988079071,-0.0019000000320374968,-0.00139999995008111,-0.0007599999662488699,0.005999999586492778,0.004999999888241291,0.000800000037997961,0.0,6.0,5.0,03-09,0.0199783323914744
12-26,0.2598999738693237,0.09999999403953552,-0.0002000001259148121,0.0,0.002199999988079071,-0.0019000000320374968,-0.0011999998241662981,-0.0007599999662488699,0.005999999586492778,0.0010000001639127733,0.000800000037997961,0.0,6.0,5.0,03-11,0.0304866639780812
12-27,0.2799000144004822,0.09999999403953552,-0.0002000001259148121,0.0,0.002199999988079071,-0.0019000000320374968,-0.0011999998241662981,-0.0007599999662488699,0.005999999586492778,0.0010000001639127733,0.000800000037997961,0.0,6.0,5.0,03-12,0.0321533340223444
12-28,0.2799000144004822,0.09999999403953552,-0.0002000001259148121,0.0,0.002199999988079071,-0.0019000000320374968,-0.0011999998241662981,-0.0007599999662488699,0.005999999586492778,0.0010000001639127733,-0.015399999218061566,0.0,5.0,6.0,03-13,0.030803334084339436
12-29,0.2800000011920929,0.08999998867511749,0.0004999998491257429,0.0,0.002199999988079071,-0.0019000000320374968,-0.0011999998241662981,-0.0007599999662488699,0.005769999697804451,0.0010000001639127733,-0.015399999218061566,0.0,6.0,5.0,03-14,0.03001749921046818
12-30,0.2199000120162964,0.09999999403953552,0.0,0.0,0.002199999988079071,-0.0019000000320374968,-0.0011999998241662981,-0.0007599999662488699,0.005769999697804451,0.0010000001639127733,-0.015399999218061566,0.0,5.0,6.0,03-15,0.025800833905426163
12-31,0.19910001754760745,0.09999999403953552,0.0,0.0,0.002199999988079071,-0.0019000000320374968,-0.0011999998241662981,-0.0007599999662488699,0.005769999697804451,0.0010000001639127733,0.00010000006295740604,0.0,6.0,5.0,03-16,0.025359167639787003
